ID,Severity,State,City,County,Street,Start_Time,Description,text_len,dataset_track,source_id,source_label,official_url,country,emirate,district,road_name
A-88,2.0,OH,City 38,County 8,Highway 88,2016-02-08 07:39:07,Accident reported on Highway 88 causing major traffic backup for 4 miles (case 88). Police on scene.,100,us,,,,,,,
A-4378,2.0,OH,City 28,County 18,Highway 78,2016-02-08 07:39:07,Accident reported on Highway 78 causing major traffic backup for 4 miles (case 4378). Police on scene.,102,us,,,,,,,
A-1501,2.0,OH,City 1,County 1,Highway 1,2016-02-08 07:39:07,Accident reported on Highway 1 causing major traffic backup for 2 miles (case 1501). Police on scene.,101,us,,,,,,,
A-657,2.0,OH,City 7,County 17,Highway 57,2016-02-08 07:39:07,Accident reported on Highway 57 causing major traffic backup for 3 miles (case 657). Police on scene.,101,us,,,,,,,
A-881,2.0,OH,City 31,County 1,Highway 81,2016-02-08 07:39:07,Accident reported on Highway 81 causing major traffic backup for 2 miles (case 881). Police on scene.,101,us,,,,,,,
A-4883,2.0,OH,City 33,County 3,Highway 83,2016-02-08 07:39:07,Accident reported on Highway 83 causing major traffic backup for 4 miles (case 4883). Police on scene.,102,us,,,,,,,
A-161,2.0,OH,City 11,County 1,Highway 61,2016-02-08 07:39:07,Accident reported on Highway 61 causing major traffic backup for 2 miles (case 161). Police on scene.,101,us,,,,,,,
A-3615,2.0,OH,City 15,County 15,Highway 15,2016-02-08 07:39:07,Accident reported on Highway 15 causing major traffic backup for 1 miles (case 3615). Police on scene.,102,us,,,,,,,
A-755,2.0,OH,City 5,County 15,Highway 55,2016-02-08 07:39:07,Accident reported on Highway 55 causing major traffic backup for 1 miles (case 755). Police on scene.,101,us,,,,,,,
A-2826,2.0,OH,City 26,County 6,Highway 26,2016-02-08 07:39:07,Accident reported on Highway 26 causing major traffic backup for 2 miles (case 2826). Police on scene.,102,us,,,,,,,
A-3965,2.0,OH,City 15,County 5,Highway 65,2016-02-08 07:39:07,Accident reported on Highway 65 causing major traffic backup for 1 miles (case 3965). Police on scene.,102,us,,,,,,,
A-728,2.0,OH,City 28,County 8,Highway 28,2016-02-08 07:39:07,Accident reported on Highway 28 causing major traffic backup for 4 miles (case 728). Police on scene.,101,us,,,,,,,
A-1727,2.0,OH,City 27,County 7,Highway 27,2016-02-08 07:39:07,Accident reported on Highway 27 causing major traffic backup for 3 miles (case 1727). Police on scene.,102,us,,,,,,,
A-4530,2.0,OH,City 30,County 10,Highway 30,2016-02-08 07:39:07,Accident reported on Highway 30 causing major traffic backup for 1 miles (case 4530). Police on scene.,102,us,,,,,,,
A-3107,2.0,OH,City 7,County 7,Highway 7,2016-02-08 07:39:07,Accident reported on Highway 7 causing major traffic backup for 3 miles (case 3107). Police on scene.,101,us,,,,,,,
A-252,2.0,OH,City 2,County 12,Highway 52,2016-02-08 07:39:07,Accident reported on Highway 52 causing major traffic backup for 3 miles (case 252). Police on scene.,101,us,,,,,,,
A-1906,2.0,OH,City 6,County 6,Highway 6,2016-02-08 07:39:07,Accident reported on Highway 6 causing major traffic backup for 2 miles (case 1906). Police on scene.,101,us,,,,,,,
A-4258,2.0,OH,City 8,County 18,Highway 58,2016-02-08 07:39:07,Accident reported on Highway 58 causing major traffic backup for 4 miles (case 4258). Police on scene.,102,us,,,,,,,
A-590,2.0,OH,City 40,County 10,Highway 90,2016-02-08 07:39:07,Accident reported on Highway 90 causing major traffic backup for 1 miles (case 590). Police on scene.,101,us,,,,,,,
A-1417,2.0,OH,City 17,County 17,Highway 17,2016-02-08 07:39:07,Accident reported on Highway 17 causing major traffic backup for 3 miles (case 1417). Police on scene.,102,us,,,,,,,
A-1396,2.0,OH,City 46,County 16,Highway 96,2016-02-08 07:39:07,Accident reported on Highway 96 causing major traffic backup for 2 miles (case 1396). Police on scene.,102,us,,,,,,,
A-3172,2.0,OH,City 22,County 12,Highway 72,2016-02-08 07:39:07,Accident reported on Highway 72 causing major traffic backup for 3 miles (case 3172). Police on scene.,102,us,,,,,,,
A-2104,2.0,OH,City 4,County 4,Highway 4,2016-02-08 07:39:07,Accident reported on Highway 4 causing major traffic backup for 5 miles (case 2104). Police on scene.,101,us,,,,,,,
A-4734,2.0,OH,City 34,County 14,Highway 34,2016-02-08 07:39:07,Accident reported on Highway 34 causing major traffic backup for 5 miles (case 4734). Police on scene.,102,us,,,,,,,
A-4228,2.0,OH,City 28,County 8,Highway 28,2016-02-08 07:39:07,Accident reported on Highway 28 causing major traffic backup for 4 miles (case 4228). Police on scene.,102,us,,,,,,,
A-3267,2.0,OH,City 17,County 7,Highway 67,2016-02-08 07:39:07,Accident reported on Highway 67 causing major traffic backup for 3 miles (case 3267). Police on scene.,102,us,,,,,,,
A-1587,2.0,OH,City 37,County 7,Highway 87,2016-02-08 07:39:07,Accident reported on Highway 87 causing major traffic backup for 3 miles (case 1587). Police on scene.,102,us,,,,,,,
A-893,2.0,OH,City 43,County 13,Highway 93,2016-02-08 07:39:07,Accident reported on Highway 93 causing major traffic backup for 4 miles (case 893). Police on scene.,101,us,,,,,,,
A-2817,2.0,OH,City 17,County 17,Highway 17,2016-02-08 07:39:07,Accident reported on Highway 17 causing major traffic backup for 3 miles (case 2817). Police on scene.,102,us,,,,,,,
A-3176,2.0,OH,City 26,County 16,Highway 76,2016-02-08 07:39:07,Accident reported on Highway 76 causing major traffic backup for 2 miles (case 3176). Police on scene.,102,us,,,,,,,
A-3696,2.0,OH,City 46,County 16,Highway 96,2016-02-08 07:39:07,Accident reported on Highway 96 causing major traffic backup for 2 miles (case 3696). Police on scene.,102,us,,,,,,,
A-397,2.0,OH,City 47,County 17,Highway 97,2016-02-08 07:39:07,Accident reported on Highway 97 causing major traffic backup for 3 miles (case 397). Police on scene.,101,us,,,,,,,
A-33,2.0,OH,City 33,County 13,Highway 33,2016-02-08 07:39:07,Accident reported on Highway 33 causing major traffic backup for 4 miles (case 33). Police on scene.,100,us,,,,,,,
A-1121,2.0,OH,City 21,County 1,Highway 21,2016-02-08 07:39:07,Accident reported on Highway 21 causing major traffic backup for 2 miles (case 1121). Police on scene.,102,us,,,,,,,
A-420,2.0,OH,City 20,County 0,Highway 20,2016-02-08 07:39:07,Accident reported on Highway 20 causing major traffic backup for 1 miles (case 420). Police on scene.,101,us,,,,,,,
A-581,2.0,OH,City 31,County 1,Highway 81,2016-02-08 07:39:07,Accident reported on Highway 81 causing major traffic backup for 2 miles (case 581). Police on scene.,101,us,,,,,,,
A-1053,2.0,OH,City 3,County 13,Highway 53,2016-02-08 07:39:07,Accident reported on Highway 53 causing major traffic backup for 4 miles (case 1053). Police on scene.,102,us,,,,,,,
A-2472,2.0,OH,City 22,County 12,Highway 72,2016-02-08 07:39:07,Accident reported on Highway 72 causing major traffic backup for 3 miles (case 2472). Police on scene.,102,us,,,,,,,
A-2131,2.0,OH,City 31,County 11,Highway 31,2016-02-08 07:39:07,Accident reported on Highway 31 causing major traffic backup for 2 miles (case 2131). Police on scene.,102,us,,,,,,,
A-2589,2.0,OH,City 39,County 9,Highway 89,2016-02-08 07:39:07,Accident reported on Highway 89 causing major traffic backup for 5 miles (case 2589). Police on scene.,102,us,,,,,,,
A-3650,2.0,OH,City 0,County 10,Highway 50,2016-02-08 07:39:07,Accident reported on Highway 50 causing major traffic backup for 1 miles (case 3650). Police on scene.,102,us,,,,,,,
A-3678,2.0,OH,City 28,County 18,Highway 78,2016-02-08 07:39:07,Accident reported on Highway 78 causing major traffic backup for 4 miles (case 3678). Police on scene.,102,us,,,,,,,
A-430,2.0,OH,City 30,County 10,Highway 30,2016-02-08 07:39:07,Accident reported on Highway 30 causing major traffic backup for 1 miles (case 430). Police on scene.,101,us,,,,,,,
A-3002,2.0,OH,City 2,County 2,Highway 2,2016-02-08 07:39:07,Accident reported on Highway 2 causing major traffic backup for 3 miles (case 3002). Police on scene.,101,us,,,,,,,
A-234,2.0,OH,City 34,County 14,Highway 34,2016-02-08 07:39:07,Accident reported on Highway 34 causing major traffic backup for 5 miles (case 234). Police on scene.,101,us,,,,,,,
A-3273,2.0,OH,City 23,County 13,Highway 73,2016-02-08 07:39:07,Accident reported on Highway 73 causing major traffic backup for 4 miles (case 3273). Police on scene.,102,us,,,,,,,
A-1401,2.0,OH,City 1,County 1,Highway 1,2016-02-08 07:39:07,Accident reported on Highway 1 causing major traffic backup for 2 miles (case 1401). Police on scene.,101,us,,,,,,,
A-69,2.0,OH,City 19,County 9,Highway 69,2016-02-08 07:39:07,Accident reported on Highway 69 causing major traffic backup for 5 miles (case 69). Police on scene.,100,us,,,,,,,
A-1423,2.0,OH,City 23,County 3,Highway 23,2016-02-08 07:39:07,Accident reported on Highway 23 causing major traffic backup for 4 miles (case 1423). Police on scene.,102,us,,,,,,,
A-4954,2.0,OH,City 4,County 14,Highway 54,2016-02-08 07:39:07,Accident reported on Highway 54 causing major traffic backup for 5 miles (case 4954). Police on scene.,102,us,,,,,,,
A-27,2.0,OH,City 27,County 7,Highway 27,2016-02-08 07:39:07,Accident reported on Highway 27 causing major traffic backup for 3 miles (case 27). Police on scene.,100,us,,,,,,,
A-3617,2.0,OH,City 17,County 17,Highway 17,2016-02-08 07:39:07,Accident reported on Highway 17 causing major traffic backup for 3 miles (case 3617). Police on scene.,102,us,,,,,,,
A-3141,2.0,OH,City 41,County 1,Highway 41,2016-02-08 07:39:07,Accident reported on Highway 41 causing major traffic backup for 2 miles (case 3141). Police on scene.,102,us,,,,,,,
A-1848,2.0,OH,City 48,County 8,Highway 48,2016-02-08 07:39:07,Accident reported on Highway 48 causing major traffic backup for 4 miles (case 1848). Police on scene.,102,us,,,,,,,
A-3116,2.0,OH,City 16,County 16,Highway 16,2016-02-08 07:39:07,Accident reported on Highway 16 causing major traffic backup for 2 miles (case 3116). Police on scene.,102,us,,,,,,,
A-1045,2.0,OH,City 45,County 5,Highway 45,2016-02-08 07:39:07,Accident reported on Highway 45 causing major traffic backup for 1 miles (case 1045). Police on scene.,102,us,,,,,,,
A-2710,2.0,OH,City 10,County 10,Highway 10,2016-02-08 07:39:07,Accident reported on Highway 10 causing major traffic backup for 1 miles (case 2710). Police on scene.,102,us,,,,,,,
A-110,2.0,OH,City 10,County 10,Highway 10,2016-02-08 07:39:07,Accident reported on Highway 10 causing major traffic backup for 1 miles (case 110). Police on scene.,101,us,,,,,,,
A-4100,2.0,OH,City 0,County 0,Highway 0,2016-02-08 07:39:07,Accident reported on Highway 0 causing major traffic backup for 1 miles (case 4100). Police on scene.,101,us,,,,,,,
A-3252,2.0,OH,City 2,County 12,Highway 52,2016-02-08 07:39:07,Accident reported on Highway 52 causing major traffic backup for 3 miles (case 3252). Police on scene.,102,us,,,,,,,
A-4256,2.0,OH,City 6,County 16,Highway 56,2016-02-08 07:39:07,Accident reported on Highway 56 causing major traffic backup for 2 miles (case 4256). Police on scene.,102,us,,,,,,,
A-4782,2.0,OH,City 32,County 2,Highway 82,2016-02-08 07:39:07,Accident reported on Highway 82 causing major traffic backup for 3 miles (case 4782). Police on scene.,102,us,,,,,,,
A-4556,2.0,OH,City 6,County 16,Highway 56,2016-02-08 07:39:07,Accident reported on Highway 56 causing major traffic backup for 2 miles (case 4556). Police on scene.,102,us,,,,,,,
A-973,2.0,OH,City 23,County 13,Highway 73,2016-02-08 07:39:07,Accident reported on Highway 73 causing major traffic backup for 4 miles (case 973). Police on scene.,101,us,,,,,,,
A-4329,2.0,OH,City 29,County 9,Highway 29,2016-02-08 07:39:07,Accident reported on Highway 29 causing major traffic backup for 5 miles (case 4329). Police on scene.,102,us,,,,,,,
A-377,2.0,OH,City 27,County 17,Highway 77,2016-02-08 07:39:07,Accident reported on Highway 77 causing major traffic backup for 3 miles (case 377). Police on scene.,101,us,,,,,,,
A-1733,2.0,OH,City 33,County 13,Highway 33,2016-02-08 07:39:07,Accident reported on Highway 33 causing major traffic backup for 4 miles (case 1733). Police on scene.,102,us,,,,,,,
A-2178,2.0,OH,City 28,County 18,Highway 78,2016-02-08 07:39:07,Accident reported on Highway 78 causing major traffic backup for 4 miles (case 2178). Police on scene.,102,us,,,,,,,
A-2824,2.0,OH,City 24,County 4,Highway 24,2016-02-08 07:39:07,Accident reported on Highway 24 causing major traffic backup for 5 miles (case 2824). Police on scene.,102,us,,,,,,,
A-3791,2.0,OH,City 41,County 11,Highway 91,2016-02-08 07:39:07,Accident reported on Highway 91 causing major traffic backup for 2 miles (case 3791). Police on scene.,102,us,,,,,,,
A-767,2.0,OH,City 17,County 7,Highway 67,2016-02-08 07:39:07,Accident reported on Highway 67 causing major traffic backup for 3 miles (case 767). Police on scene.,101,us,,,,,,,
A-4251,2.0,OH,City 1,County 11,Highway 51,2016-02-08 07:39:07,Accident reported on Highway 51 causing major traffic backup for 2 miles (case 4251). Police on scene.,102,us,,,,,,,
A-1866,2.0,OH,City 16,County 6,Highway 66,2016-02-08 07:39:07,Accident reported on Highway 66 causing major traffic backup for 2 miles (case 1866). Police on scene.,102,us,,,,,,,
A-3924,2.0,OH,City 24,County 4,Highway 24,2016-02-08 07:39:07,Accident reported on Highway 24 causing major traffic backup for 5 miles (case 3924). Police on scene.,102,us,,,,,,,
A-3662,2.0,OH,City 12,County 2,Highway 62,2016-02-08 07:39:07,Accident reported on Highway 62 causing major traffic backup for 3 miles (case 3662). Police on scene.,102,us,,,,,,,
A-4235,2.0,OH,City 35,County 15,Highway 35,2016-02-08 07:39:07,Accident reported on Highway 35 causing major traffic backup for 1 miles (case 4235). Police on scene.,102,us,,,,,,,
A-4344,2.0,OH,City 44,County 4,Highway 44,2016-02-08 07:39:07,Accident reported on Highway 44 causing major traffic backup for 5 miles (case 4344). Police on scene.,102,us,,,,,,,
A-300,2.0,OH,City 0,County 0,Highway 0,2016-02-08 07:39:07,Accident reported on Highway 0 causing major traffic backup for 1 miles (case 300). Police on scene.,100,us,,,,,,,
A-1416,2.0,OH,City 16,County 16,Highway 16,2016-02-08 07:39:07,Accident reported on Highway 16 causing major traffic backup for 2 miles (case 1416). Police on scene.,102,us,,,,,,,
A-1334,2.0,OH,City 34,County 14,Highway 34,2016-02-08 07:39:07,Accident reported on Highway 34 causing major traffic backup for 5 miles (case 1334). Police on scene.,102,us,,,,,,,
A-1374,2.0,OH,City 24,County 14,Highway 74,2016-02-08 07:39:07,Accident reported on Highway 74 causing major traffic backup for 5 miles (case 1374). Police on scene.,102,us,,,,,,,
A-814,2.0,OH,City 14,County 14,Highway 14,2016-02-08 07:39:07,Accident reported on Highway 14 causing major traffic backup for 5 miles (case 814). Police on scene.,101,us,,,,,,,
A-4396,2.0,OH,City 46,County 16,Highway 96,2016-02-08 07:39:07,Accident reported on Highway 96 causing major traffic backup for 2 miles (case 4396). Police on scene.,102,us,,,,,,,
A-4227,2.0,OH,City 27,County 7,Highway 27,2016-02-08 07:39:07,Accident reported on Highway 27 causing major traffic backup for 3 miles (case 4227). Police on scene.,102,us,,,,,,,
A-509,2.0,OH,City 9,County 9,Highway 9,2016-02-08 07:39:07,Accident reported on Highway 9 causing major traffic backup for 5 miles (case 509). Police on scene.,100,us,,,,,,,
A-4769,2.0,OH,City 19,County 9,Highway 69,2016-02-08 07:39:07,Accident reported on Highway 69 causing major traffic backup for 5 miles (case 4769). Police on scene.,102,us,,,,,,,
A-2840,2.0,OH,City 40,County 0,Highway 40,2016-02-08 07:39:07,Accident reported on Highway 40 causing major traffic backup for 1 miles (case 2840). Police on scene.,102,us,,,,,,,
A-172,2.0,OH,City 22,County 12,Highway 72,2016-02-08 07:39:07,Accident reported on Highway 72 causing major traffic backup for 3 miles (case 172). Police on scene.,101,us,,,,,,,
A-2292,2.0,OH,City 42,County 12,Highway 92,2016-02-08 07:39:07,Accident reported on Highway 92 causing major traffic backup for 3 miles (case 2292). Police on scene.,102,us,,,,,,,
A-1098,2.0,OH,City 48,County 18,Highway 98,2016-02-08 07:39:07,Accident reported on Highway 98 causing major traffic backup for 4 miles (case 1098). Police on scene.,102,us,,,,,,,
A-83,2.0,OH,City 33,County 3,Highway 83,2016-02-08 07:39:07,Accident reported on Highway 83 causing major traffic backup for 4 miles (case 83). Police on scene.,100,us,,,,,,,
A-3882,2.0,OH,City 32,County 2,Highway 82,2016-02-08 07:39:07,Accident reported on Highway 82 causing major traffic backup for 3 miles (case 3882). Police on scene.,102,us,,,,,,,
A-2647,2.0,OH,City 47,County 7,Highway 47,2016-02-08 07:39:07,Accident reported on Highway 47 causing major traffic backup for 3 miles (case 2647). Police on scene.,102,us,,,,,,,
A-4829,2.0,OH,City 29,County 9,Highway 29,2016-02-08 07:39:07,Accident reported on Highway 29 causing major traffic backup for 5 miles (case 4829). Police on scene.,102,us,,,,,,,
A-4455,2.0,OH,City 5,County 15,Highway 55,2016-02-08 07:39:07,Accident reported on Highway 55 causing major traffic backup for 1 miles (case 4455). Police on scene.,102,us,,,,,,,
A-2523,2.0,OH,City 23,County 3,Highway 23,2016-02-08 07:39:07,Accident reported on Highway 23 causing major traffic backup for 4 miles (case 2523). Police on scene.,102,us,,,,,,,
A-3690,2.0,OH,City 40,County 10,Highway 90,2016-02-08 07:39:07,Accident reported on Highway 90 causing major traffic backup for 1 miles (case 3690). Police on scene.,102,us,,,,,,,
A-2981,2.0,OH,City 31,County 1,Highway 81,2016-02-08 07:39:07,Accident reported on Highway 81 causing major traffic backup for 2 miles (case 2981). Police on scene.,102,us,,,,,,,
A-1378,2.0,OH,City 28,County 18,Highway 78,2016-02-08 07:39:07,Accident reported on Highway 78 causing major traffic backup for 4 miles (case 1378). Police on scene.,102,us,,,,,,,
A-231,2.0,OH,City 31,County 11,Highway 31,2016-02-08 07:39:07,Accident reported on Highway 31 causing major traffic backup for 2 miles (case 231). Police on scene.,101,us,,,,,,,
A-3139,2.0,OH,City 39,County 19,Highway 39,2016-02-08 07:39:07,Accident reported on Highway 39 causing major traffic backup for 5 miles (case 3139). Police on scene.,102,us,,,,,,,
A-2316,2.0,OH,City 16,County 16,Highway 16,2016-02-08 07:39:07,Accident reported on Highway 16 causing major traffic backup for 2 miles (case 2316). Police on scene.,102,us,,,,,,,
A-4825,2.0,OH,City 25,County 5,Highway 25,2016-02-08 07:39:07,Accident reported on Highway 25 causing major traffic backup for 1 miles (case 4825). Police on scene.,102,us,,,,,,,
A-1877,2.0,OH,City 27,County 17,Highway 77,2016-02-08 07:39:07,Accident reported on Highway 77 causing major traffic backup for 3 miles (case 1877). Police on scene.,102,us,,,,,,,
A-203,2.0,OH,City 3,County 3,Highway 3,2016-02-08 07:39:07,Accident reported on Highway 3 causing major traffic backup for 4 miles (case 203). Police on scene.,100,us,,,,,,,
A-4593,2.0,OH,City 43,County 13,Highway 93,2016-02-08 07:39:07,Accident reported on Highway 93 causing major traffic backup for 4 miles (case 4593). Police on scene.,102,us,,,,,,,
A-3903,2.0,OH,City 3,County 3,Highway 3,2016-02-08 07:39:07,Accident reported on Highway 3 causing major traffic backup for 4 miles (case 3903). Police on scene.,101,us,,,,,,,
A-1264,2.0,OH,City 14,County 4,Highway 64,2016-02-08 07:39:07,Accident reported on Highway 64 causing major traffic backup for 5 miles (case 1264). Police on scene.,102,us,,,,,,,
A-3338,2.0,OH,City 38,County 18,Highway 38,2016-02-08 07:39:07,Accident reported on Highway 38 causing major traffic backup for 4 miles (case 3338). Police on scene.,102,us,,,,,,,
A-1060,2.0,OH,City 10,County 0,Highway 60,2016-02-08 07:39:07,Accident reported on Highway 60 causing major traffic backup for 1 miles (case 1060). Police on scene.,102,us,,,,,,,
A-1736,2.0,OH,City 36,County 16,Highway 36,2016-02-08 07:39:07,Accident reported on Highway 36 causing major traffic backup for 2 miles (case 1736). Police on scene.,102,us,,,,,,,
A-833,2.0,OH,City 33,County 13,Highway 33,2016-02-08 07:39:07,Accident reported on Highway 33 causing major traffic backup for 4 miles (case 833). Police on scene.,101,us,,,,,,,
A-4871,2.0,OH,City 21,County 11,Highway 71,2016-02-08 07:39:07,Accident reported on Highway 71 causing major traffic backup for 2 miles (case 4871). Police on scene.,102,us,,,,,,,
A-2652,2.0,OH,City 2,County 12,Highway 52,2016-02-08 07:39:07,Accident reported on Highway 52 causing major traffic backup for 3 miles (case 2652). Police on scene.,102,us,,,,,,,
A-2966,2.0,OH,City 16,County 6,Highway 66,2016-02-08 07:39:07,Accident reported on Highway 66 causing major traffic backup for 2 miles (case 2966). Police on scene.,102,us,,,,,,,
A-4878,2.0,OH,City 28,County 18,Highway 78,2016-02-08 07:39:07,Accident reported on Highway 78 causing major traffic backup for 4 miles (case 4878). Police on scene.,102,us,,,,,,,
A-1059,2.0,OH,City 9,County 19,Highway 59,2016-02-08 07:39:07,Accident reported on Highway 59 causing major traffic backup for 5 miles (case 1059). Police on scene.,102,us,,,,,,,
A-2306,2.0,OH,City 6,County 6,Highway 6,2016-02-08 07:39:07,Accident reported on Highway 6 causing major traffic backup for 2 miles (case 2306). Police on scene.,101,us,,,,,,,
A-1759,2.0,OH,City 9,County 19,Highway 59,2016-02-08 07:39:07,Accident reported on Highway 59 causing major traffic backup for 5 miles (case 1759). Police on scene.,102,us,,,,,,,
A-4414,2.0,OH,City 14,County 14,Highway 14,2016-02-08 07:39:07,Accident reported on Highway 14 causing major traffic backup for 5 miles (case 4414). Police on scene.,102,us,,,,,,,
A-3163,2.0,OH,City 13,County 3,Highway 63,2016-02-08 07:39:07,Accident reported on Highway 63 causing major traffic backup for 4 miles (case 3163). Police on scene.,102,us,,,,,,,
A-1056,2.0,OH,City 6,County 16,Highway 56,2016-02-08 07:39:07,Accident reported on Highway 56 causing major traffic backup for 2 miles (case 1056). Police on scene.,102,us,,,,,,,
A-4759,2.0,OH,City 9,County 19,Highway 59,2016-02-08 07:39:07,Accident reported on Highway 59 causing major traffic backup for 5 miles (case 4759). Police on scene.,102,us,,,,,,,
A-3004,2.0,OH,City 4,County 4,Highway 4,2016-02-08 07:39:07,Accident reported on Highway 4 causing major traffic backup for 5 miles (case 3004). Police on scene.,101,us,,,,,,,
A-900,2.0,OH,City 0,County 0,Highway 0,2016-02-08 07:39:07,Accident reported on Highway 0 causing major traffic backup for 1 miles (case 900). Police on scene.,100,us,,,,,,,
A-2214,2.0,OH,City 14,County 14,Highway 14,2016-02-08 07:39:07,Accident reported on Highway 14 causing major traffic backup for 5 miles (case 2214). Police on scene.,102,us,,,,,,,
A-2107,2.0,OH,City 7,County 7,Highway 7,2016-02-08 07:39:07,Accident reported on Highway 7 causing major traffic backup for 3 miles (case 2107). Police on scene.,101,us,,,,,,,
A-1812,2.0,OH,City 12,County 12,Highway 12,2016-02-08 07:39:07,Accident reported on Highway 12 causing major traffic backup for 3 miles (case 1812). Police on scene.,102,us,,,,,,,
A-495,2.0,OH,City 45,County 15,Highway 95,2016-02-08 07:39:07,Accident reported on Highway 95 causing major traffic backup for 1 miles (case 495). Police on scene.,101,us,,,,,,,
A-4711,2.0,OH,City 11,County 11,Highway 11,2016-02-08 07:39:07,Accident reported on Highway 11 causing major traffic backup for 2 miles (case 4711). Police on scene.,102,us,,,,,,,
A-3080,2.0,OH,City 30,County 0,Highway 80,2016-02-08 07:39:07,Accident reported on Highway 80 causing major traffic backup for 1 miles (case 3080). Police on scene.,102,us,,,,,,,
A-1895,2.0,OH,City 45,County 15,Highway 95,2016-02-08 07:39:07,Accident reported on Highway 95 causing major traffic backup for 1 miles (case 1895). Police on scene.,102,us,,,,,,,
A-2099,2.0,OH,City 49,County 19,Highway 99,2016-02-08 07:39:07,Accident reported on Highway 99 causing major traffic backup for 5 miles (case 2099). Police on scene.,102,us,,,,,,,
A-3673,2.0,OH,City 23,County 13,Highway 73,2016-02-08 07:39:07,Accident reported on Highway 73 causing major traffic backup for 4 miles (case 3673). Police on scene.,102,us,,,,,,,
A-2217,2.0,OH,City 17,County 17,Highway 17,2016-02-08 07:39:07,Accident reported on Highway 17 causing major traffic backup for 3 miles (case 2217). Police on scene.,102,us,,,,,,,
A-2788,2.0,OH,City 38,County 8,Highway 88,2016-02-08 07:39:07,Accident reported on Highway 88 causing major traffic backup for 4 miles (case 2788). Police on scene.,102,us,,,,,,,
A-3686,2.0,OH,City 36,County 6,Highway 86,2016-02-08 07:39:07,Accident reported on Highway 86 causing major traffic backup for 2 miles (case 3686). Police on scene.,102,us,,,,,,,
A-1721,2.0,OH,City 21,County 1,Highway 21,2016-02-08 07:39:07,Accident reported on Highway 21 causing major traffic backup for 2 miles (case 1721). Police on scene.,102,us,,,,,,,
A-4628,2.0,OH,City 28,County 8,Highway 28,2016-02-08 07:39:07,Accident reported on Highway 28 causing major traffic backup for 4 miles (case 4628). Police on scene.,102,us,,,,,,,
A-183,2.0,OH,City 33,County 3,Highway 83,2016-02-08 07:39:07,Accident reported on Highway 83 causing major traffic backup for 4 miles (case 183). Police on scene.,101,us,,,,,,,
A-1755,2.0,OH,City 5,County 15,Highway 55,2016-02-08 07:39:07,Accident reported on Highway 55 causing major traffic backup for 1 miles (case 1755). Police on scene.,102,us,,,,,,,
A-4090,2.0,OH,City 40,County 10,Highway 90,2016-02-08 07:39:07,Accident reported on Highway 90 causing major traffic backup for 1 miles (case 4090). Police on scene.,102,us,,,,,,,
A-1440,2.0,OH,City 40,County 0,Highway 40,2016-02-08 07:39:07,Accident reported on Highway 40 causing major traffic backup for 1 miles (case 1440). Police on scene.,102,us,,,,,,,
A-3210,2.0,OH,City 10,County 10,Highway 10,2016-02-08 07:39:07,Accident reported on Highway 10 causing major traffic backup for 1 miles (case 3210). Police on scene.,102,us,,,,,,,
A-3404,2.0,OH,City 4,County 4,Highway 4,2016-02-08 07:39:07,Accident reported on Highway 4 causing major traffic backup for 5 miles (case 3404). Police on scene.,101,us,,,,,,,
A-1107,2.0,OH,City 7,County 7,Highway 7,2016-02-08 07:39:07,Accident reported on Highway 7 causing major traffic backup for 3 miles (case 1107). Police on scene.,101,us,,,,,,,
A-3070,2.0,OH,City 20,County 10,Highway 70,2016-02-08 07:39:07,Accident reported on Highway 70 causing major traffic backup for 1 miles (case 3070). Police on scene.,102,us,,,,,,,
A-1038,2.0,OH,City 38,County 18,Highway 38,2016-02-08 07:39:07,Accident reported on Highway 38 causing major traffic backup for 4 miles (case 1038). Police on scene.,102,us,,,,,,,
A-981,2.0,OH,City 31,County 1,Highway 81,2016-02-08 07:39:07,Accident reported on Highway 81 causing major traffic backup for 2 miles (case 981). Police on scene.,101,us,,,,,,,
A-12,2.0,OH,City 12,County 12,Highway 12,2016-02-08 07:39:07,Accident reported on Highway 12 causing major traffic backup for 3 miles (case 12). Police on scene.,100,us,,,,,,,
A-4962,2.0,OH,City 12,County 2,Highway 62,2016-02-08 07:39:07,Accident reported on Highway 62 causing major traffic backup for 3 miles (case 4962). Police on scene.,102,us,,,,,,,
A-4284,2.0,OH,City 34,County 4,Highway 84,2016-02-08 07:39:07,Accident reported on Highway 84 causing major traffic backup for 5 miles (case 4284). Police on scene.,102,us,,,,,,,
A-816,2.0,OH,City 16,County 16,Highway 16,2016-02-08 07:39:07,Accident reported on Highway 16 causing major traffic backup for 2 miles (case 816). Police on scene.,101,us,,,,,,,
A-148,2.0,OH,City 48,County 8,Highway 48,2016-02-08 07:39:07,Accident reported on Highway 48 causing major traffic backup for 4 miles (case 148). Police on scene.,101,us,,,,,,,
A-637,2.0,OH,City 37,County 17,Highway 37,2016-02-08 07:39:07,Accident reported on Highway 37 causing major traffic backup for 3 miles (case 637). Police on scene.,101,us,,,,,,,
A-3970,2.0,OH,City 20,County 10,Highway 70,2016-02-08 07:39:07,Accident reported on Highway 70 causing major traffic backup for 1 miles (case 3970). Police on scene.,102,us,,,,,,,
A-2736,2.0,OH,City 36,County 16,Highway 36,2016-02-08 07:39:07,Accident reported on Highway 36 causing major traffic backup for 2 miles (case 2736). Police on scene.,102,us,,,,,,,
A-1366,2.0,OH,City 16,County 6,Highway 66,2016-02-08 07:39:07,Accident reported on Highway 66 causing major traffic backup for 2 miles (case 1366). Police on scene.,102,us,,,,,,,
A-155,2.0,OH,City 5,County 15,Highway 55,2016-02-08 07:39:07,Accident reported on Highway 55 causing major traffic backup for 1 miles (case 155). Police on scene.,101,us,,,,,,,
A-4797,2.0,OH,City 47,County 17,Highway 97,2016-02-08 07:39:07,Accident reported on Highway 97 causing major traffic backup for 3 miles (case 4797). Police on scene.,102,us,,,,,,,
A-1051,2.0,OH,City 1,County 11,Highway 51,2016-02-08 07:39:07,Accident reported on Highway 51 causing major traffic backup for 2 miles (case 1051). Police on scene.,102,us,,,,,,,
A-2105,2.0,OH,City 5,County 5,Highway 5,2016-02-08 07:39:07,Accident reported on Highway 5 causing major traffic backup for 1 miles (case 2105). Police on scene.,101,us,,,,,,,
A-791,2.0,OH,City 41,County 11,Highway 91,2016-02-08 07:39:07,Accident reported on Highway 91 causing major traffic backup for 2 miles (case 791). Police on scene.,101,us,,,,,,,
A-4008,2.0,OH,City 8,County 8,Highway 8,2016-02-08 07:39:07,Accident reported on Highway 8 causing major traffic backup for 4 miles (case 4008). Police on scene.,101,us,,,,,,,
A-3578,2.0,OH,City 28,County 18,Highway 78,2016-02-08 07:39:07,Accident reported on Highway 78 causing major traffic backup for 4 miles (case 3578). Police on scene.,102,us,,,,,,,
A-2455,2.0,OH,City 5,County 15,Highway 55,2016-02-08 07:39:07,Accident reported on Highway 55 causing major traffic backup for 1 miles (case 2455). Police on scene.,102,us,,,,,,,
A-2886,2.0,OH,City 36,County 6,Highway 86,2016-02-08 07:39:07,Accident reported on Highway 86 causing major traffic backup for 2 miles (case 2886). Police on scene.,102,us,,,,,,,
A-3675,2.0,OH,City 25,County 15,Highway 75,2016-02-08 07:39:07,Accident reported on Highway 75 causing major traffic backup for 1 miles (case 3675). Police on scene.,102,us,,,,,,,
A-1613,2.0,OH,City 13,County 13,Highway 13,2016-02-08 07:39:07,Accident reported on Highway 13 causing major traffic backup for 4 miles (case 1613). Police on scene.,102,us,,,,,,,
A-3759,2.0,OH,City 9,County 19,Highway 59,2016-02-08 07:39:07,Accident reported on Highway 59 causing major traffic backup for 5 miles (case 3759). Police on scene.,102,us,,,,,,,
A-4021,2.0,OH,City 21,County 1,Highway 21,2016-02-08 07:39:07,Accident reported on Highway 21 causing major traffic backup for 2 miles (case 4021). Police on scene.,102,us,,,,,,,
A-2137,2.0,OH,City 37,County 17,Highway 37,2016-02-08 07:39:07,Accident reported on Highway 37 causing major traffic backup for 3 miles (case 2137). Police on scene.,102,us,,,,,,,
A-1817,2.0,OH,City 17,County 17,Highway 17,2016-02-08 07:39:07,Accident reported on Highway 17 causing major traffic backup for 3 miles (case 1817). Police on scene.,102,us,,,,,,,
A-1987,2.0,OH,City 37,County 7,Highway 87,2016-02-08 07:39:07,Accident reported on Highway 87 causing major traffic backup for 3 miles (case 1987). Police on scene.,102,us,,,,,,,
A-4250,2.0,OH,City 0,County 10,Highway 50,2016-02-08 07:39:07,Accident reported on Highway 50 causing major traffic backup for 1 miles (case 4250). Police on scene.,102,us,,,,,,,
A-1395,2.0,OH,City 45,County 15,Highway 95,2016-02-08 07:39:07,Accident reported on Highway 95 causing major traffic backup for 1 miles (case 1395). Police on scene.,102,us,,,,,,,
A-283,2.0,OH,City 33,County 3,Highway 83,2016-02-08 07:39:07,Accident reported on Highway 83 causing major traffic backup for 4 miles (case 283). Police on scene.,101,us,,,,,,,
A-104,2.0,OH,City 4,County 4,Highway 4,2016-02-08 07:39:07,Accident reported on Highway 4 causing major traffic backup for 5 miles (case 104). Police on scene.,100,us,,,,,,,
A-2896,2.0,OH,City 46,County 16,Highway 96,2016-02-08 07:39:07,Accident reported on Highway 96 causing major traffic backup for 2 miles (case 2896). Police on scene.,102,us,,,,,,,
A-1224,2.0,OH,City 24,County 4,Highway 24,2016-02-08 07:39:07,Accident reported on Highway 24 causing major traffic backup for 5 miles (case 1224). Police on scene.,102,us,,,,,,,
A-2993,2.0,OH,City 43,County 13,Highway 93,2016-02-08 07:39:07,Accident reported on Highway 93 causing major traffic backup for 4 miles (case 2993). Police on scene.,102,us,,,,,,,
A-1945,2.0,OH,City 45,County 5,Highway 45,2016-02-08 07:39:07,Accident reported on Highway 45 causing major traffic backup for 1 miles (case 1945). Police on scene.,102,us,,,,,,,
A-1843,2.0,OH,City 43,County 3,Highway 43,2016-02-08 07:39:07,Accident reported on Highway 43 causing major traffic backup for 4 miles (case 1843). Police on scene.,102,us,,,,,,,
A-3964,2.0,OH,City 14,County 4,Highway 64,2016-02-08 07:39:07,Accident reported on Highway 64 causing major traffic backup for 5 miles (case 3964). Police on scene.,102,us,,,,,,,
A-735,2.0,OH,City 35,County 15,Highway 35,2016-02-08 07:39:07,Accident reported on Highway 35 causing major traffic backup for 1 miles (case 735). Police on scene.,101,us,,,,,,,
A-244,2.0,OH,City 44,County 4,Highway 44,2016-02-08 07:39:07,Accident reported on Highway 44 causing major traffic backup for 5 miles (case 244). Police on scene.,101,us,,,,,,,
A-3620,2.0,OH,City 20,County 0,Highway 20,2016-02-08 07:39:07,Accident reported on Highway 20 causing major traffic backup for 1 miles (case 3620). Police on scene.,102,us,,,,,,,
A-1627,2.0,OH,City 27,County 7,Highway 27,2016-02-08 07:39:07,Accident reported on Highway 27 causing major traffic backup for 3 miles (case 1627). Police on scene.,102,us,,,,,,,
A-1105,2.0,OH,City 5,County 5,Highway 5,2016-02-08 07:39:07,Accident reported on Highway 5 causing major traffic backup for 1 miles (case 1105). Police on scene.,101,us,,,,,,,
A-3870,2.0,OH,City 20,County 10,Highway 70,2016-02-08 07:39:07,Accident reported on Highway 70 causing major traffic backup for 1 miles (case 3870). Police on scene.,102,us,,,,,,,
A-501,2.0,OH,City 1,County 1,Highway 1,2016-02-08 07:39:07,Accident reported on Highway 1 causing major traffic backup for 2 miles (case 501). Police on scene.,100,us,,,,,,,
A-2090,2.0,OH,City 40,County 10,Highway 90,2016-02-08 07:39:07,Accident reported on Highway 90 causing major traffic backup for 1 miles (case 2090). Police on scene.,102,us,,,,,,,
A-4080,2.0,OH,City 30,County 0,Highway 80,2016-02-08 07:39:07,Accident reported on Highway 80 causing major traffic backup for 1 miles (case 4080). Police on scene.,102,us,,,,,,,
A-4202,2.0,OH,City 2,County 2,Highway 2,2016-02-08 07:39:07,Accident reported on Highway 2 causing major traffic backup for 3 miles (case 4202). Police on scene.,101,us,,,,,,,
A-4177,2.0,OH,City 27,County 17,Highway 77,2016-02-08 07:39:07,Accident reported on Highway 77 causing major traffic backup for 3 miles (case 4177). Police on scene.,102,us,,,,,,,
A-476,2.0,OH,City 26,County 16,Highway 76,2016-02-08 07:39:07,Accident reported on Highway 76 causing major traffic backup for 2 miles (case 476). Police on scene.,101,us,,,,,,,
A-1925,2.0,OH,City 25,County 5,Highway 25,2016-02-08 07:39:07,Accident reported on Highway 25 causing major traffic backup for 1 miles (case 1925). Police on scene.,102,us,,,,,,,
A-3293,2.0,OH,City 43,County 13,Highway 93,2016-02-08 07:39:07,Accident reported on Highway 93 causing major traffic backup for 4 miles (case 3293). Police on scene.,102,us,,,,,,,
A-588,2.0,OH,City 38,County 8,Highway 88,2016-02-08 07:39:07,Accident reported on Highway 88 causing major traffic backup for 4 miles (case 588). Police on scene.,101,us,,,,,,,
A-3201,2.0,OH,City 1,County 1,Highway 1,2016-02-08 07:39:07,Accident reported on Highway 1 causing major traffic backup for 2 miles (case 3201). Police on scene.,101,us,,,,,,,
A-4292,2.0,OH,City 42,County 12,Highway 92,2016-02-08 07:39:07,Accident reported on Highway 92 causing major traffic backup for 3 miles (case 4292). Police on scene.,102,us,,,,,,,
A-4285,2.0,OH,City 35,County 5,Highway 85,2016-02-08 07:39:07,Accident reported on Highway 85 causing major traffic backup for 1 miles (case 4285). Police on scene.,102,us,,,,,,,
A-4377,2.0,OH,City 27,County 17,Highway 77,2016-02-08 07:39:07,Accident reported on Highway 77 causing major traffic backup for 3 miles (case 4377). Police on scene.,102,us,,,,,,,
A-1235,2.0,OH,City 35,County 15,Highway 35,2016-02-08 07:39:07,Accident reported on Highway 35 causing major traffic backup for 1 miles (case 1235). Police on scene.,102,us,,,,,,,
A-659,2.0,OH,City 9,County 19,Highway 59,2016-02-08 07:39:07,Accident reported on Highway 59 causing major traffic backup for 5 miles (case 659). Police on scene.,101,us,,,,,,,
A-1296,2.0,OH,City 46,County 16,Highway 96,2016-02-08 07:39:07,Accident reported on Highway 96 causing major traffic backup for 2 miles (case 1296). Police on scene.,102,us,,,,,,,
A-2350,2.0,OH,City 0,County 10,Highway 50,2016-02-08 07:39:07,Accident reported on Highway 50 causing major traffic backup for 1 miles (case 2350). Police on scene.,102,us,,,,,,,
A-3279,2.0,OH,City 29,County 19,Highway 79,2016-02-08 07:39:07,Accident reported on Highway 79 causing major traffic backup for 5 miles (case 3279). Police on scene.,102,us,,,,,,,
A-4363,2.0,OH,City 13,County 3,Highway 63,2016-02-08 07:39:07,Accident reported on Highway 63 causing major traffic backup for 4 miles (case 4363). Police on scene.,102,us,,,,,,,
A-232,2.0,OH,City 32,County 12,Highway 32,2016-02-08 07:39:07,Accident reported on Highway 32 causing major traffic backup for 3 miles (case 232). Police on scene.,101,us,,,,,,,
A-37,2.0,OH,City 37,County 17,Highway 37,2016-02-08 07:39:07,Accident reported on Highway 37 causing major traffic backup for 3 miles (case 37). Police on scene.,100,us,,,,,,,
A-2779,2.0,OH,City 29,County 19,Highway 79,2016-02-08 07:39:07,Accident reported on Highway 79 causing major traffic backup for 5 miles (case 2779). Police on scene.,102,us,,,,,,,
A-842,2.0,OH,City 42,County 2,Highway 42,2016-02-08 07:39:07,Accident reported on Highway 42 causing major traffic backup for 3 miles (case 842). Police on scene.,101,us,,,,,,,
A-1274,2.0,OH,City 24,County 14,Highway 74,2016-02-08 07:39:07,Accident reported on Highway 74 causing major traffic backup for 5 miles (case 1274). Police on scene.,102,us,,,,,,,
A-3138,2.0,OH,City 38,County 18,Highway 38,2016-02-08 07:39:07,Accident reported on Highway 38 causing major traffic backup for 4 miles (case 3138). Police on scene.,102,us,,,,,,,
A-4096,2.0,OH,City 46,County 16,Highway 96,2016-02-08 07:39:07,Accident reported on Highway 96 causing major traffic backup for 2 miles (case 4096). Police on scene.,102,us,,,,,,,
A-2454,2.0,OH,City 4,County 14,Highway 54,2016-02-08 07:39:07,Accident reported on Highway 54 causing major traffic backup for 5 miles (case 2454). Police on scene.,102,us,,,,,,,
A-603,2.0,OH,City 3,County 3,Highway 3,2016-02-08 07:39:07,Accident reported on Highway 3 causing major traffic backup for 4 miles (case 603). Police on scene.,100,us,,,,,,,
A-4330,2.0,OH,City 30,County 10,Highway 30,2016-02-08 07:39:07,Accident reported on Highway 30 causing major traffic backup for 1 miles (case 4330). Police on scene.,102,us,,,,,,,
A-3274,2.0,OH,City 24,County 14,Highway 74,2016-02-08 07:39:07,Accident reported on Highway 74 causing major traffic backup for 5 miles (case 3274). Police on scene.,102,us,,,,,,,
A-2706,2.0,OH,City 6,County 6,Highway 6,2016-02-08 07:39:07,Accident reported on Highway 6 causing major traffic backup for 2 miles (case 2706). Police on scene.,101,us,,,,,,,
A-426,2.0,OH,City 26,County 6,Highway 26,2016-02-08 07:39:07,Accident reported on Highway 26 causing major traffic backup for 2 miles (case 426). Police on scene.,101,us,,,,,,,
A-4657,2.0,OH,City 7,County 17,Highway 57,2016-02-08 07:39:07,Accident reported on Highway 57 causing major traffic backup for 3 miles (case 4657). Police on scene.,102,us,,,,,,,
A-1936,2.0,OH,City 36,County 16,Highway 36,2016-02-08 07:39:07,Accident reported on Highway 36 causing major traffic backup for 2 miles (case 1936). Police on scene.,102,us,,,,,,,
A-3652,2.0,OH,City 2,County 12,Highway 52,2016-02-08 07:39:07,Accident reported on Highway 52 causing major traffic backup for 3 miles (case 3652). Police on scene.,102,us,,,,,,,
A-1807,2.0,OH,City 7,County 7,Highway 7,2016-02-08 07:39:07,Accident reported on Highway 7 causing major traffic backup for 3 miles (case 1807). Police on scene.,101,us,,,,,,,
A-4824,2.0,OH,City 24,County 4,Highway 24,2016-02-08 07:39:07,Accident reported on Highway 24 causing major traffic backup for 5 miles (case 4824). Police on scene.,102,us,,,,,,,
A-2492,2.0,OH,City 42,County 12,Highway 92,2016-02-08 07:39:07,Accident reported on Highway 92 causing major traffic backup for 3 miles (case 2492). Police on scene.,102,us,,,,,,,
A-4464,2.0,OH,City 14,County 4,Highway 64,2016-02-08 07:39:07,Accident reported on Highway 64 causing major traffic backup for 5 miles (case 4464). Police on scene.,102,us,,,,,,,
A-2142,2.0,OH,City 42,County 2,Highway 42,2016-02-08 07:39:07,Accident reported on Highway 42 causing major traffic backup for 3 miles (case 2142). Police on scene.,102,us,,,,,,,
A-301,2.0,OH,City 1,County 1,Highway 1,2016-02-08 07:39:07,Accident reported on Highway 1 causing major traffic backup for 2 miles (case 301). Police on scene.,100,us,,,,,,,
A-3300,2.0,OH,City 0,County 0,Highway 0,2016-02-08 07:39:07,Accident reported on Highway 0 causing major traffic backup for 1 miles (case 3300). Police on scene.,101,us,,,,,,,
A-2757,2.0,OH,City 7,County 17,Highway 57,2016-02-08 07:39:07,Accident reported on Highway 57 causing major traffic backup for 3 miles (case 2757). Police on scene.,102,us,,,,,,,
A-2076,2.0,OH,City 26,County 16,Highway 76,2016-02-08 07:39:07,Accident reported on Highway 76 causing major traffic backup for 2 miles (case 2076). Police on scene.,102,us,,,,,,,
A-3102,2.0,OH,City 2,County 2,Highway 2,2016-02-08 07:39:07,Accident reported on Highway 2 causing major traffic backup for 3 miles (case 3102). Police on scene.,101,us,,,,,,,
A-542,2.0,OH,City 42,County 2,Highway 42,2016-02-08 07:39:07,Accident reported on Highway 42 causing major traffic backup for 3 miles (case 542). Police on scene.,101,us,,,,,,,
A-1773,2.0,OH,City 23,County 13,Highway 73,2016-02-08 07:39:07,Accident reported on Highway 73 causing major traffic backup for 4 miles (case 1773). Police on scene.,102,us,,,,,,,
A-3954,2.0,OH,City 4,County 14,Highway 54,2016-02-08 07:39:07,Accident reported on Highway 54 causing major traffic backup for 5 miles (case 3954). Police on scene.,102,us,,,,,,,
A-1130,2.0,OH,City 30,County 10,Highway 30,2016-02-08 07:39:07,Accident reported on Highway 30 causing major traffic backup for 1 miles (case 1130). Police on scene.,102,us,,,,,,,
A-1688,2.0,OH,City 38,County 8,Highway 88,2016-02-08 07:39:07,Accident reported on Highway 88 causing major traffic backup for 4 miles (case 1688). Police on scene.,102,us,,,,,,,
A-4291,2.0,OH,City 41,County 11,Highway 91,2016-02-08 07:39:07,Accident reported on Highway 91 causing major traffic backup for 2 miles (case 4291). Police on scene.,102,us,,,,,,,
A-3512,2.0,OH,City 12,County 12,Highway 12,2016-02-08 07:39:07,Accident reported on Highway 12 causing major traffic backup for 3 miles (case 3512). Police on scene.,102,us,,,,,,,
A-4614,2.0,OH,City 14,County 14,Highway 14,2016-02-08 07:39:07,Accident reported on Highway 14 causing major traffic backup for 5 miles (case 4614). Police on scene.,102,us,,,,,,,
A-4588,2.0,OH,City 38,County 8,Highway 88,2016-02-08 07:39:07,Accident reported on Highway 88 causing major traffic backup for 4 miles (case 4588). Police on scene.,102,us,,,,,,,
A-489,2.0,OH,City 39,County 9,Highway 89,2016-02-08 07:39:07,Accident reported on Highway 89 causing major traffic backup for 5 miles (case 489). Police on scene.,101,us,,,,,,,
A-4184,2.0,OH,City 34,County 4,Highway 84,2016-02-08 07:39:07,Accident reported on Highway 84 causing major traffic backup for 5 miles (case 4184). Police on scene.,102,us,,,,,,,
A-687,2.0,OH,City 37,County 7,Highway 87,2016-02-08 07:39:07,Accident reported on Highway 87 causing major traffic backup for 3 miles (case 687). Police on scene.,101,us,,,,,,,
A-472,2.0,OH,City 22,County 12,Highway 72,2016-02-08 07:39:07,Accident reported on Highway 72 causing major traffic backup for 3 miles (case 472). Police on scene.,101,us,,,,,,,
A-3825,2.0,OH,City 25,County 5,Highway 25,2016-02-08 07:39:07,Accident reported on Highway 25 causing major traffic backup for 1 miles (case 3825). Police on scene.,102,us,,,,,,,
A-4287,2.0,OH,City 37,County 7,Highway 87,2016-02-08 07:39:07,Accident reported on Highway 87 causing major traffic backup for 3 miles (case 4287). Police on scene.,102,us,,,,,,,
A-548,2.0,OH,City 48,County 8,Highway 48,2016-02-08 07:39:07,Accident reported on Highway 48 causing major traffic backup for 4 miles (case 548). Police on scene.,101,us,,,,,,,
A-1636,2.0,OH,City 36,County 16,Highway 36,2016-02-08 07:39:07,Accident reported on Highway 36 causing major traffic backup for 2 miles (case 1636). Police on scene.,102,us,,,,,,,
A-2774,2.0,OH,City 24,County 14,Highway 74,2016-02-08 07:39:07,Accident reported on Highway 74 causing major traffic backup for 5 miles (case 2774). Police on scene.,102,us,,,,,,,
A-4259,2.0,OH,City 9,County 19,Highway 59,2016-02-08 07:39:07,Accident reported on Highway 59 causing major traffic backup for 5 miles (case 4259). Police on scene.,102,us,,,,,,,
A-3198,2.0,OH,City 48,County 18,Highway 98,2016-02-08 07:39:07,Accident reported on Highway 98 causing major traffic backup for 4 miles (case 3198). Police on scene.,102,us,,,,,,,
A-737,2.0,OH,City 37,County 17,Highway 37,2016-02-08 07:39:07,Accident reported on Highway 37 causing major traffic backup for 3 miles (case 737). Police on scene.,101,us,,,,,,,
A-4810,2.0,OH,City 10,County 10,Highway 10,2016-02-08 07:39:07,Accident reported on Highway 10 causing major traffic backup for 1 miles (case 4810). Police on scene.,102,us,,,,,,,
A-2019,2.0,OH,City 19,County 19,Highway 19,2016-02-08 07:39:07,Accident reported on Highway 19 causing major traffic backup for 5 miles (case 2019). Police on scene.,102,us,,,,,,,
A-2280,2.0,OH,City 30,County 0,Highway 80,2016-02-08 07:39:07,Accident reported on Highway 80 causing major traffic backup for 1 miles (case 2280). Police on scene.,102,us,,,,,,,
A-565,2.0,OH,City 15,County 5,Highway 65,2016-02-08 07:39:07,Accident reported on Highway 65 causing major traffic backup for 1 miles (case 565). Police on scene.,101,us,,,,,,,
A-897,2.0,OH,City 47,County 17,Highway 97,2016-02-08 07:39:07,Accident reported on Highway 97 causing major traffic backup for 3 miles (case 897). Police on scene.,101,us,,,,,,,
A-3113,2.0,OH,City 13,County 13,Highway 13,2016-02-08 07:39:07,Accident reported on Highway 13 causing major traffic backup for 4 miles (case 3113). Police on scene.,102,us,,,,,,,
A-1618,2.0,OH,City 18,County 18,Highway 18,2016-02-08 07:39:07,Accident reported on Highway 18 causing major traffic backup for 4 miles (case 1618). Police on scene.,102,us,,,,,,,
A-3520,2.0,OH,City 20,County 0,Highway 20,2016-02-08 07:39:07,Accident reported on Highway 20 causing major traffic backup for 1 miles (case 3520). Police on scene.,102,us,,,,,,,
A-3575,2.0,OH,City 25,County 15,Highway 75,2016-02-08 07:39:07,Accident reported on Highway 75 causing major traffic backup for 1 miles (case 3575). Police on scene.,102,us,,,,,,,
A-153,2.0,OH,City 3,County 13,Highway 53,2016-02-08 07:39:07,Accident reported on Highway 53 causing major traffic backup for 4 miles (case 153). Police on scene.,101,us,,,,,,,
A-1835,2.0,OH,City 35,County 15,Highway 35,2016-02-08 07:39:07,Accident reported on Highway 35 causing major traffic backup for 1 miles (case 1835). Police on scene.,102,us,,,,,,,
A-1475,2.0,OH,City 25,County 15,Highway 75,2016-02-08 07:39:07,Accident reported on Highway 75 causing major traffic backup for 1 miles (case 1475). Police on scene.,102,us,,,,,,,
A-2026,2.0,OH,City 26,County 6,Highway 26,2016-02-08 07:39:07,Accident reported on Highway 26 causing major traffic backup for 2 miles (case 2026). Police on scene.,102,us,,,,,,,
A-16,2.0,OH,City 16,County 16,Highway 16,2016-02-08 07:39:07,Accident reported on Highway 16 causing major traffic backup for 2 miles (case 16). Police on scene.,100,us,,,,,,,
A-2388,2.0,OH,City 38,County 8,Highway 88,2016-02-08 07:39:07,Accident reported on Highway 88 causing major traffic backup for 4 miles (case 2388). Police on scene.,102,us,,,,,,,
A-4880,2.0,OH,City 30,County 0,Highway 80,2016-02-08 07:39:07,Accident reported on Highway 80 causing major traffic backup for 1 miles (case 4880). Police on scene.,102,us,,,,,,,
A-3168,2.0,OH,City 18,County 8,Highway 68,2016-02-08 07:39:07,Accident reported on Highway 68 causing major traffic backup for 4 miles (case 3168). Police on scene.,102,us,,,,,,,
A-418,2.0,OH,City 18,County 18,Highway 18,2016-02-08 07:39:07,Accident reported on Highway 18 causing major traffic backup for 4 miles (case 418). Police on scene.,101,us,,,,,,,
A-3958,2.0,OH,City 8,County 18,Highway 58,2016-02-08 07:39:07,Accident reported on Highway 58 causing major traffic backup for 4 miles (case 3958). Police on scene.,102,us,,,,,,,
A-4942,2.0,OH,City 42,County 2,Highway 42,2016-02-08 07:39:07,Accident reported on Highway 42 causing major traffic backup for 3 miles (case 4942). Police on scene.,102,us,,,,,,,
A-3487,2.0,OH,City 37,County 7,Highway 87,2016-02-08 07:39:07,Accident reported on Highway 87 causing major traffic backup for 3 miles (case 3487). Police on scene.,102,us,,,,,,,
A-845,2.0,OH,City 45,County 5,Highway 45,2016-02-08 07:39:07,Accident reported on Highway 45 causing major traffic backup for 1 miles (case 845). Police on scene.,101,us,,,,,,,
A-1864,2.0,OH,City 14,County 4,Highway 64,2016-02-08 07:39:07,Accident reported on Highway 64 causing major traffic backup for 5 miles (case 1864). Police on scene.,102,us,,,,,,,
A-4566,2.0,OH,City 16,County 6,Highway 66,2016-02-08 07:39:07,Accident reported on Highway 66 causing major traffic backup for 2 miles (case 4566). Police on scene.,102,us,,,,,,,
A-1077,2.0,OH,City 27,County 17,Highway 77,2016-02-08 07:39:07,Accident reported on Highway 77 causing major traffic backup for 3 miles (case 1077). Police on scene.,102,us,,,,,,,
A-769,2.0,OH,City 19,County 9,Highway 69,2016-02-08 07:39:07,Accident reported on Highway 69 causing major traffic backup for 5 miles (case 769). Police on scene.,101,us,,,,,,,
A-3915,2.0,OH,City 15,County 15,Highway 15,2016-02-08 07:39:07,Accident reported on Highway 15 causing major traffic backup for 1 miles (case 3915). Police on scene.,102,us,,,,,,,
A-4758,2.0,OH,City 8,County 18,Highway 58,2016-02-08 07:39:07,Accident reported on Highway 58 causing major traffic backup for 4 miles (case 4758). Police on scene.,102,us,,,,,,,
A-4056,2.0,OH,City 6,County 16,Highway 56,2016-02-08 07:39:07,Accident reported on Highway 56 causing major traffic backup for 2 miles (case 4056). Police on scene.,102,us,,,,,,,
A-1133,2.0,OH,City 33,County 13,Highway 33,2016-02-08 07:39:07,Accident reported on Highway 33 causing major traffic backup for 4 miles (case 1133). Police on scene.,102,us,,,,,,,
A-490,2.0,OH,City 40,County 10,Highway 90,2016-02-08 07:39:07,Accident reported on Highway 90 causing major traffic backup for 1 miles (case 490). Police on scene.,101,us,,,,,,,
A-3794,2.0,OH,City 44,County 14,Highway 94,2016-02-08 07:39:07,Accident reported on Highway 94 causing major traffic backup for 5 miles (case 3794). Police on scene.,102,us,,,,,,,
A-3050,2.0,OH,City 0,County 10,Highway 50,2016-02-08 07:39:07,Accident reported on Highway 50 causing major traffic backup for 1 miles (case 3050). Police on scene.,102,us,,,,,,,
A-2598,2.0,OH,City 48,County 18,Highway 98,2016-02-08 07:39:07,Accident reported on Highway 98 causing major traffic backup for 4 miles (case 2598). Police on scene.,102,us,,,,,,,
A-3359,2.0,OH,City 9,County 19,Highway 59,2016-02-08 07:39:07,Accident reported on Highway 59 causing major traffic backup for 5 miles (case 3359). Police on scene.,102,us,,,,,,,
A-1042,2.0,OH,City 42,County 2,Highway 42,2016-02-08 07:39:07,Accident reported on Highway 42 causing major traffic backup for 3 miles (case 1042). Police on scene.,102,us,,,,,,,
A-1448,2.0,OH,City 48,County 8,Highway 48,2016-02-08 07:39:07,Accident reported on Highway 48 causing major traffic backup for 4 miles (case 1448). Police on scene.,102,us,,,,,,,
A-469,2.0,OH,City 19,County 9,Highway 69,2016-02-08 07:39:07,Accident reported on Highway 69 causing major traffic backup for 5 miles (case 469). Police on scene.,101,us,,,,,,,
A-4416,2.0,OH,City 16,County 16,Highway 16,2016-02-08 07:39:07,Accident reported on Highway 16 causing major traffic backup for 2 miles (case 4416). Police on scene.,102,us,,,,,,,
A-2501,2.0,OH,City 1,County 1,Highway 1,2016-02-08 07:39:07,Accident reported on Highway 1 causing major traffic backup for 2 miles (case 2501). Police on scene.,101,us,,,,,,,
A-136,2.0,OH,City 36,County 16,Highway 36,2016-02-08 07:39:07,Accident reported on Highway 36 causing major traffic backup for 2 miles (case 136). Police on scene.,101,us,,,,,,,
A-4996,2.0,OH,City 46,County 16,Highway 96,2016-02-08 07:39:07,Accident reported on Highway 96 causing major traffic backup for 2 miles (case 4996). Police on scene.,102,us,,,,,,,
A-3382,2.0,OH,City 32,County 2,Highway 82,2016-02-08 07:39:07,Accident reported on Highway 82 causing major traffic backup for 3 miles (case 3382). Police on scene.,102,us,,,,,,,
A-4204,2.0,OH,City 4,County 4,Highway 4,2016-02-08 07:39:07,Accident reported on Highway 4 causing major traffic backup for 5 miles (case 4204). Police on scene.,101,us,,,,,,,
A-2526,2.0,OH,City 26,County 6,Highway 26,2016-02-08 07:39:07,Accident reported on Highway 26 causing major traffic backup for 2 miles (case 2526). Police on scene.,102,us,,,,,,,
A-1309,2.0,OH,City 9,County 9,Highway 9,2016-02-08 07:39:07,Accident reported on Highway 9 causing major traffic backup for 5 miles (case 1309). Police on scene.,101,us,,,,,,,
A-4692,2.0,OH,City 42,County 12,Highway 92,2016-02-08 07:39:07,Accident reported on Highway 92 causing major traffic backup for 3 miles (case 4692). Police on scene.,102,us,,,,,,,
A-1099,2.0,OH,City 49,County 19,Highway 99,2016-02-08 07:39:07,Accident reported on Highway 99 causing major traffic backup for 5 miles (case 1099). Police on scene.,102,us,,,,,,,
A-291,2.0,OH,City 41,County 11,Highway 91,2016-02-08 07:39:07,Accident reported on Highway 91 causing major traffic backup for 2 miles (case 291). Police on scene.,101,us,,,,,,,
A-1669,2.0,OH,City 19,County 9,Highway 69,2016-02-08 07:39:07,Accident reported on Highway 69 causing major traffic backup for 5 miles (case 1669). Police on scene.,102,us,,,,,,,
A-4853,2.0,OH,City 3,County 13,Highway 53,2016-02-08 07:39:07,Accident reported on Highway 53 causing major traffic backup for 4 miles (case 4853). Police on scene.,102,us,,,,,,,
A-4186,2.0,OH,City 36,County 6,Highway 86,2016-02-08 07:39:07,Accident reported on Highway 86 causing major traffic backup for 2 miles (case 4186). Police on scene.,102,us,,,,,,,
A-1239,2.0,OH,City 39,County 19,Highway 39,2016-02-08 07:39:07,Accident reported on Highway 39 causing major traffic backup for 5 miles (case 1239). Police on scene.,102,us,,,,,,,
A-3698,2.0,OH,City 48,County 18,Highway 98,2016-02-08 07:39:07,Accident reported on Highway 98 causing major traffic backup for 4 miles (case 3698). Police on scene.,102,us,,,,,,,
A-1616,2.0,OH,City 16,County 16,Highway 16,2016-02-08 07:39:07,Accident reported on Highway 16 causing major traffic backup for 2 miles (case 1616). Police on scene.,102,us,,,,,,,
A-4641,2.0,OH,City 41,County 1,Highway 41,2016-02-08 07:39:07,Accident reported on Highway 41 causing major traffic backup for 2 miles (case 4641). Police on scene.,102,us,,,,,,,
A-3143,2.0,OH,City 43,County 3,Highway 43,2016-02-08 07:39:07,Accident reported on Highway 43 causing major traffic backup for 4 miles (case 3143). Police on scene.,102,us,,,,,,,
A-3230,2.0,OH,City 30,County 10,Highway 30,2016-02-08 07:39:07,Accident reported on Highway 30 causing major traffic backup for 1 miles (case 3230). Police on scene.,102,us,,,,,,,
A-2909,2.0,OH,City 9,County 9,Highway 9,2016-02-08 07:39:07,Accident reported on Highway 9 causing major traffic backup for 5 miles (case 2909). Police on scene.,101,us,,,,,,,
A-811,2.0,OH,City 11,County 11,Highway 11,2016-02-08 07:39:07,Accident reported on Highway 11 causing major traffic backup for 2 miles (case 811). Police on scene.,101,us,,,,,,,
A-3669,2.0,OH,City 19,County 9,Highway 69,2016-02-08 07:39:07,Accident reported on Highway 69 causing major traffic backup for 5 miles (case 3669). Police on scene.,102,us,,,,,,,
A-1022,2.0,OH,City 22,County 2,Highway 22,2016-02-08 07:39:07,Accident reported on Highway 22 causing major traffic backup for 3 miles (case 1022). Police on scene.,102,us,,,,,,,
A-1421,2.0,OH,City 21,County 1,Highway 21,2016-02-08 07:39:07,Accident reported on Highway 21 causing major traffic backup for 2 miles (case 1421). Police on scene.,102,us,,,,,,,
A-4866,2.0,OH,City 16,County 6,Highway 66,2016-02-08 07:39:07,Accident reported on Highway 66 causing major traffic backup for 2 miles (case 4866). Police on scene.,102,us,,,,,,,
A-3257,2.0,OH,City 7,County 17,Highway 57,2016-02-08 07:39:07,Accident reported on Highway 57 causing major traffic backup for 3 miles (case 3257). Police on scene.,102,us,,,,,,,
A-681,2.0,OH,City 31,County 1,Highway 81,2016-02-08 07:39:07,Accident reported on Highway 81 causing major traffic backup for 2 miles (case 681). Police on scene.,101,us,,,,,,,
A-2067,2.0,OH,City 17,County 7,Highway 67,2016-02-08 07:39:07,Accident reported on Highway 67 causing major traffic backup for 3 miles (case 2067). Police on scene.,102,us,,,,,,,
A-2084,2.0,OH,City 34,County 4,Highway 84,2016-02-08 07:39:07,Accident reported on Highway 84 causing major traffic backup for 5 miles (case 2084). Police on scene.,102,us,,,,,,,
A-4862,2.0,OH,City 12,County 2,Highway 62,2016-02-08 07:39:07,Accident reported on Highway 62 causing major traffic backup for 3 miles (case 4862). Police on scene.,102,us,,,,,,,
A-4427,2.0,OH,City 27,County 7,Highway 27,2016-02-08 07:39:07,Accident reported on Highway 27 causing major traffic backup for 3 miles (case 4427). Police on scene.,102,us,,,,,,,
A-2240,2.0,OH,City 40,County 0,Highway 40,2016-02-08 07:39:07,Accident reported on Highway 40 causing major traffic backup for 1 miles (case 2240). Police on scene.,102,us,,,,,,,
A-1036,2.0,OH,City 36,County 16,Highway 36,2016-02-08 07:39:07,Accident reported on Highway 36 causing major traffic backup for 2 miles (case 1036). Police on scene.,102,us,,,,,,,
A-1208,2.0,OH,City 8,County 8,Highway 8,2016-02-08 07:39:07,Accident reported on Highway 8 causing major traffic backup for 4 miles (case 1208). Police on scene.,101,us,,,,,,,
A-1853,2.0,OH,City 3,County 13,Highway 53,2016-02-08 07:39:07,Accident reported on Highway 53 causing major traffic backup for 4 miles (case 1853). Police on scene.,102,us,,,,,,,
A-593,2.0,OH,City 43,County 13,Highway 93,2016-02-08 07:39:07,Accident reported on Highway 93 causing major traffic backup for 4 miles (case 593). Police on scene.,101,us,,,,,,,
A-3895,2.0,OH,City 45,County 15,Highway 95,2016-02-08 07:39:07,Accident reported on Highway 95 causing major traffic backup for 1 miles (case 3895). Police on scene.,102,us,,,,,,,
A-3474,2.0,OH,City 24,County 14,Highway 74,2016-02-08 07:39:07,Accident reported on Highway 74 causing major traffic backup for 5 miles (case 3474). Police on scene.,102,us,,,,,,,
A-1119,2.0,OH,City 19,County 19,Highway 19,2016-02-08 07:39:07,Accident reported on Highway 19 causing major traffic backup for 5 miles (case 1119). Police on scene.,102,us,,,,,,,
A-475,2.0,OH,City 25,County 15,Highway 75,2016-02-08 07:39:07,Accident reported on Highway 75 causing major traffic backup for 1 miles (case 475). Police on scene.,101,us,,,,,,,
A-1196,2.0,OH,City 46,County 16,Highway 96,2016-02-08 07:39:07,Accident reported on Highway 96 causing major traffic backup for 2 miles (case 1196). Police on scene.,102,us,,,,,,,
A-1507,2.0,OH,City 7,County 7,Highway 7,2016-02-08 07:39:07,Accident reported on Highway 7 causing major traffic backup for 3 miles (case 1507). Police on scene.,101,us,,,,,,,
A-3109,2.0,OH,City 9,County 9,Highway 9,2016-02-08 07:39:07,Accident reported on Highway 9 causing major traffic backup for 5 miles (case 3109). Police on scene.,101,us,,,,,,,
A-4735,2.0,OH,City 35,County 15,Highway 35,2016-02-08 07:39:07,Accident reported on Highway 35 causing major traffic backup for 1 miles (case 4735). Police on scene.,102,us,,,,,,,
A-4635,2.0,OH,City 35,County 15,Highway 35,2016-02-08 07:39:07,Accident reported on Highway 35 causing major traffic backup for 1 miles (case 4635). Police on scene.,102,us,,,,,,,
A-768,2.0,OH,City 18,County 8,Highway 68,2016-02-08 07:39:07,Accident reported on Highway 68 causing major traffic backup for 4 miles (case 768). Police on scene.,101,us,,,,,,,
A-3165,2.0,OH,City 15,County 5,Highway 65,2016-02-08 07:39:07,Accident reported on Highway 65 causing major traffic backup for 1 miles (case 3165). Police on scene.,102,us,,,,,,,
A-1455,2.0,OH,City 5,County 15,Highway 55,2016-02-08 07:39:07,Accident reported on Highway 55 causing major traffic backup for 1 miles (case 1455). Police on scene.,102,us,,,,,,,
A-1558,2.0,OH,City 8,County 18,Highway 58,2016-02-08 07:39:07,Accident reported on Highway 58 causing major traffic backup for 4 miles (case 1558). Police on scene.,102,us,,,,,,,
A-2933,2.0,OH,City 33,County 13,Highway 33,2016-02-08 07:39:07,Accident reported on Highway 33 causing major traffic backup for 4 miles (case 2933). Police on scene.,102,us,,,,,,,
A-1178,2.0,OH,City 28,County 18,Highway 78,2016-02-08 07:39:07,Accident reported on Highway 78 causing major traffic backup for 4 miles (case 1178). Police on scene.,102,us,,,,,,,
A-2884,2.0,OH,City 34,County 4,Highway 84,2016-02-08 07:39:07,Accident reported on Highway 84 causing major traffic backup for 5 miles (case 2884). Police on scene.,102,us,,,,,,,
A-3193,2.0,OH,City 43,County 13,Highway 93,2016-02-08 07:39:07,Accident reported on Highway 93 causing major traffic backup for 4 miles (case 3193). Police on scene.,102,us,,,,,,,
A-956,2.0,OH,City 6,County 16,Highway 56,2016-02-08 07:39:07,Accident reported on Highway 56 causing major traffic backup for 2 miles (case 956). Police on scene.,101,us,,,,,,,
A-294,2.0,OH,City 44,County 14,Highway 94,2016-02-08 07:39:07,Accident reported on Highway 94 causing major traffic backup for 5 miles (case 294). Police on scene.,101,us,,,,,,,
A-414,2.0,OH,City 14,County 14,Highway 14,2016-02-08 07:39:07,Accident reported on Highway 14 causing major traffic backup for 5 miles (case 414). Police on scene.,101,us,,,,,,,
A-256,2.0,OH,City 6,County 16,Highway 56,2016-02-08 07:39:07,Accident reported on Highway 56 causing major traffic backup for 2 miles (case 256). Police on scene.,101,us,,,,,,,
A-3485,2.0,OH,City 35,County 5,Highway 85,2016-02-08 07:39:07,Accident reported on Highway 85 causing major traffic backup for 1 miles (case 3485). Police on scene.,102,us,,,,,,,
A-354,2.0,OH,City 4,County 14,Highway 54,2016-02-08 07:39:07,Accident reported on Highway 54 causing major traffic backup for 5 miles (case 354). Police on scene.,101,us,,,,,,,
A-4397,2.0,OH,City 47,County 17,Highway 97,2016-02-08 07:39:07,Accident reported on Highway 97 causing major traffic backup for 3 miles (case 4397). Police on scene.,102,us,,,,,,,
A-4349,2.0,OH,City 49,County 9,Highway 49,2016-02-08 07:39:07,Accident reported on Highway 49 causing major traffic backup for 5 miles (case 4349). Police on scene.,102,us,,,,,,,
A-4754,2.0,OH,City 4,County 14,Highway 54,2016-02-08 07:39:07,Accident reported on Highway 54 causing major traffic backup for 5 miles (case 4754). Police on scene.,102,us,,,,,,,
A-94,2.0,OH,City 44,County 14,Highway 94,2016-02-08 07:39:07,Accident reported on Highway 94 causing major traffic backup for 5 miles (case 94). Police on scene.,100,us,,,,,,,
A-2176,2.0,OH,City 26,County 16,Highway 76,2016-02-08 07:39:07,Accident reported on Highway 76 causing major traffic backup for 2 miles (case 2176). Police on scene.,102,us,,,,,,,
A-750,2.0,OH,City 0,County 10,Highway 50,2016-02-08 07:39:07,Accident reported on Highway 50 causing major traffic backup for 1 miles (case 750). Police on scene.,101,us,,,,,,,
A-2371,2.0,OH,City 21,County 11,Highway 71,2016-02-08 07:39:07,Accident reported on Highway 71 causing major traffic backup for 2 miles (case 2371). Police on scene.,102,us,,,,,,,
A-3038,2.0,OH,City 38,County 18,Highway 38,2016-02-08 07:39:07,Accident reported on Highway 38 causing major traffic backup for 4 miles (case 3038). Police on scene.,102,us,,,,,,,
A-30,2.0,OH,City 30,County 10,Highway 30,2016-02-08 07:39:07,Accident reported on Highway 30 causing major traffic backup for 1 miles (case 30). Police on scene.,100,us,,,,,,,
A-557,2.0,OH,City 7,County 17,Highway 57,2016-02-08 07:39:07,Accident reported on Highway 57 causing major traffic backup for 3 miles (case 557). Police on scene.,101,us,,,,,,,
A-680,2.0,OH,City 30,County 0,Highway 80,2016-02-08 07:39:07,Accident reported on Highway 80 causing major traffic backup for 1 miles (case 680). Police on scene.,101,us,,,,,,,
A-3919,2.0,OH,City 19,County 19,Highway 19,2016-02-08 07:39:07,Accident reported on Highway 19 causing major traffic backup for 5 miles (case 3919). Police on scene.,102,us,,,,,,,
A-3942,2.0,OH,City 42,County 2,Highway 42,2016-02-08 07:39:07,Accident reported on Highway 42 causing major traffic backup for 3 miles (case 3942). Police on scene.,102,us,,,,,,,
A-1375,2.0,OH,City 25,County 15,Highway 75,2016-02-08 07:39:07,Accident reported on Highway 75 causing major traffic backup for 1 miles (case 1375). Police on scene.,102,us,,,,,,,
A-1540,2.0,OH,City 40,County 0,Highway 40,2016-02-08 07:39:07,Accident reported on Highway 40 causing major traffic backup for 1 miles (case 1540). Police on scene.,102,us,,,,,,,
A-4729,2.0,OH,City 29,County 9,Highway 29,2016-02-08 07:39:07,Accident reported on Highway 29 causing major traffic backup for 5 miles (case 4729). Police on scene.,102,us,,,,,,,
A-846,2.0,OH,City 46,County 6,Highway 46,2016-02-08 07:39:07,Accident reported on Highway 46 causing major traffic backup for 2 miles (case 846). Police on scene.,101,us,,,,,,,
A-4705,2.0,OH,City 5,County 5,Highway 5,2016-02-08 07:39:07,Accident reported on Highway 5 causing major traffic backup for 1 miles (case 4705). Police on scene.,101,us,,,,,,,
A-2994,2.0,OH,City 44,County 14,Highway 94,2016-02-08 07:39:07,Accident reported on Highway 94 causing major traffic backup for 5 miles (case 2994). Police on scene.,102,us,,,,,,,
A-258,2.0,OH,City 8,County 18,Highway 58,2016-02-08 07:39:07,Accident reported on Highway 58 causing major traffic backup for 4 miles (case 258). Police on scene.,101,us,,,,,,,
A-4684,2.0,OH,City 34,County 4,Highway 84,2016-02-08 07:39:07,Accident reported on Highway 84 causing major traffic backup for 5 miles (case 4684). Police on scene.,102,us,,,,,,,
A-1132,2.0,OH,City 32,County 12,Highway 32,2016-02-08 07:39:07,Accident reported on Highway 32 causing major traffic backup for 3 miles (case 1132). Police on scene.,102,us,,,,,,,
A-3062,2.0,OH,City 12,County 2,Highway 62,2016-02-08 07:39:07,Accident reported on Highway 62 causing major traffic backup for 3 miles (case 3062). Police on scene.,102,us,,,,,,,
A-4311,2.0,OH,City 11,County 11,Highway 11,2016-02-08 07:39:07,Accident reported on Highway 11 causing major traffic backup for 2 miles (case 4311). Police on scene.,102,us,,,,,,,
A-4554,2.0,OH,City 4,County 14,Highway 54,2016-02-08 07:39:07,Accident reported on Highway 54 causing major traffic backup for 5 miles (case 4554). Police on scene.,102,us,,,,,,,
A-1048,2.0,OH,City 48,County 8,Highway 48,2016-02-08 07:39:07,Accident reported on Highway 48 causing major traffic backup for 4 miles (case 1048). Police on scene.,102,us,,,,,,,
A-1437,2.0,OH,City 37,County 17,Highway 37,2016-02-08 07:39:07,Accident reported on Highway 37 causing major traffic backup for 3 miles (case 1437). Police on scene.,102,us,,,,,,,
A-1262,2.0,OH,City 12,County 2,Highway 62,2016-02-08 07:39:07,Accident reported on Highway 62 causing major traffic backup for 3 miles (case 1262). Police on scene.,102,us,,,,,,,
A-4647,2.0,OH,City 47,County 7,Highway 47,2016-02-08 07:39:07,Accident reported on Highway 47 causing major traffic backup for 3 miles (case 4647). Police on scene.,102,us,,,,,,,
A-319,2.0,OH,City 19,County 19,Highway 19,2016-02-08 07:39:07,Accident reported on Highway 19 causing major traffic backup for 5 miles (case 319). Police on scene.,101,us,,,,,,,
A-3254,2.0,OH,City 4,County 14,Highway 54,2016-02-08 07:39:07,Accident reported on Highway 54 causing major traffic backup for 5 miles (case 3254). Police on scene.,102,us,,,,,,,
A-4966,2.0,OH,City 16,County 6,Highway 66,2016-02-08 07:39:07,Accident reported on Highway 66 causing major traffic backup for 2 miles (case 4966). Police on scene.,102,us,,,,,,,
A-1977,2.0,OH,City 27,County 17,Highway 77,2016-02-08 07:39:07,Accident reported on Highway 77 causing major traffic backup for 3 miles (case 1977). Police on scene.,102,us,,,,,,,
A-2878,2.0,OH,City 28,County 18,Highway 78,2016-02-08 07:39:07,Accident reported on Highway 78 causing major traffic backup for 4 miles (case 2878). Police on scene.,102,us,,,,,,,
A-4200,2.0,OH,City 0,County 0,Highway 0,2016-02-08 07:39:07,Accident reported on Highway 0 causing major traffic backup for 1 miles (case 4200). Police on scene.,101,us,,,,,,,
A-73,2.0,OH,City 23,County 13,Highway 73,2016-02-08 07:39:07,Accident reported on Highway 73 causing major traffic backup for 4 miles (case 73). Police on scene.,100,us,,,,,,,
A-1442,2.0,OH,City 42,County 2,Highway 42,2016-02-08 07:39:07,Accident reported on Highway 42 causing major traffic backup for 3 miles (case 1442). Police on scene.,102,us,,,,,,,
A-4269,2.0,OH,City 19,County 9,Highway 69,2016-02-08 07:39:07,Accident reported on Highway 69 causing major traffic backup for 5 miles (case 4269). Police on scene.,102,us,,,,,,,
A-1630,2.0,OH,City 30,County 10,Highway 30,2016-02-08 07:39:07,Accident reported on Highway 30 causing major traffic backup for 1 miles (case 1630). Police on scene.,102,us,,,,,,,
A-1561,2.0,OH,City 11,County 1,Highway 61,2016-02-08 07:39:07,Accident reported on Highway 61 causing major traffic backup for 2 miles (case 1561). Police on scene.,102,us,,,,,,,
A-885,2.0,OH,City 35,County 5,Highway 85,2016-02-08 07:39:07,Accident reported on Highway 85 causing major traffic backup for 1 miles (case 885). Police on scene.,101,us,,,,,,,
A-3104,2.0,OH,City 4,County 4,Highway 4,2016-02-08 07:39:07,Accident reported on Highway 4 causing major traffic backup for 5 miles (case 3104). Police on scene.,101,us,,,,,,,
A-2604,2.0,OH,City 4,County 4,Highway 4,2016-02-08 07:39:07,Accident reported on Highway 4 causing major traffic backup for 5 miles (case 2604). Police on scene.,101,us,,,,,,,
A-2992,2.0,OH,City 42,County 12,Highway 92,2016-02-08 07:39:07,Accident reported on Highway 92 causing major traffic backup for 3 miles (case 2992). Police on scene.,102,us,,,,,,,
A-4968,2.0,OH,City 18,County 8,Highway 68,2016-02-08 07:39:07,Accident reported on Highway 68 causing major traffic backup for 4 miles (case 4968). Police on scene.,102,us,,,,,,,
A-724,2.0,OH,City 24,County 4,Highway 24,2016-02-08 07:39:07,Accident reported on Highway 24 causing major traffic backup for 5 miles (case 724). Police on scene.,101,us,,,,,,,
A-1596,2.0,OH,City 46,County 16,Highway 96,2016-02-08 07:39:07,Accident reported on Highway 96 causing major traffic backup for 2 miles (case 1596). Police on scene.,102,us,,,,,,,
A-3548,2.0,OH,City 48,County 8,Highway 48,2016-02-08 07:39:07,Accident reported on Highway 48 causing major traffic backup for 4 miles (case 3548). Police on scene.,102,us,,,,,,,
A-2181,2.0,OH,City 31,County 1,Highway 81,2016-02-08 07:39:07,Accident reported on Highway 81 causing major traffic backup for 2 miles (case 2181). Police on scene.,102,us,,,,,,,
A-433,2.0,OH,City 33,County 13,Highway 33,2016-02-08 07:39:07,Accident reported on Highway 33 causing major traffic backup for 4 miles (case 433). Police on scene.,101,us,,,,,,,
A-391,2.0,OH,City 41,County 11,Highway 91,2016-02-08 07:39:07,Accident reported on Highway 91 causing major traffic backup for 2 miles (case 391). Police on scene.,101,us,,,,,,,
A-3015,2.0,OH,City 15,County 15,Highway 15,2016-02-08 07:39:07,Accident reported on Highway 15 causing major traffic backup for 1 miles (case 3015). Police on scene.,102,us,,,,,,,
A-1174,2.0,OH,City 24,County 14,Highway 74,2016-02-08 07:39:07,Accident reported on Highway 74 causing major traffic backup for 5 miles (case 1174). Police on scene.,102,us,,,,,,,
A-1265,2.0,OH,City 15,County 5,Highway 65,2016-02-08 07:39:07,Accident reported on Highway 65 causing major traffic backup for 1 miles (case 1265). Police on scene.,102,us,,,,,,,
A-2903,2.0,OH,City 3,County 3,Highway 3,2016-02-08 07:39:07,Accident reported on Highway 3 causing major traffic backup for 4 miles (case 2903). Police on scene.,101,us,,,,,,,
A-3361,2.0,OH,City 11,County 1,Highway 61,2016-02-08 07:39:07,Accident reported on Highway 61 causing major traffic backup for 2 miles (case 3361). Police on scene.,102,us,,,,,,,
A-1153,2.0,OH,City 3,County 13,Highway 53,2016-02-08 07:39:07,Accident reported on Highway 53 causing major traffic backup for 4 miles (case 1153). Police on scene.,102,us,,,,,,,
A-113,2.0,OH,City 13,County 13,Highway 13,2016-02-08 07:39:07,Accident reported on Highway 13 causing major traffic backup for 4 miles (case 113). Police on scene.,101,us,,,,,,,
A-2507,2.0,OH,City 7,County 7,Highway 7,2016-02-08 07:39:07,Accident reported on Highway 7 causing major traffic backup for 3 miles (case 2507). Police on scene.,101,us,,,,,,,
A-1760,2.0,OH,City 10,County 0,Highway 60,2016-02-08 07:39:07,Accident reported on Highway 60 causing major traffic backup for 1 miles (case 1760). Police on scene.,102,us,,,,,,,
A-3603,2.0,OH,City 3,County 3,Highway 3,2016-02-08 07:39:07,Accident reported on Highway 3 causing major traffic backup for 4 miles (case 3603). Police on scene.,101,us,,,,,,,
A-2593,2.0,OH,City 43,County 13,Highway 93,2016-02-08 07:39:07,Accident reported on Highway 93 causing major traffic backup for 4 miles (case 2593). Police on scene.,102,us,,,,,,,
A-1602,2.0,OH,City 2,County 2,Highway 2,2016-02-08 07:39:07,Accident reported on Highway 2 causing major traffic backup for 3 miles (case 1602). Police on scene.,101,us,,,,,,,
A-661,2.0,OH,City 11,County 1,Highway 61,2016-02-08 07:39:07,Accident reported on Highway 61 causing major traffic backup for 2 miles (case 661). Police on scene.,101,us,,,,,,,
A-2463,2.0,OH,City 13,County 3,Highway 63,2016-02-08 07:39:07,Accident reported on Highway 63 causing major traffic backup for 4 miles (case 2463). Police on scene.,102,us,,,,,,,
A-1562,2.0,OH,City 12,County 2,Highway 62,2016-02-08 07:39:07,Accident reported on Highway 62 causing major traffic backup for 3 miles (case 1562). Police on scene.,102,us,,,,,,,
A-4900,2.0,OH,City 0,County 0,Highway 0,2016-02-08 07:39:07,Accident reported on Highway 0 causing major traffic backup for 1 miles (case 4900). Police on scene.,101,us,,,,,,,
A-1213,2.0,OH,City 13,County 13,Highway 13,2016-02-08 07:39:07,Accident reported on Highway 13 causing major traffic backup for 4 miles (case 1213). Police on scene.,102,us,,,,,,,
A-1966,2.0,OH,City 16,County 6,Highway 66,2016-02-08 07:39:07,Accident reported on Highway 66 causing major traffic backup for 2 miles (case 1966). Police on scene.,102,us,,,,,,,
A-3402,2.0,OH,City 2,County 2,Highway 2,2016-02-08 07:39:07,Accident reported on Highway 2 causing major traffic backup for 3 miles (case 3402). Police on scene.,101,us,,,,,,,
A-3483,2.0,OH,City 33,County 3,Highway 83,2016-02-08 07:39:07,Accident reported on Highway 83 causing major traffic backup for 4 miles (case 3483). Police on scene.,102,us,,,,,,,
A-3584,2.0,OH,City 34,County 4,Highway 84,2016-02-08 07:39:07,Accident reported on Highway 84 causing major traffic backup for 5 miles (case 3584). Police on scene.,102,us,,,,,,,
A-4411,2.0,OH,City 11,County 11,Highway 11,2016-02-08 07:39:07,Accident reported on Highway 11 causing major traffic backup for 2 miles (case 4411). Police on scene.,102,us,,,,,,,
A-3928,2.0,OH,City 28,County 8,Highway 28,2016-02-08 07:39:07,Accident reported on Highway 28 causing major traffic backup for 4 miles (case 3928). Police on scene.,102,us,,,,,,,
A-4597,2.0,OH,City 47,County 17,Highway 97,2016-02-08 07:39:07,Accident reported on Highway 97 causing major traffic backup for 3 miles (case 4597). Police on scene.,102,us,,,,,,,
A-3295,2.0,OH,City 45,County 15,Highway 95,2016-02-08 07:39:07,Accident reported on Highway 95 causing major traffic backup for 1 miles (case 3295). Police on scene.,102,us,,,,,,,
A-3589,2.0,OH,City 39,County 9,Highway 89,2016-02-08 07:39:07,Accident reported on Highway 89 causing major traffic backup for 5 miles (case 3589). Police on scene.,102,us,,,,,,,
A-2460,2.0,OH,City 10,County 0,Highway 60,2016-02-08 07:39:07,Accident reported on Highway 60 causing major traffic backup for 1 miles (case 2460). Police on scene.,102,us,,,,,,,
A-3909,2.0,OH,City 9,County 9,Highway 9,2016-02-08 07:39:07,Accident reported on Highway 9 causing major traffic backup for 5 miles (case 3909). Police on scene.,101,us,,,,,,,
A-181,2.0,OH,City 31,County 1,Highway 81,2016-02-08 07:39:07,Accident reported on Highway 81 causing major traffic backup for 2 miles (case 181). Police on scene.,101,us,,,,,,,
A-3242,2.0,OH,City 42,County 2,Highway 42,2016-02-08 07:39:07,Accident reported on Highway 42 causing major traffic backup for 3 miles (case 3242). Police on scene.,102,us,,,,,,,
A-1570,2.0,OH,City 20,County 10,Highway 70,2016-02-08 07:39:07,Accident reported on Highway 70 causing major traffic backup for 1 miles (case 1570). Police on scene.,102,us,,,,,,,
A-84,2.0,OH,City 34,County 4,Highway 84,2016-02-08 07:39:07,Accident reported on Highway 84 causing major traffic backup for 5 miles (case 84). Police on scene.,100,us,,,,,,,
A-738,2.0,OH,City 38,County 18,Highway 38,2016-02-08 07:39:07,Accident reported on Highway 38 causing major traffic backup for 4 miles (case 738). Police on scene.,101,us,,,,,,,
A-505,2.0,OH,City 5,County 5,Highway 5,2016-02-08 07:39:07,Accident reported on Highway 5 causing major traffic backup for 1 miles (case 505). Police on scene.,100,us,,,,,,,
A-3969,2.0,OH,City 19,County 9,Highway 69,2016-02-08 07:39:07,Accident reported on Highway 69 causing major traffic backup for 5 miles (case 3969). Police on scene.,102,us,,,,,,,
A-2127,2.0,OH,City 27,County 7,Highway 27,2016-02-08 07:39:07,Accident reported on Highway 27 causing major traffic backup for 3 miles (case 2127). Police on scene.,102,us,,,,,,,
A-2327,2.0,OH,City 27,County 7,Highway 27,2016-02-08 07:39:07,Accident reported on Highway 27 causing major traffic backup for 3 miles (case 2327). Police on scene.,102,us,,,,,,,
A-1088,2.0,OH,City 38,County 8,Highway 88,2016-02-08 07:39:07,Accident reported on Highway 88 causing major traffic backup for 4 miles (case 1088). Police on scene.,102,us,,,,,,,
A-2046,2.0,OH,City 46,County 6,Highway 46,2016-02-08 07:39:07,Accident reported on Highway 46 causing major traffic backup for 2 miles (case 2046). Police on scene.,102,us,,,,,,,
A-97,2.0,OH,City 47,County 17,Highway 97,2016-02-08 07:39:07,Accident reported on Highway 97 causing major traffic backup for 3 miles (case 97). Police on scene.,100,us,,,,,,,
A-695,2.0,OH,City 45,County 15,Highway 95,2016-02-08 07:39:07,Accident reported on Highway 95 causing major traffic backup for 1 miles (case 695). Police on scene.,101,us,,,,,,,
A-3224,2.0,OH,City 24,County 4,Highway 24,2016-02-08 07:39:07,Accident reported on Highway 24 causing major traffic backup for 5 miles (case 3224). Police on scene.,102,us,,,,,,,
A-3762,2.0,OH,City 12,County 2,Highway 62,2016-02-08 07:39:07,Accident reported on Highway 62 causing major traffic backup for 3 miles (case 3762). Police on scene.,102,us,,,,,,,
A-1543,2.0,OH,City 43,County 3,Highway 43,2016-02-08 07:39:07,Accident reported on Highway 43 causing major traffic backup for 4 miles (case 1543). Police on scene.,102,us,,,,,,,
A-953,2.0,OH,City 3,County 13,Highway 53,2016-02-08 07:39:07,Accident reported on Highway 53 causing major traffic backup for 4 miles (case 953). Police on scene.,101,us,,,,,,,
A-2941,2.0,OH,City 41,County 1,Highway 41,2016-02-08 07:39:07,Accident reported on Highway 41 causing major traffic backup for 2 miles (case 2941). Police on scene.,102,us,,,,,,,
A-1592,2.0,OH,City 42,County 12,Highway 92,2016-02-08 07:39:07,Accident reported on Highway 92 causing major traffic backup for 3 miles (case 1592). Police on scene.,102,us,,,,,,,
A-1187,2.0,OH,City 37,County 7,Highway 87,2016-02-08 07:39:07,Accident reported on Highway 87 causing major traffic backup for 3 miles (case 1187). Police on scene.,102,us,,,,,,,
A-3666,2.0,OH,City 16,County 6,Highway 66,2016-02-08 07:39:07,Accident reported on Highway 66 causing major traffic backup for 2 miles (case 3666). Police on scene.,102,us,,,,,,,
A-1473,2.0,OH,City 23,County 13,Highway 73,2016-02-08 07:39:07,Accident reported on Highway 73 causing major traffic backup for 4 miles (case 1473). Police on scene.,102,us,,,,,,,
A-1257,2.0,OH,City 7,County 17,Highway 57,2016-02-08 07:39:07,Accident reported on Highway 57 causing major traffic backup for 3 miles (case 1257). Police on scene.,102,us,,,,,,,
A-3758,2.0,OH,City 8,County 18,Highway 58,2016-02-08 07:39:07,Accident reported on Highway 58 causing major traffic backup for 4 miles (case 3758). Police on scene.,102,us,,,,,,,
A-2791,2.0,OH,City 41,County 11,Highway 91,2016-02-08 07:39:07,Accident reported on Highway 91 causing major traffic backup for 2 miles (case 2791). Police on scene.,102,us,,,,,,,
A-4893,2.0,OH,City 43,County 13,Highway 93,2016-02-08 07:39:07,Accident reported on Highway 93 causing major traffic backup for 4 miles (case 4893). Police on scene.,102,us,,,,,,,
A-4208,2.0,OH,City 8,County 8,Highway 8,2016-02-08 07:39:07,Accident reported on Highway 8 causing major traffic backup for 4 miles (case 4208). Police on scene.,101,us,,,,,,,
A-3890,2.0,OH,City 40,County 10,Highway 90,2016-02-08 07:39:07,Accident reported on Highway 90 causing major traffic backup for 1 miles (case 3890). Police on scene.,102,us,,,,,,,
A-3925,2.0,OH,City 25,County 5,Highway 25,2016-02-08 07:39:07,Accident reported on Highway 25 causing major traffic backup for 1 miles (case 3925). Police on scene.,102,us,,,,,,,
A-3865,2.0,OH,City 15,County 5,Highway 65,2016-02-08 07:39:07,Accident reported on Highway 65 causing major traffic backup for 1 miles (case 3865). Police on scene.,102,us,,,,,,,
A-534,2.0,OH,City 34,County 14,Highway 34,2016-02-08 07:39:07,Accident reported on Highway 34 causing major traffic backup for 5 miles (case 534). Police on scene.,101,us,,,,,,,
A-4132,2.0,OH,City 32,County 12,Highway 32,2016-02-08 07:39:07,Accident reported on Highway 32 causing major traffic backup for 3 miles (case 4132). Police on scene.,102,us,,,,,,,
A-1622,2.0,OH,City 22,County 2,Highway 22,2016-02-08 07:39:07,Accident reported on Highway 22 causing major traffic backup for 3 miles (case 1622). Police on scene.,102,us,,,,,,,
A-2235,2.0,OH,City 35,County 15,Highway 35,2016-02-08 07:39:07,Accident reported on Highway 35 causing major traffic backup for 1 miles (case 2235). Police on scene.,102,us,,,,,,,
A-628,2.0,OH,City 28,County 8,Highway 28,2016-02-08 07:39:07,Accident reported on Highway 28 causing major traffic backup for 4 miles (case 628). Police on scene.,101,us,,,,,,,
A-2121,2.0,OH,City 21,County 1,Highway 21,2016-02-08 07:39:07,Accident reported on Highway 21 causing major traffic backup for 2 miles (case 2121). Police on scene.,102,us,,,,,,,
A-4606,2.0,OH,City 6,County 6,Highway 6,2016-02-08 07:39:07,Accident reported on Highway 6 causing major traffic backup for 2 miles (case 4606). Police on scene.,101,us,,,,,,,
A-674,2.0,OH,City 24,County 14,Highway 74,2016-02-08 07:39:07,Accident reported on Highway 74 causing major traffic backup for 5 miles (case 674). Police on scene.,101,us,,,,,,,
A-2102,2.0,OH,City 2,County 2,Highway 2,2016-02-08 07:39:07,Accident reported on Highway 2 causing major traffic backup for 3 miles (case 2102). Police on scene.,101,us,,,,,,,
A-2667,2.0,OH,City 17,County 7,Highway 67,2016-02-08 07:39:07,Accident reported on Highway 67 causing major traffic backup for 3 miles (case 2667). Police on scene.,102,us,,,,,,,
A-4821,2.0,OH,City 21,County 1,Highway 21,2016-02-08 07:39:07,Accident reported on Highway 21 causing major traffic backup for 2 miles (case 4821). Police on scene.,102,us,,,,,,,
A-223,2.0,OH,City 23,County 3,Highway 23,2016-02-08 07:39:07,Accident reported on Highway 23 causing major traffic backup for 4 miles (case 223). Police on scene.,101,us,,,,,,,
A-4877,2.0,OH,City 27,County 17,Highway 77,2016-02-08 07:39:07,Accident reported on Highway 77 causing major traffic backup for 3 miles (case 4877). Police on scene.,102,us,,,,,,,
A-3625,2.0,OH,City 25,County 5,Highway 25,2016-02-08 07:39:07,Accident reported on Highway 25 causing major traffic backup for 1 miles (case 3625). Police on scene.,102,us,,,,,,,
A-1610,2.0,OH,City 10,County 10,Highway 10,2016-02-08 07:39:07,Accident reported on Highway 10 causing major traffic backup for 1 miles (case 1610). Police on scene.,102,us,,,,,,,
A-2509,2.0,OH,City 9,County 9,Highway 9,2016-02-08 07:39:07,Accident reported on Highway 9 causing major traffic backup for 5 miles (case 2509). Police on scene.,101,us,,,,,,,
A-2700,2.0,OH,City 0,County 0,Highway 0,2016-02-08 07:39:07,Accident reported on Highway 0 causing major traffic backup for 1 miles (case 2700). Police on scene.,101,us,,,,,,,
A-1658,2.0,OH,City 8,County 18,Highway 58,2016-02-08 07:39:07,Accident reported on Highway 58 causing major traffic backup for 4 miles (case 1658). Police on scene.,102,us,,,,,,,
A-47,2.0,OH,City 47,County 7,Highway 47,2016-02-08 07:39:07,Accident reported on Highway 47 causing major traffic backup for 3 miles (case 47). Police on scene.,100,us,,,,,,,
A-1014,2.0,OH,City 14,County 14,Highway 14,2016-02-08 07:39:07,Accident reported on Highway 14 causing major traffic backup for 5 miles (case 1014). Police on scene.,102,us,,,,,,,
A-214,2.0,OH,City 14,County 14,Highway 14,2016-02-08 07:39:07,Accident reported on Highway 14 causing major traffic backup for 5 miles (case 214). Police on scene.,101,us,,,,,,,
A-4535,2.0,OH,City 35,County 15,Highway 35,2016-02-08 07:39:07,Accident reported on Highway 35 causing major traffic backup for 1 miles (case 4535). Police on scene.,102,us,,,,,,,
A-358,2.0,OH,City 8,County 18,Highway 58,2016-02-08 07:39:07,Accident reported on Highway 58 causing major traffic backup for 4 miles (case 358). Police on scene.,101,us,,,,,,,
A-2420,2.0,OH,City 20,County 0,Highway 20,2016-02-08 07:39:07,Accident reported on Highway 20 causing major traffic backup for 1 miles (case 2420). Police on scene.,102,us,,,,,,,
A-1299,2.0,OH,City 49,County 19,Highway 99,2016-02-08 07:39:07,Accident reported on Highway 99 causing major traffic backup for 5 miles (case 1299). Police on scene.,102,us,,,,,,,
A-1112,2.0,OH,City 12,County 12,Highway 12,2016-02-08 07:39:07,Accident reported on Highway 12 causing major traffic backup for 3 miles (case 1112). Police on scene.,102,us,,,,,,,
A-1003,2.0,OH,City 3,County 3,Highway 3,2016-02-08 07:39:07,Accident reported on Highway 3 causing major traffic backup for 4 miles (case 1003). Police on scene.,101,us,,,,,,,
A-2696,2.0,OH,City 46,County 16,Highway 96,2016-02-08 07:39:07,Accident reported on Highway 96 causing major traffic backup for 2 miles (case 2696). Police on scene.,102,us,,,,,,,
A-559,2.0,OH,City 9,County 19,Highway 59,2016-02-08 07:39:07,Accident reported on Highway 59 causing major traffic backup for 5 miles (case 559). Police on scene.,101,us,,,,,,,
A-371,2.0,OH,City 21,County 11,Highway 71,2016-02-08 07:39:07,Accident reported on Highway 71 causing major traffic backup for 2 miles (case 371). Police on scene.,101,us,,,,,,,
A-4063,2.0,OH,City 13,County 3,Highway 63,2016-02-08 07:39:07,Accident reported on Highway 63 causing major traffic backup for 4 miles (case 4063). Police on scene.,102,us,,,,,,,
A-935,2.0,OH,City 35,County 15,Highway 35,2016-02-08 07:39:07,Accident reported on Highway 35 causing major traffic backup for 1 miles (case 935). Police on scene.,101,us,,,,,,,
A-3714,2.0,OH,City 14,County 14,Highway 14,2016-02-08 07:39:07,Accident reported on Highway 14 causing major traffic backup for 5 miles (case 3714). Police on scene.,102,us,,,,,,,
A-1523,2.0,OH,City 23,County 3,Highway 23,2016-02-08 07:39:07,Accident reported on Highway 23 causing major traffic backup for 4 miles (case 1523). Police on scene.,102,us,,,,,,,
A-139,2.0,OH,City 39,County 19,Highway 39,2016-02-08 07:39:07,Accident reported on Highway 39 causing major traffic backup for 5 miles (case 139). Police on scene.,101,us,,,,,,,
A-1177,2.0,OH,City 27,County 17,Highway 77,2016-02-08 07:39:07,Accident reported on Highway 77 causing major traffic backup for 3 miles (case 1177). Police on scene.,102,us,,,,,,,
A-2195,2.0,OH,City 45,County 15,Highway 95,2016-02-08 07:39:07,Accident reported on Highway 95 causing major traffic backup for 1 miles (case 2195). Police on scene.,102,us,,,,,,,
A-51,2.0,OH,City 1,County 11,Highway 51,2016-02-08 07:39:07,Accident reported on Highway 51 causing major traffic backup for 2 miles (case 51). Police on scene.,100,us,,,,,,,
A-3081,2.0,OH,City 31,County 1,Highway 81,2016-02-08 07:39:07,Accident reported on Highway 81 causing major traffic backup for 2 miles (case 3081). Police on scene.,102,us,,,,,,,
A-4722,2.0,OH,City 22,County 2,Highway 22,2016-02-08 07:39:07,Accident reported on Highway 22 causing major traffic backup for 3 miles (case 4722). Police on scene.,102,us,,,,,,,
A-2409,2.0,OH,City 9,County 9,Highway 9,2016-02-08 07:39:07,Accident reported on Highway 9 causing major traffic backup for 5 miles (case 2409). Police on scene.,101,us,,,,,,,
A-4098,2.0,OH,City 48,County 18,Highway 98,2016-02-08 07:39:07,Accident reported on Highway 98 causing major traffic backup for 4 miles (case 4098). Police on scene.,102,us,,,,,,,
A-2745,2.0,OH,City 45,County 5,Highway 45,2016-02-08 07:39:07,Accident reported on Highway 45 causing major traffic backup for 1 miles (case 2745). Police on scene.,102,us,,,,,,,
A-1969,2.0,OH,City 19,County 9,Highway 69,2016-02-08 07:39:07,Accident reported on Highway 69 causing major traffic backup for 5 miles (case 1969). Police on scene.,102,us,,,,,,,
A-1272,2.0,OH,City 22,County 12,Highway 72,2016-02-08 07:39:07,Accident reported on Highway 72 causing major traffic backup for 3 miles (case 1272). Police on scene.,102,us,,,,,,,
A-1162,2.0,OH,City 12,County 2,Highway 62,2016-02-08 07:39:07,Accident reported on Highway 62 causing major traffic backup for 3 miles (case 1162). Police on scene.,102,us,,,,,,,
A-3415,2.0,OH,City 15,County 15,Highway 15,2016-02-08 07:39:07,Accident reported on Highway 15 causing major traffic backup for 1 miles (case 3415). Police on scene.,102,us,,,,,,,
A-65,2.0,OH,City 15,County 5,Highway 65,2016-02-08 07:39:07,Accident reported on Highway 65 causing major traffic backup for 1 miles (case 65). Police on scene.,100,us,,,,,,,
A-3477,2.0,OH,City 27,County 17,Highway 77,2016-02-08 07:39:07,Accident reported on Highway 77 causing major traffic backup for 3 miles (case 3477). Police on scene.,102,us,,,,,,,
A-3561,2.0,OH,City 11,County 1,Highway 61,2016-02-08 07:39:07,Accident reported on Highway 61 causing major traffic backup for 2 miles (case 3561). Police on scene.,102,us,,,,,,,
A-2530,2.0,OH,City 30,County 10,Highway 30,2016-02-08 07:39:07,Accident reported on Highway 30 causing major traffic backup for 1 miles (case 2530). Police on scene.,102,us,,,,,,,
A-99,2.0,OH,City 49,County 19,Highway 99,2016-02-08 07:39:07,Accident reported on Highway 99 causing major traffic backup for 5 miles (case 99). Police on scene.,100,us,,,,,,,
A-482,2.0,OH,City 32,County 2,Highway 82,2016-02-08 07:39:07,Accident reported on Highway 82 causing major traffic backup for 3 miles (case 482). Police on scene.,101,us,,,,,,,
A-1744,2.0,OH,City 44,County 4,Highway 44,2016-02-08 07:39:07,Accident reported on Highway 44 causing major traffic backup for 5 miles (case 1744). Police on scene.,102,us,,,,,,,
A-780,2.0,OH,City 30,County 0,Highway 80,2016-02-08 07:39:07,Accident reported on Highway 80 causing major traffic backup for 1 miles (case 780). Police on scene.,101,us,,,,,,,
A-1429,2.0,OH,City 29,County 9,Highway 29,2016-02-08 07:39:07,Accident reported on Highway 29 causing major traffic backup for 5 miles (case 1429). Police on scene.,102,us,,,,,,,
A-1100,2.0,OH,City 0,County 0,Highway 0,2016-02-08 07:39:07,Accident reported on Highway 0 causing major traffic backup for 1 miles (case 1100). Police on scene.,101,us,,,,,,,
A-2038,2.0,OH,City 38,County 18,Highway 38,2016-02-08 07:39:07,Accident reported on Highway 38 causing major traffic backup for 4 miles (case 2038). Police on scene.,102,us,,,,,,,
A-3006,2.0,OH,City 6,County 6,Highway 6,2016-02-08 07:39:07,Accident reported on Highway 6 causing major traffic backup for 2 miles (case 3006). Police on scene.,101,us,,,,,,,
A-326,2.0,OH,City 26,County 6,Highway 26,2016-02-08 07:39:07,Accident reported on Highway 26 causing major traffic backup for 2 miles (case 326). Police on scene.,101,us,,,,,,,
A-3351,2.0,OH,City 1,County 11,Highway 51,2016-02-08 07:39:07,Accident reported on Highway 51 causing major traffic backup for 2 miles (case 3351). Police on scene.,102,us,,,,,,,
A-1950,2.0,OH,City 0,County 10,Highway 50,2016-02-08 07:39:07,Accident reported on Highway 50 causing major traffic backup for 1 miles (case 1950). Police on scene.,102,us,,,,,,,
A-2171,2.0,OH,City 21,County 11,Highway 71,2016-02-08 07:39:07,Accident reported on Highway 71 causing major traffic backup for 2 miles (case 2171). Police on scene.,102,us,,,,,,,
A-1863,2.0,OH,City 13,County 3,Highway 63,2016-02-08 07:39:07,Accident reported on Highway 63 causing major traffic backup for 4 miles (case 1863). Police on scene.,102,us,,,,,,,
A-3554,2.0,OH,City 4,County 14,Highway 54,2016-02-08 07:39:07,Accident reported on Highway 54 causing major traffic backup for 5 miles (case 3554). Police on scene.,102,us,,,,,,,
A-1148,2.0,OH,City 48,County 8,Highway 48,2016-02-08 07:39:07,Accident reported on Highway 48 causing major traffic backup for 4 miles (case 1148). Police on scene.,102,us,,,,,,,
A-3638,2.0,OH,City 38,County 18,Highway 38,2016-02-08 07:39:07,Accident reported on Highway 38 causing major traffic backup for 4 miles (case 3638). Police on scene.,102,us,,,,,,,
A-295,2.0,OH,City 45,County 15,Highway 95,2016-02-08 07:39:07,Accident reported on Highway 95 causing major traffic backup for 1 miles (case 295). Police on scene.,101,us,,,,,,,
A-1947,2.0,OH,City 47,County 7,Highway 47,2016-02-08 07:39:07,Accident reported on Highway 47 causing major traffic backup for 3 miles (case 1947). Police on scene.,102,us,,,,,,,
A-4585,2.0,OH,City 35,County 5,Highway 85,2016-02-08 07:39:07,Accident reported on Highway 85 causing major traffic backup for 1 miles (case 4585). Police on scene.,102,us,,,,,,,
A-537,2.0,OH,City 37,County 17,Highway 37,2016-02-08 07:39:07,Accident reported on Highway 37 causing major traffic backup for 3 miles (case 537). Police on scene.,101,us,,,,,,,
A-4917,2.0,OH,City 17,County 17,Highway 17,2016-02-08 07:39:07,Accident reported on Highway 17 causing major traffic backup for 3 miles (case 4917). Police on scene.,102,us,,,,,,,
A-1078,2.0,OH,City 28,County 18,Highway 78,2016-02-08 07:39:07,Accident reported on Highway 78 causing major traffic backup for 4 miles (case 1078). Police on scene.,102,us,,,,,,,
A-1638,2.0,OH,City 38,County 18,Highway 38,2016-02-08 07:39:07,Accident reported on Highway 38 causing major traffic backup for 4 miles (case 1638). Police on scene.,102,us,,,,,,,
A-4558,2.0,OH,City 8,County 18,Highway 58,2016-02-08 07:39:07,Accident reported on Highway 58 causing major traffic backup for 4 miles (case 4558). Police on scene.,102,us,,,,,,,
A-1545,2.0,OH,City 45,County 5,Highway 45,2016-02-08 07:39:07,Accident reported on Highway 45 causing major traffic backup for 1 miles (case 1545). Police on scene.,102,us,,,,,,,
A-725,2.0,OH,City 25,County 5,Highway 25,2016-02-08 07:39:07,Accident reported on Highway 25 causing major traffic backup for 1 miles (case 725). Police on scene.,101,us,,,,,,,
A-4015,2.0,OH,City 15,County 15,Highway 15,2016-02-08 07:39:07,Accident reported on Highway 15 causing major traffic backup for 1 miles (case 4015). Police on scene.,102,us,,,,,,,
A-1259,2.0,OH,City 9,County 19,Highway 59,2016-02-08 07:39:07,Accident reported on Highway 59 causing major traffic backup for 5 miles (case 1259). Police on scene.,102,us,,,,,,,
A-4133,2.0,OH,City 33,County 13,Highway 33,2016-02-08 07:39:07,Accident reported on Highway 33 causing major traffic backup for 4 miles (case 4133). Police on scene.,102,us,,,,,,,
A-4213,2.0,OH,City 13,County 13,Highway 13,2016-02-08 07:39:07,Accident reported on Highway 13 causing major traffic backup for 4 miles (case 4213). Police on scene.,102,us,,,,,,,
A-3680,2.0,OH,City 30,County 0,Highway 80,2016-02-08 07:39:07,Accident reported on Highway 80 causing major traffic backup for 1 miles (case 3680). Police on scene.,102,us,,,,,,,
A-3093,2.0,OH,City 43,County 13,Highway 93,2016-02-08 07:39:07,Accident reported on Highway 93 causing major traffic backup for 4 miles (case 3093). Police on scene.,102,us,,,,,,,
A-4786,2.0,OH,City 36,County 6,Highway 86,2016-02-08 07:39:07,Accident reported on Highway 86 causing major traffic backup for 2 miles (case 4786). Police on scene.,102,us,,,,,,,
A-3651,2.0,OH,City 1,County 11,Highway 51,2016-02-08 07:39:07,Accident reported on Highway 51 causing major traffic backup for 2 miles (case 3651). Police on scene.,102,us,,,,,,,
A-3447,2.0,OH,City 47,County 7,Highway 47,2016-02-08 07:39:07,Accident reported on Highway 47 causing major traffic backup for 3 miles (case 3447). Police on scene.,102,us,,,,,,,
A-2028,2.0,OH,City 28,County 8,Highway 28,2016-02-08 07:39:07,Accident reported on Highway 28 causing major traffic backup for 4 miles (case 2028). Police on scene.,102,us,,,,,,,
A-832,2.0,OH,City 32,County 12,Highway 32,2016-02-08 07:39:07,Accident reported on Highway 32 causing major traffic backup for 3 miles (case 832). Police on scene.,101,us,,,,,,,
A-1438,2.0,OH,City 38,County 18,Highway 38,2016-02-08 07:39:07,Accident reported on Highway 38 causing major traffic backup for 4 miles (case 1438). Police on scene.,102,us,,,,,,,
A-4526,2.0,OH,City 26,County 6,Highway 26,2016-02-08 07:39:07,Accident reported on Highway 26 causing major traffic backup for 2 miles (case 4526). Police on scene.,102,us,,,,,,,
A-4920,2.0,OH,City 20,County 0,Highway 20,2016-02-08 07:39:07,Accident reported on Highway 20 causing major traffic backup for 1 miles (case 4920). Police on scene.,102,us,,,,,,,
A-860,2.0,OH,City 10,County 0,Highway 60,2016-02-08 07:39:07,Accident reported on Highway 60 causing major traffic backup for 1 miles (case 860). Police on scene.,101,us,,,,,,,
A-1327,2.0,OH,City 27,County 7,Highway 27,2016-02-08 07:39:07,Accident reported on Highway 27 causing major traffic backup for 3 miles (case 1327). Police on scene.,102,us,,,,,,,
A-1554,2.0,OH,City 4,County 14,Highway 54,2016-02-08 07:39:07,Accident reported on Highway 54 causing major traffic backup for 5 miles (case 1554). Police on scene.,102,us,,,,,,,
A-3025,2.0,OH,City 25,County 5,Highway 25,2016-02-08 07:39:07,Accident reported on Highway 25 causing major traffic backup for 1 miles (case 3025). Police on scene.,102,us,,,,,,,
A-3218,2.0,OH,City 18,County 18,Highway 18,2016-02-08 07:39:07,Accident reported on Highway 18 causing major traffic backup for 4 miles (case 3218). Police on scene.,102,us,,,,,,,
A-4191,2.0,OH,City 41,County 11,Highway 91,2016-02-08 07:39:07,Accident reported on Highway 91 causing major traffic backup for 2 miles (case 4191). Police on scene.,102,us,,,,,,,
A-3069,2.0,OH,City 19,County 9,Highway 69,2016-02-08 07:39:07,Accident reported on Highway 69 causing major traffic backup for 5 miles (case 3069). Police on scene.,102,us,,,,,,,
A-2237,2.0,OH,City 37,County 17,Highway 37,2016-02-08 07:39:07,Accident reported on Highway 37 causing major traffic backup for 3 miles (case 2237). Police on scene.,102,us,,,,,,,
A-4975,2.0,OH,City 25,County 15,Highway 75,2016-02-08 07:39:07,Accident reported on Highway 75 causing major traffic backup for 1 miles (case 4975). Police on scene.,102,us,,,,,,,
A-2321,2.0,OH,City 21,County 1,Highway 21,2016-02-08 07:39:07,Accident reported on Highway 21 causing major traffic backup for 2 miles (case 2321). Police on scene.,102,us,,,,,,,
A-4990,2.0,OH,City 40,County 10,Highway 90,2016-02-08 07:39:07,Accident reported on Highway 90 causing major traffic backup for 1 miles (case 4990). Police on scene.,102,us,,,,,,,
A-3508,2.0,OH,City 8,County 8,Highway 8,2016-02-08 07:39:07,Accident reported on Highway 8 causing major traffic backup for 4 miles (case 3508). Police on scene.,101,us,,,,,,,
A-3316,2.0,OH,City 16,County 16,Highway 16,2016-02-08 07:39:07,Accident reported on Highway 16 causing major traffic backup for 2 miles (case 3316). Police on scene.,102,us,,,,,,,
A-2540,2.0,OH,City 40,County 0,Highway 40,2016-02-08 07:39:07,Accident reported on Highway 40 causing major traffic backup for 1 miles (case 2540). Police on scene.,102,us,,,,,,,
A-1379,2.0,OH,City 29,County 19,Highway 79,2016-02-08 07:39:07,Accident reported on Highway 79 causing major traffic backup for 5 miles (case 1379). Police on scene.,102,us,,,,,,,
A-3509,2.0,OH,City 9,County 9,Highway 9,2016-02-08 07:39:07,Accident reported on Highway 9 causing major traffic backup for 5 miles (case 3509). Police on scene.,101,us,,,,,,,
A-74,2.0,OH,City 24,County 14,Highway 74,2016-02-08 07:39:07,Accident reported on Highway 74 causing major traffic backup for 5 miles (case 74). Police on scene.,100,us,,,,,,,
A-2580,2.0,OH,City 30,County 0,Highway 80,2016-02-08 07:39:07,Accident reported on Highway 80 causing major traffic backup for 1 miles (case 2580). Police on scene.,102,us,,,,,,,
A-3685,2.0,OH,City 35,County 5,Highway 85,2016-02-08 07:39:07,Accident reported on Highway 85 causing major traffic backup for 1 miles (case 3685). Police on scene.,102,us,,,,,,,
A-2837,2.0,OH,City 37,County 17,Highway 37,2016-02-08 07:39:07,Accident reported on Highway 37 causing major traffic backup for 3 miles (case 2837). Police on scene.,102,us,,,,,,,
A-3235,2.0,OH,City 35,County 15,Highway 35,2016-02-08 07:39:07,Accident reported on Highway 35 causing major traffic backup for 1 miles (case 3235). Police on scene.,102,us,,,,,,,
A-1024,2.0,OH,City 24,County 4,Highway 24,2016-02-08 07:39:07,Accident reported on Highway 24 causing major traffic backup for 5 miles (case 1024). Police on scene.,102,us,,,,,,,
A-1094,2.0,OH,City 44,County 14,Highway 94,2016-02-08 07:39:07,Accident reported on Highway 94 causing major traffic backup for 5 miles (case 1094). Police on scene.,102,us,,,,,,,
A-809,2.0,OH,City 9,County 9,Highway 9,2016-02-08 07:39:07,Accident reported on Highway 9 causing major traffic backup for 5 miles (case 809). Police on scene.,100,us,,,,,,,
A-4050,2.0,OH,City 0,County 10,Highway 50,2016-02-08 07:39:07,Accident reported on Highway 50 causing major traffic backup for 1 miles (case 4050). Police on scene.,102,us,,,,,,,
A-630,2.0,OH,City 30,County 10,Highway 30,2016-02-08 07:39:07,Accident reported on Highway 30 causing major traffic backup for 1 miles (case 630). Police on scene.,101,us,,,,,,,
A-1179,2.0,OH,City 29,County 19,Highway 79,2016-02-08 07:39:07,Accident reported on Highway 79 causing major traffic backup for 5 miles (case 1179). Police on scene.,102,us,,,,,,,
A-2631,2.0,OH,City 31,County 11,Highway 31,2016-02-08 07:39:07,Accident reported on Highway 31 causing major traffic backup for 2 miles (case 2631). Police on scene.,102,us,,,,,,,
A-2634,2.0,OH,City 34,County 14,Highway 34,2016-02-08 07:39:07,Accident reported on Highway 34 causing major traffic backup for 5 miles (case 2634). Police on scene.,102,us,,,,,,,
A-3663,2.0,OH,City 13,County 3,Highway 63,2016-02-08 07:39:07,Accident reported on Highway 63 causing major traffic backup for 4 miles (case 3663). Police on scene.,102,us,,,,,,,
A-802,2.0,OH,City 2,County 2,Highway 2,2016-02-08 07:39:07,Accident reported on Highway 2 causing major traffic backup for 3 miles (case 802). Police on scene.,100,us,,,,,,,
A-2673,2.0,OH,City 23,County 13,Highway 73,2016-02-08 07:39:07,Accident reported on Highway 73 causing major traffic backup for 4 miles (case 2673). Police on scene.,102,us,,,,,,,
A-4849,2.0,OH,City 49,County 9,Highway 49,2016-02-08 07:39:07,Accident reported on Highway 49 causing major traffic backup for 5 miles (case 4849). Police on scene.,102,us,,,,,,,
A-1285,2.0,OH,City 35,County 5,Highway 85,2016-02-08 07:39:07,Accident reported on Highway 85 causing major traffic backup for 1 miles (case 1285). Police on scene.,102,us,,,,,,,
A-915,2.0,OH,City 15,County 15,Highway 15,2016-02-08 07:39:07,Accident reported on Highway 15 causing major traffic backup for 1 miles (case 915). Police on scene.,101,us,,,,,,,
A-2229,2.0,OH,City 29,County 9,Highway 29,2016-02-08 07:39:07,Accident reported on Highway 29 causing major traffic backup for 5 miles (case 2229). Police on scene.,102,us,,,,,,,
A-3011,2.0,OH,City 11,County 11,Highway 11,2016-02-08 07:39:07,Accident reported on Highway 11 causing major traffic backup for 2 miles (case 3011). Police on scene.,102,us,,,,,,,
A-2653,2.0,OH,City 3,County 13,Highway 53,2016-02-08 07:39:07,Accident reported on Highway 53 causing major traffic backup for 4 miles (case 2653). Police on scene.,102,us,,,,,,,
A-646,2.0,OH,City 46,County 6,Highway 46,2016-02-08 07:39:07,Accident reported on Highway 46 causing major traffic backup for 2 miles (case 646). Police on scene.,101,us,,,,,,,
A-4844,2.0,OH,City 44,County 4,Highway 44,2016-02-08 07:39:07,Accident reported on Highway 44 causing major traffic backup for 5 miles (case 4844). Police on scene.,102,us,,,,,,,
A-709,2.0,OH,City 9,County 9,Highway 9,2016-02-08 07:39:07,Accident reported on Highway 9 causing major traffic backup for 5 miles (case 709). Police on scene.,100,us,,,,,,,
A-1874,2.0,OH,City 24,County 14,Highway 74,2016-02-08 07:39:07,Accident reported on Highway 74 causing major traffic backup for 5 miles (case 1874). Police on scene.,102,us,,,,,,,
A-4520,2.0,OH,City 20,County 0,Highway 20,2016-02-08 07:39:07,Accident reported on Highway 20 causing major traffic backup for 1 miles (case 4520). Police on scene.,102,us,,,,,,,
A-3838,2.0,OH,City 38,County 18,Highway 38,2016-02-08 07:39:07,Accident reported on Highway 38 causing major traffic backup for 4 miles (case 3838). Police on scene.,102,us,,,,,,,
A-4254,2.0,OH,City 4,County 14,Highway 54,2016-02-08 07:39:07,Accident reported on Highway 54 causing major traffic backup for 5 miles (case 4254). Police on scene.,102,us,,,,,,,
A-1976,2.0,OH,City 26,County 16,Highway 76,2016-02-08 07:39:07,Accident reported on Highway 76 causing major traffic backup for 2 miles (case 1976). Police on scene.,102,us,,,,,,,
A-3933,2.0,OH,City 33,County 13,Highway 33,2016-02-08 07:39:07,Accident reported on Highway 33 causing major traffic backup for 4 miles (case 3933). Police on scene.,102,us,,,,,,,
A-2595,2.0,OH,City 45,County 15,Highway 95,2016-02-08 07:39:07,Accident reported on Highway 95 causing major traffic backup for 1 miles (case 2595). Police on scene.,102,us,,,,,,,
A-1769,2.0,OH,City 19,County 9,Highway 69,2016-02-08 07:39:07,Accident reported on Highway 69 causing major traffic backup for 5 miles (case 1769). Police on scene.,102,us,,,,,,,
A-1248,2.0,OH,City 48,County 8,Highway 48,2016-02-08 07:39:07,Accident reported on Highway 48 causing major traffic backup for 4 miles (case 1248). Police on scene.,102,us,,,,,,,
A-3710,2.0,OH,City 10,County 10,Highway 10,2016-02-08 07:39:07,Accident reported on Highway 10 causing major traffic backup for 1 miles (case 3710). Police on scene.,102,us,,,,,,,
A-3634,2.0,OH,City 34,County 14,Highway 34,2016-02-08 07:39:07,Accident reported on Highway 34 causing major traffic backup for 5 miles (case 3634). Police on scene.,102,us,,,,,,,
A-237,2.0,OH,City 37,County 17,Highway 37,2016-02-08 07:39:07,Accident reported on Highway 37 causing major traffic backup for 3 miles (case 237). Police on scene.,101,us,,,,,,,
A-4567,2.0,OH,City 17,County 7,Highway 67,2016-02-08 07:39:07,Accident reported on Highway 67 causing major traffic backup for 3 miles (case 4567). Police on scene.,102,us,,,,,,,
A-1881,2.0,OH,City 31,County 1,Highway 81,2016-02-08 07:39:07,Accident reported on Highway 81 causing major traffic backup for 2 miles (case 1881). Police on scene.,102,us,,,,,,,
A-419,2.0,OH,City 19,County 19,Highway 19,2016-02-08 07:39:07,Accident reported on Highway 19 causing major traffic backup for 5 miles (case 419). Police on scene.,101,us,,,,,,,
A-1348,2.0,OH,City 48,County 8,Highway 48,2016-02-08 07:39:07,Accident reported on Highway 48 causing major traffic backup for 4 miles (case 1348). Police on scene.,102,us,,,,,,,
A-2225,2.0,OH,City 25,County 5,Highway 25,2016-02-08 07:39:07,Accident reported on Highway 25 causing major traffic backup for 1 miles (case 2225). Police on scene.,102,us,,,,,,,
A-1484,2.0,OH,City 34,County 4,Highway 84,2016-02-08 07:39:07,Accident reported on Highway 84 causing major traffic backup for 5 miles (case 1484). Police on scene.,102,us,,,,,,,
A-4016,2.0,OH,City 16,County 16,Highway 16,2016-02-08 07:39:07,Accident reported on Highway 16 causing major traffic backup for 2 miles (case 4016). Police on scene.,102,us,,,,,,,
A-21,2.0,OH,City 21,County 1,Highway 21,2016-02-08 07:39:07,Accident reported on Highway 21 causing major traffic backup for 2 miles (case 21). Police on scene.,100,us,,,,,,,
A-2056,2.0,OH,City 6,County 16,Highway 56,2016-02-08 07:39:07,Accident reported on Highway 56 causing major traffic backup for 2 miles (case 2056). Police on scene.,102,us,,,,,,,
A-911,2.0,OH,City 11,County 11,Highway 11,2016-02-08 07:39:07,Accident reported on Highway 11 causing major traffic backup for 2 miles (case 911). Police on scene.,101,us,,,,,,,
A-600,2.0,OH,City 0,County 0,Highway 0,2016-02-08 07:39:07,Accident reported on Highway 0 causing major traffic backup for 1 miles (case 600). Police on scene.,100,us,,,,,,,
A-4858,2.0,OH,City 8,County 18,Highway 58,2016-02-08 07:39:07,Accident reported on Highway 58 causing major traffic backup for 4 miles (case 4858). Police on scene.,102,us,,,,,,,
A-3207,2.0,OH,City 7,County 7,Highway 7,2016-02-08 07:39:07,Accident reported on Highway 7 causing major traffic backup for 3 miles (case 3207). Police on scene.,101,us,,,,,,,
A-930,2.0,OH,City 30,County 10,Highway 30,2016-02-08 07:39:07,Accident reported on Highway 30 causing major traffic backup for 1 miles (case 930). Police on scene.,101,us,,,,,,,
A-3703,2.0,OH,City 3,County 3,Highway 3,2016-02-08 07:39:07,Accident reported on Highway 3 causing major traffic backup for 4 miles (case 3703). Police on scene.,101,us,,,,,,,
A-4577,2.0,OH,City 27,County 17,Highway 77,2016-02-08 07:39:07,Accident reported on Highway 77 causing major traffic backup for 3 miles (case 4577). Police on scene.,102,us,,,,,,,
A-375,2.0,OH,City 25,County 15,Highway 75,2016-02-08 07:39:07,Accident reported on Highway 75 causing major traffic backup for 1 miles (case 375). Police on scene.,101,us,,,,,,,
A-1339,2.0,OH,City 39,County 19,Highway 39,2016-02-08 07:39:07,Accident reported on Highway 39 causing major traffic backup for 5 miles (case 1339). Police on scene.,102,us,,,,,,,
A-602,2.0,OH,City 2,County 2,Highway 2,2016-02-08 07:39:07,Accident reported on Highway 2 causing major traffic backup for 3 miles (case 602). Police on scene.,100,us,,,,,,,
A-242,2.0,OH,City 42,County 2,Highway 42,2016-02-08 07:39:07,Accident reported on Highway 42 causing major traffic backup for 3 miles (case 242). Police on scene.,101,us,,,,,,,
A-3538,2.0,OH,City 38,County 18,Highway 38,2016-02-08 07:39:07,Accident reported on Highway 38 causing major traffic backup for 4 miles (case 3538). Police on scene.,102,us,,,,,,,
A-1297,2.0,OH,City 47,County 17,Highway 97,2016-02-08 07:39:07,Accident reported on Highway 97 causing major traffic backup for 3 miles (case 1297). Police on scene.,102,us,,,,,,,
A-1201,2.0,OH,City 1,County 1,Highway 1,2016-02-08 07:39:07,Accident reported on Highway 1 causing major traffic backup for 2 miles (case 1201). Police on scene.,101,us,,,,,,,
A-2955,2.0,OH,City 5,County 15,Highway 55,2016-02-08 07:39:07,Accident reported on Highway 55 causing major traffic backup for 1 miles (case 2955). Police on scene.,102,us,,,,,,,
A-1783,2.0,OH,City 33,County 3,Highway 83,2016-02-08 07:39:07,Accident reported on Highway 83 causing major traffic backup for 4 miles (case 1783). Police on scene.,102,us,,,,,,,
A-1662,2.0,OH,City 12,County 2,Highway 62,2016-02-08 07:39:07,Accident reported on Highway 62 causing major traffic backup for 3 miles (case 1662). Police on scene.,102,us,,,,,,,
A-3337,2.0,OH,City 37,County 17,Highway 37,2016-02-08 07:39:07,Accident reported on Highway 37 causing major traffic backup for 3 miles (case 3337). Police on scene.,102,us,,,,,,,
A-3462,2.0,OH,City 12,County 2,Highway 62,2016-02-08 07:39:07,Accident reported on Highway 62 causing major traffic backup for 3 miles (case 3462). Police on scene.,102,us,,,,,,,
A-3101,2.0,OH,City 1,County 1,Highway 1,2016-02-08 07:39:07,Accident reported on Highway 1 causing major traffic backup for 2 miles (case 3101). Police on scene.,101,us,,,,,,,
A-4621,2.0,OH,City 21,County 1,Highway 21,2016-02-08 07:39:07,Accident reported on Highway 21 causing major traffic backup for 2 miles (case 4621). Police on scene.,102,us,,,,,,,
A-2972,2.0,OH,City 22,County 12,Highway 72,2016-02-08 07:39:07,Accident reported on Highway 72 causing major traffic backup for 3 miles (case 2972). Police on scene.,102,us,,,,,,,
A-4505,2.0,OH,City 5,County 5,Highway 5,2016-02-08 07:39:07,Accident reported on Highway 5 causing major traffic backup for 1 miles (case 4505). Police on scene.,101,us,,,,,,,
A-4562,2.0,OH,City 12,County 2,Highway 62,2016-02-08 07:39:07,Accident reported on Highway 62 causing major traffic backup for 3 miles (case 4562). Police on scene.,102,us,,,,,,,
A-2008,2.0,OH,City 8,County 8,Highway 8,2016-02-08 07:39:07,Accident reported on Highway 8 causing major traffic backup for 4 miles (case 2008). Police on scene.,101,us,,,,,,,
A-4624,2.0,OH,City 24,County 4,Highway 24,2016-02-08 07:39:07,Accident reported on Highway 24 causing major traffic backup for 5 miles (case 4624). Police on scene.,102,us,,,,,,,
A-798,2.0,OH,City 48,County 18,Highway 98,2016-02-08 07:39:07,Accident reported on Highway 98 causing major traffic backup for 4 miles (case 798). Police on scene.,101,us,,,,,,,
A-4719,2.0,OH,City 19,County 19,Highway 19,2016-02-08 07:39:07,Accident reported on Highway 19 causing major traffic backup for 5 miles (case 4719). Police on scene.,102,us,,,,,,,
A-1673,2.0,OH,City 23,County 13,Highway 73,2016-02-08 07:39:07,Accident reported on Highway 73 causing major traffic backup for 4 miles (case 1673). Police on scene.,102,us,,,,,,,
A-746,2.0,OH,City 46,County 6,Highway 46,2016-02-08 07:39:07,Accident reported on Highway 46 causing major traffic backup for 2 miles (case 746). Police on scene.,101,us,,,,,,,
A-1219,2.0,OH,City 19,County 19,Highway 19,2016-02-08 07:39:07,Accident reported on Highway 19 causing major traffic backup for 5 miles (case 1219). Police on scene.,102,us,,,,,,,
A-3913,2.0,OH,City 13,County 13,Highway 13,2016-02-08 07:39:07,Accident reported on Highway 13 causing major traffic backup for 4 miles (case 3913). Police on scene.,102,us,,,,,,,
A-625,2.0,OH,City 25,County 5,Highway 25,2016-02-08 07:39:07,Accident reported on Highway 25 causing major traffic backup for 1 miles (case 625). Police on scene.,101,us,,,,,,,
A-2807,2.0,OH,City 7,County 7,Highway 7,2016-02-08 07:39:07,Accident reported on Highway 7 causing major traffic backup for 3 miles (case 2807). Police on scene.,101,us,,,,,,,
A-3627,2.0,OH,City 27,County 7,Highway 27,2016-02-08 07:39:07,Accident reported on Highway 27 causing major traffic backup for 3 miles (case 3627). Police on scene.,102,us,,,,,,,
A-4097,2.0,OH,City 47,County 17,Highway 97,2016-02-08 07:39:07,Accident reported on Highway 97 causing major traffic backup for 3 miles (case 4097). Police on scene.,102,us,,,,,,,
A-1654,2.0,OH,City 4,County 14,Highway 54,2016-02-08 07:39:07,Accident reported on Highway 54 causing major traffic backup for 5 miles (case 1654). Police on scene.,102,us,,,,,,,
A-4451,2.0,OH,City 1,County 11,Highway 51,2016-02-08 07:39:07,Accident reported on Highway 51 causing major traffic backup for 2 miles (case 4451). Police on scene.,102,us,,,,,,,
A-1204,2.0,OH,City 4,County 4,Highway 4,2016-02-08 07:39:07,Accident reported on Highway 4 causing major traffic backup for 5 miles (case 1204). Police on scene.,101,us,,,,,,,
A-55,2.0,OH,City 5,County 15,Highway 55,2016-02-08 07:39:07,Accident reported on Highway 55 causing major traffic backup for 1 miles (case 55). Police on scene.,100,us,,,,,,,
A-4626,2.0,OH,City 26,County 6,Highway 26,2016-02-08 07:39:07,Accident reported on Highway 26 causing major traffic backup for 2 miles (case 4626). Police on scene.,102,us,,,,,,,
A-2574,2.0,OH,City 24,County 14,Highway 74,2016-02-08 07:39:07,Accident reported on Highway 74 causing major traffic backup for 5 miles (case 2574). Police on scene.,102,us,,,,,,,
A-1349,2.0,OH,City 49,County 9,Highway 49,2016-02-08 07:39:07,Accident reported on Highway 49 causing major traffic backup for 5 miles (case 1349). Police on scene.,102,us,,,,,,,
A-538,2.0,OH,City 38,County 18,Highway 38,2016-02-08 07:39:07,Accident reported on Highway 38 causing major traffic backup for 4 miles (case 538). Police on scene.,101,us,,,,,,,
A-3579,2.0,OH,City 29,County 19,Highway 79,2016-02-08 07:39:07,Accident reported on Highway 79 causing major traffic backup for 5 miles (case 3579). Police on scene.,102,us,,,,,,,
A-4122,2.0,OH,City 22,County 2,Highway 22,2016-02-08 07:39:07,Accident reported on Highway 22 causing major traffic backup for 3 miles (case 4122). Police on scene.,102,us,,,,,,,
A-447,2.0,OH,City 47,County 7,Highway 47,2016-02-08 07:39:07,Accident reported on Highway 47 causing major traffic backup for 3 miles (case 447). Police on scene.,101,us,,,,,,,
A-931,2.0,OH,City 31,County 11,Highway 31,2016-02-08 07:39:07,Accident reported on Highway 31 causing major traffic backup for 2 miles (case 931). Police on scene.,101,us,,,,,,,
A-199,2.0,OH,City 49,County 19,Highway 99,2016-02-08 07:39:07,Accident reported on Highway 99 causing major traffic backup for 5 miles (case 199). Police on scene.,101,us,,,,,,,
A-685,2.0,OH,City 35,County 5,Highway 85,2016-02-08 07:39:07,Accident reported on Highway 85 causing major traffic backup for 1 miles (case 685). Police on scene.,101,us,,,,,,,
A-3639,2.0,OH,City 39,County 19,Highway 39,2016-02-08 07:39:07,Accident reported on Highway 39 causing major traffic backup for 5 miles (case 3639). Police on scene.,102,us,,,,,,,
A-815,2.0,OH,City 15,County 15,Highway 15,2016-02-08 07:39:07,Accident reported on Highway 15 causing major traffic backup for 1 miles (case 815). Police on scene.,101,us,,,,,,,
A-3130,2.0,OH,City 30,County 10,Highway 30,2016-02-08 07:39:07,Accident reported on Highway 30 causing major traffic backup for 1 miles (case 3130). Police on scene.,102,us,,,,,,,
A-3614,2.0,OH,City 14,County 14,Highway 14,2016-02-08 07:39:07,Accident reported on Highway 14 causing major traffic backup for 5 miles (case 3614). Police on scene.,102,us,,,,,,,
A-1365,2.0,OH,City 15,County 5,Highway 65,2016-02-08 07:39:07,Accident reported on Highway 65 causing major traffic backup for 1 miles (case 1365). Police on scene.,102,us,,,,,,,
A-4613,2.0,OH,City 13,County 13,Highway 13,2016-02-08 07:39:07,Accident reported on Highway 13 causing major traffic backup for 4 miles (case 4613). Police on scene.,102,us,,,,,,,
A-2559,2.0,OH,City 9,County 19,Highway 59,2016-02-08 07:39:07,Accident reported on Highway 59 causing major traffic backup for 5 miles (case 2559). Police on scene.,102,us,,,,,,,
A-2920,2.0,OH,City 20,County 0,Highway 20,2016-02-08 07:39:07,Accident reported on Highway 20 causing major traffic backup for 1 miles (case 2920). Police on scene.,102,us,,,,,,,
A-648,2.0,OH,City 48,County 8,Highway 48,2016-02-08 07:39:07,Accident reported on Highway 48 causing major traffic backup for 4 miles (case 648). Police on scene.,101,us,,,,,,,
A-3541,2.0,OH,City 41,County 1,Highway 41,2016-02-08 07:39:07,Accident reported on Highway 41 causing major traffic backup for 2 miles (case 3541). Police on scene.,102,us,,,,,,,
A-3519,2.0,OH,City 19,County 19,Highway 19,2016-02-08 07:39:07,Accident reported on Highway 19 causing major traffic backup for 5 miles (case 3519). Police on scene.,102,us,,,,,,,
A-4032,2.0,OH,City 32,County 12,Highway 32,2016-02-08 07:39:07,Accident reported on Highway 32 causing major traffic backup for 3 miles (case 4032). Police on scene.,102,us,,,,,,,
A-4404,2.0,OH,City 4,County 4,Highway 4,2016-02-08 07:39:07,Accident reported on Highway 4 causing major traffic backup for 5 miles (case 4404). Police on scene.,101,us,,,,,,,
A-124,2.0,OH,City 24,County 4,Highway 24,2016-02-08 07:39:07,Accident reported on Highway 24 causing major traffic backup for 5 miles (case 124). Police on scene.,101,us,,,,,,,
A-1225,2.0,OH,City 25,County 5,Highway 25,2016-02-08 07:39:07,Accident reported on Highway 25 causing major traffic backup for 1 miles (case 1225). Police on scene.,102,us,,,,,,,
A-2399,2.0,OH,City 49,County 19,Highway 99,2016-02-08 07:39:07,Accident reported on Highway 99 causing major traffic backup for 5 miles (case 2399). Police on scene.,102,us,,,,,,,
A-4888,2.0,OH,City 38,County 8,Highway 88,2016-02-08 07:39:07,Accident reported on Highway 88 causing major traffic backup for 4 miles (case 4888). Police on scene.,102,us,,,,,,,
A-4720,2.0,OH,City 20,County 0,Highway 20,2016-02-08 07:39:07,Accident reported on Highway 20 causing major traffic backup for 1 miles (case 4720). Police on scene.,102,us,,,,,,,
A-3753,2.0,OH,City 3,County 13,Highway 53,2016-02-08 07:39:07,Accident reported on Highway 53 causing major traffic backup for 4 miles (case 3753). Police on scene.,102,us,,,,,,,
A-138,2.0,OH,City 38,County 18,Highway 38,2016-02-08 07:39:07,Accident reported on Highway 38 causing major traffic backup for 4 miles (case 138). Police on scene.,101,us,,,,,,,
A-4682,2.0,OH,City 32,County 2,Highway 82,2016-02-08 07:39:07,Accident reported on Highway 82 causing major traffic backup for 3 miles (case 4682). Police on scene.,102,us,,,,,,,
A-2571,2.0,OH,City 21,County 11,Highway 71,2016-02-08 07:39:07,Accident reported on Highway 71 causing major traffic backup for 2 miles (case 2571). Police on scene.,102,us,,,,,,,
A-2558,2.0,OH,City 8,County 18,Highway 58,2016-02-08 07:39:07,Accident reported on Highway 58 causing major traffic backup for 4 miles (case 2558). Police on scene.,102,us,,,,,,,
A-188,2.0,OH,City 38,County 8,Highway 88,2016-02-08 07:39:07,Accident reported on Highway 88 causing major traffic backup for 4 miles (case 188). Police on scene.,101,us,,,,,,,
A-4854,2.0,OH,City 4,County 14,Highway 54,2016-02-08 07:39:07,Accident reported on Highway 54 causing major traffic backup for 5 miles (case 4854). Police on scene.,102,us,,,,,,,
A-515,2.0,OH,City 15,County 15,Highway 15,2016-02-08 07:39:07,Accident reported on Highway 15 causing major traffic backup for 1 miles (case 515). Police on scene.,101,us,,,,,,,
A-3599,2.0,OH,City 49,County 19,Highway 99,2016-02-08 07:39:07,Accident reported on Highway 99 causing major traffic backup for 5 miles (case 3599). Police on scene.,102,us,,,,,,,
A-4051,2.0,OH,City 1,County 11,Highway 51,2016-02-08 07:39:07,Accident reported on Highway 51 causing major traffic backup for 2 miles (case 4051). Police on scene.,102,us,,,,,,,
A-3135,2.0,OH,City 35,County 15,Highway 35,2016-02-08 07:39:07,Accident reported on Highway 35 causing major traffic backup for 1 miles (case 3135). Police on scene.,102,us,,,,,,,
A-2668,2.0,OH,City 18,County 8,Highway 68,2016-02-08 07:39:07,Accident reported on Highway 68 causing major traffic backup for 4 miles (case 2668). Police on scene.,102,us,,,,,,,
A-3712,2.0,OH,City 12,County 12,Highway 12,2016-02-08 07:39:07,Accident reported on Highway 12 causing major traffic backup for 3 miles (case 3712). Police on scene.,102,us,,,,,,,
A-715,2.0,OH,City 15,County 15,Highway 15,2016-02-08 07:39:07,Accident reported on Highway 15 causing major traffic backup for 1 miles (case 715). Police on scene.,101,us,,,,,,,
A-968,2.0,OH,City 18,County 8,Highway 68,2016-02-08 07:39:07,Accident reported on Highway 68 causing major traffic backup for 4 miles (case 968). Police on scene.,101,us,,,,,,,
A-255,2.0,OH,City 5,County 15,Highway 55,2016-02-08 07:39:07,Accident reported on Highway 55 causing major traffic backup for 1 miles (case 255). Police on scene.,101,us,,,,,,,
A-2313,2.0,OH,City 13,County 13,Highway 13,2016-02-08 07:39:07,Accident reported on Highway 13 causing major traffic backup for 4 miles (case 2313). Police on scene.,102,us,,,,,,,
A-2006,2.0,OH,City 6,County 6,Highway 6,2016-02-08 07:39:07,Accident reported on Highway 6 causing major traffic backup for 2 miles (case 2006). Police on scene.,101,us,,,,,,,
A-4846,2.0,OH,City 46,County 6,Highway 46,2016-02-08 07:39:07,Accident reported on Highway 46 causing major traffic backup for 2 miles (case 4846). Police on scene.,102,us,,,,,,,
A-2956,2.0,OH,City 6,County 16,Highway 56,2016-02-08 07:39:07,Accident reported on Highway 56 causing major traffic backup for 2 miles (case 2956). Police on scene.,102,us,,,,,,,
A-126,2.0,OH,City 26,County 6,Highway 26,2016-02-08 07:39:07,Accident reported on Highway 26 causing major traffic backup for 2 miles (case 126). Police on scene.,101,us,,,,,,,
A-1706,2.0,OH,City 6,County 6,Highway 6,2016-02-08 07:39:07,Accident reported on Highway 6 causing major traffic backup for 2 miles (case 1706). Police on scene.,101,us,,,,,,,
A-2729,2.0,OH,City 29,County 9,Highway 29,2016-02-08 07:39:07,Accident reported on Highway 29 causing major traffic backup for 5 miles (case 2729). Police on scene.,102,us,,,,,,,
A-4153,2.0,OH,City 3,County 13,Highway 53,2016-02-08 07:39:07,Accident reported on Highway 53 causing major traffic backup for 4 miles (case 4153). Police on scene.,102,us,,,,,,,
A-1788,2.0,OH,City 38,County 8,Highway 88,2016-02-08 07:39:07,Accident reported on Highway 88 causing major traffic backup for 4 miles (case 1788). Police on scene.,102,us,,,,,,,
A-571,2.0,OH,City 21,County 11,Highway 71,2016-02-08 07:39:07,Accident reported on Highway 71 causing major traffic backup for 2 miles (case 571). Police on scene.,101,us,,,,,,,
A-1431,2.0,OH,City 31,County 11,Highway 31,2016-02-08 07:39:07,Accident reported on Highway 31 causing major traffic backup for 2 miles (case 1431). Police on scene.,102,us,,,,,,,
A-3183,2.0,OH,City 33,County 3,Highway 83,2016-02-08 07:39:07,Accident reported on Highway 83 causing major traffic backup for 4 miles (case 3183). Police on scene.,102,us,,,,,,,
A-1191,2.0,OH,City 41,County 11,Highway 91,2016-02-08 07:39:07,Accident reported on Highway 91 causing major traffic backup for 2 miles (case 1191). Police on scene.,102,us,,,,,,,
A-3797,2.0,OH,City 47,County 17,Highway 97,2016-02-08 07:39:07,Accident reported on Highway 97 causing major traffic backup for 3 miles (case 3797). Police on scene.,102,us,,,,,,,
A-1452,2.0,OH,City 2,County 12,Highway 52,2016-02-08 07:39:07,Accident reported on Highway 52 causing major traffic backup for 3 miles (case 1452). Police on scene.,102,us,,,,,,,
A-1878,2.0,OH,City 28,County 18,Highway 78,2016-02-08 07:39:07,Accident reported on Highway 78 causing major traffic backup for 4 miles (case 1878). Police on scene.,102,us,,,,,,,
A-4673,2.0,OH,City 23,County 13,Highway 73,2016-02-08 07:39:07,Accident reported on Highway 73 causing major traffic backup for 4 miles (case 4673). Police on scene.,102,us,,,,,,,
A-4087,2.0,OH,City 37,County 7,Highway 87,2016-02-08 07:39:07,Accident reported on Highway 87 causing major traffic backup for 3 miles (case 4087). Police on scene.,102,us,,,,,,,
A-4519,2.0,OH,City 19,County 19,Highway 19,2016-02-08 07:39:07,Accident reported on Highway 19 causing major traffic backup for 5 miles (case 4519). Police on scene.,102,us,,,,,,,
A-2709,2.0,OH,City 9,County 9,Highway 9,2016-02-08 07:39:07,Accident reported on Highway 9 causing major traffic backup for 5 miles (case 2709). Police on scene.,101,us,,,,,,,
A-2020,2.0,OH,City 20,County 0,Highway 20,2016-02-08 07:39:07,Accident reported on Highway 20 causing major traffic backup for 1 miles (case 2020). Police on scene.,102,us,,,,,,,
A-1410,2.0,OH,City 10,County 10,Highway 10,2016-02-08 07:39:07,Accident reported on Highway 10 causing major traffic backup for 1 miles (case 1410). Police on scene.,102,us,,,,,,,
A-606,2.0,OH,City 6,County 6,Highway 6,2016-02-08 07:39:07,Accident reported on Highway 6 causing major traffic backup for 2 miles (case 606). Police on scene.,100,us,,,,,,,
A-4889,2.0,OH,City 39,County 9,Highway 89,2016-02-08 07:39:07,Accident reported on Highway 89 causing major traffic backup for 5 miles (case 4889). Police on scene.,102,us,,,,,,,
A-4076,2.0,OH,City 26,County 16,Highway 76,2016-02-08 07:39:07,Accident reported on Highway 76 causing major traffic backup for 2 miles (case 4076). Police on scene.,102,us,,,,,,,
A-4749,2.0,OH,City 49,County 9,Highway 49,2016-02-08 07:39:07,Accident reported on Highway 49 causing major traffic backup for 5 miles (case 4749). Police on scene.,102,us,,,,,,,
A-4533,2.0,OH,City 33,County 13,Highway 33,2016-02-08 07:39:07,Accident reported on Highway 33 causing major traffic backup for 4 miles (case 4533). Police on scene.,102,us,,,,,,,
A-322,2.0,OH,City 22,County 2,Highway 22,2016-02-08 07:39:07,Accident reported on Highway 22 causing major traffic backup for 3 miles (case 322). Police on scene.,101,us,,,,,,,
A-1599,2.0,OH,City 49,County 19,Highway 99,2016-02-08 07:39:07,Accident reported on Highway 99 causing major traffic backup for 5 miles (case 1599). Police on scene.,102,us,,,,,,,
A-1483,2.0,OH,City 33,County 3,Highway 83,2016-02-08 07:39:07,Accident reported on Highway 83 causing major traffic backup for 4 miles (case 1483). Police on scene.,102,us,,,,,,,
A-278,2.0,OH,City 28,County 18,Highway 78,2016-02-08 07:39:07,Accident reported on Highway 78 causing major traffic backup for 4 miles (case 278). Police on scene.,101,us,,,,,,,
A-4683,2.0,OH,City 33,County 3,Highway 83,2016-02-08 07:39:07,Accident reported on Highway 83 causing major traffic backup for 4 miles (case 4683). Police on scene.,102,us,,,,,,,
A-553,2.0,OH,City 3,County 13,Highway 53,2016-02-08 07:39:07,Accident reported on Highway 53 causing major traffic backup for 4 miles (case 553). Police on scene.,101,us,,,,,,,
A-3659,2.0,OH,City 9,County 19,Highway 59,2016-02-08 07:39:07,Accident reported on Highway 59 causing major traffic backup for 5 miles (case 3659). Police on scene.,102,us,,,,,,,
A-2232,2.0,OH,City 32,County 12,Highway 32,2016-02-08 07:39:07,Accident reported on Highway 32 causing major traffic backup for 3 miles (case 2232). Police on scene.,102,us,,,,,,,
A-4892,2.0,OH,City 42,County 12,Highway 92,2016-02-08 07:39:07,Accident reported on Highway 92 causing major traffic backup for 3 miles (case 4892). Police on scene.,102,us,,,,,,,
A-4247,2.0,OH,City 47,County 7,Highway 47,2016-02-08 07:39:07,Accident reported on Highway 47 causing major traffic backup for 3 miles (case 4247). Police on scene.,102,us,,,,,,,
A-609,2.0,OH,City 9,County 9,Highway 9,2016-02-08 07:39:07,Accident reported on Highway 9 causing major traffic backup for 5 miles (case 609). Police on scene.,100,us,,,,,,,
A-4501,2.0,OH,City 1,County 1,Highway 1,2016-02-08 07:39:07,Accident reported on Highway 1 causing major traffic backup for 2 miles (case 4501). Police on scene.,101,us,,,,,,,
A-531,2.0,OH,City 31,County 11,Highway 31,2016-02-08 07:39:07,Accident reported on Highway 31 causing major traffic backup for 2 miles (case 531). Police on scene.,101,us,,,,,,,
A-2119,2.0,OH,City 19,County 19,Highway 19,2016-02-08 07:39:07,Accident reported on Highway 19 causing major traffic backup for 5 miles (case 2119). Police on scene.,102,us,,,,,,,
A-2346,2.0,OH,City 46,County 6,Highway 46,2016-02-08 07:39:07,Accident reported on Highway 46 causing major traffic backup for 2 miles (case 2346). Police on scene.,102,us,,,,,,,
A-2411,2.0,OH,City 11,County 11,Highway 11,2016-02-08 07:39:07,Accident reported on Highway 11 causing major traffic backup for 2 miles (case 2411). Police on scene.,102,us,,,,,,,
A-3769,2.0,OH,City 19,County 9,Highway 69,2016-02-08 07:39:07,Accident reported on Highway 69 causing major traffic backup for 5 miles (case 3769). Police on scene.,102,us,,,,,,,
A-4826,2.0,OH,City 26,County 6,Highway 26,2016-02-08 07:39:07,Accident reported on Highway 26 causing major traffic backup for 2 miles (case 4826). Police on scene.,102,us,,,,,,,
A-2335,2.0,OH,City 35,County 15,Highway 35,2016-02-08 07:39:07,Accident reported on Highway 35 causing major traffic backup for 1 miles (case 2335). Police on scene.,102,us,,,,,,,
A-302,2.0,OH,City 2,County 2,Highway 2,2016-02-08 07:39:07,Accident reported on Highway 2 causing major traffic backup for 3 miles (case 302). Police on scene.,100,us,,,,,,,
A-1790,2.0,OH,City 40,County 10,Highway 90,2016-02-08 07:39:07,Accident reported on Highway 90 causing major traffic backup for 1 miles (case 1790). Police on scene.,102,us,,,,,,,
A-2535,2.0,OH,City 35,County 15,Highway 35,2016-02-08 07:39:07,Accident reported on Highway 35 causing major traffic backup for 1 miles (case 2535). Police on scene.,102,us,,,,,,,
A-2081,2.0,OH,City 31,County 1,Highway 81,2016-02-08 07:39:07,Accident reported on Highway 81 causing major traffic backup for 2 miles (case 2081). Police on scene.,102,us,,,,,,,
A-1436,2.0,OH,City 36,County 16,Highway 36,2016-02-08 07:39:07,Accident reported on Highway 36 causing major traffic backup for 2 miles (case 1436). Police on scene.,102,us,,,,,,,
A-4149,2.0,OH,City 49,County 9,Highway 49,2016-02-08 07:39:07,Accident reported on Highway 49 causing major traffic backup for 5 miles (case 4149). Police on scene.,102,us,,,,,,,
A-4266,2.0,OH,City 16,County 6,Highway 66,2016-02-08 07:39:07,Accident reported on Highway 66 causing major traffic backup for 2 miles (case 4266). Police on scene.,102,us,,,,,,,
A-1557,2.0,OH,City 7,County 17,Highway 57,2016-02-08 07:39:07,Accident reported on Highway 57 causing major traffic backup for 3 miles (case 1557). Police on scene.,102,us,,,,,,,
A-3344,2.0,OH,City 44,County 4,Highway 44,2016-02-08 07:39:07,Accident reported on Highway 44 causing major traffic backup for 5 miles (case 3344). Police on scene.,102,us,,,,,,,
A-3524,2.0,OH,City 24,County 4,Highway 24,2016-02-08 07:39:07,Accident reported on Highway 24 causing major traffic backup for 5 miles (case 3524). Police on scene.,102,us,,,,,,,
A-760,2.0,OH,City 10,County 0,Highway 60,2016-02-08 07:39:07,Accident reported on Highway 60 causing major traffic backup for 1 miles (case 760). Police on scene.,101,us,,,,,,,
A-2309,2.0,OH,City 9,County 9,Highway 9,2016-02-08 07:39:07,Accident reported on Highway 9 causing major traffic backup for 5 miles (case 2309). Police on scene.,101,us,,,,,,,
A-4625,2.0,OH,City 25,County 5,Highway 25,2016-02-08 07:39:07,Accident reported on Highway 25 causing major traffic backup for 1 miles (case 4625). Police on scene.,102,us,,,,,,,
A-4381,2.0,OH,City 31,County 1,Highway 81,2016-02-08 07:39:07,Accident reported on Highway 81 causing major traffic backup for 2 miles (case 4381). Police on scene.,102,us,,,,,,,
A-4776,2.0,OH,City 26,County 16,Highway 76,2016-02-08 07:39:07,Accident reported on Highway 76 causing major traffic backup for 2 miles (case 4776). Police on scene.,102,us,,,,,,,
A-1079,2.0,OH,City 29,County 19,Highway 79,2016-02-08 07:39:07,Accident reported on Highway 79 causing major traffic backup for 5 miles (case 1079). Police on scene.,102,us,,,,,,,
A-1172,2.0,OH,City 22,County 12,Highway 72,2016-02-08 07:39:07,Accident reported on Highway 72 causing major traffic backup for 3 miles (case 1172). Police on scene.,102,us,,,,,,,
A-2703,2.0,OH,City 3,County 3,Highway 3,2016-02-08 07:39:07,Accident reported on Highway 3 causing major traffic backup for 4 miles (case 2703). Police on scene.,101,us,,,,,,,
A-380,2.0,OH,City 30,County 0,Highway 80,2016-02-08 07:39:07,Accident reported on Highway 80 causing major traffic backup for 1 miles (case 380). Police on scene.,101,us,,,,,,,
A-1000,2.0,OH,City 0,County 0,Highway 0,2016-02-08 07:39:07,Accident reported on Highway 0 causing major traffic backup for 1 miles (case 1000). Police on scene.,101,us,,,,,,,
A-3863,2.0,OH,City 13,County 3,Highway 63,2016-02-08 07:39:07,Accident reported on Highway 63 causing major traffic backup for 4 miles (case 3863). Police on scene.,102,us,,,,,,,
A-807,2.0,OH,City 7,County 7,Highway 7,2016-02-08 07:39:07,Accident reported on Highway 7 causing major traffic backup for 3 miles (case 807). Police on scene.,100,us,,,,,,,
A-382,2.0,OH,City 32,County 2,Highway 82,2016-02-08 07:39:07,Accident reported on Highway 82 causing major traffic backup for 3 miles (case 382). Police on scene.,101,us,,,,,,,
A-2863,2.0,OH,City 13,County 3,Highway 63,2016-02-08 07:39:07,Accident reported on Highway 63 causing major traffic backup for 4 miles (case 2863). Police on scene.,102,us,,,,,,,
A-3482,2.0,OH,City 32,County 2,Highway 82,2016-02-08 07:39:07,Accident reported on Highway 82 causing major traffic backup for 3 miles (case 3482). Police on scene.,102,us,,,,,,,
A-3117,2.0,OH,City 17,County 17,Highway 17,2016-02-08 07:39:07,Accident reported on Highway 17 causing major traffic backup for 3 miles (case 3117). Police on scene.,102,us,,,,,,,
A-2759,2.0,OH,City 9,County 19,Highway 59,2016-02-08 07:39:07,Accident reported on Highway 59 causing major traffic backup for 5 miles (case 2759). Police on scene.,102,us,,,,,,,
A-1325,2.0,OH,City 25,County 5,Highway 25,2016-02-08 07:39:07,Accident reported on Highway 25 causing major traffic backup for 1 miles (case 1325). Police on scene.,102,us,,,,,,,
A-1882,2.0,OH,City 32,County 2,Highway 82,2016-02-08 07:39:07,Accident reported on Highway 82 causing major traffic backup for 3 miles (case 1882). Police on scene.,102,us,,,,,,,
A-2440,2.0,OH,City 40,County 0,Highway 40,2016-02-08 07:39:07,Accident reported on Highway 40 causing major traffic backup for 1 miles (case 2440). Police on scene.,102,us,,,,,,,
A-4372,2.0,OH,City 22,County 12,Highway 72,2016-02-08 07:39:07,Accident reported on Highway 72 causing major traffic backup for 3 miles (case 4372). Police on scene.,102,us,,,,,,,
A-2284,2.0,OH,City 34,County 4,Highway 84,2016-02-08 07:39:07,Accident reported on Highway 84 causing major traffic backup for 5 miles (case 2284). Police on scene.,102,us,,,,,,,
A-998,2.0,OH,City 48,County 18,Highway 98,2016-02-08 07:39:07,Accident reported on Highway 98 causing major traffic backup for 4 miles (case 998). Police on scene.,101,us,,,,,,,
A-2272,2.0,OH,City 22,County 12,Highway 72,2016-02-08 07:39:07,Accident reported on Highway 72 causing major traffic backup for 3 miles (case 2272). Police on scene.,102,us,,,,,,,
A-2711,2.0,OH,City 11,County 11,Highway 11,2016-02-08 07:39:07,Accident reported on Highway 11 causing major traffic backup for 2 miles (case 2711). Police on scene.,102,us,,,,,,,
A-2767,2.0,OH,City 17,County 7,Highway 67,2016-02-08 07:39:07,Accident reported on Highway 67 causing major traffic backup for 3 miles (case 2767). Police on scene.,102,us,,,,,,,
A-3643,2.0,OH,City 43,County 3,Highway 43,2016-02-08 07:39:07,Accident reported on Highway 43 causing major traffic backup for 4 miles (case 3643). Police on scene.,102,us,,,,,,,
A-2547,2.0,OH,City 47,County 7,Highway 47,2016-02-08 07:39:07,Accident reported on Highway 47 causing major traffic backup for 3 miles (case 2547). Police on scene.,102,us,,,,,,,
A-179,2.0,OH,City 29,County 19,Highway 79,2016-02-08 07:39:07,Accident reported on Highway 79 causing major traffic backup for 5 miles (case 179). Police on scene.,101,us,,,,,,,
A-2009,2.0,OH,City 9,County 9,Highway 9,2016-02-08 07:39:07,Accident reported on Highway 9 causing major traffic backup for 5 miles (case 2009). Police on scene.,101,us,,,,,,,
A-2227,2.0,OH,City 27,County 7,Highway 27,2016-02-08 07:39:07,Accident reported on Highway 27 causing major traffic backup for 3 miles (case 2227). Police on scene.,102,us,,,,,,,
A-49,2.0,OH,City 49,County 9,Highway 49,2016-02-08 07:39:07,Accident reported on Highway 49 causing major traffic backup for 5 miles (case 49). Police on scene.,100,us,,,,,,,
A-3923,2.0,OH,City 23,County 3,Highway 23,2016-02-08 07:39:07,Accident reported on Highway 23 causing major traffic backup for 4 miles (case 3923). Police on scene.,102,us,,,,,,,
A-3941,2.0,OH,City 41,County 1,Highway 41,2016-02-08 07:39:07,Accident reported on Highway 41 causing major traffic backup for 2 miles (case 3941). Police on scene.,102,us,,,,,,,
A-2111,2.0,OH,City 11,County 11,Highway 11,2016-02-08 07:39:07,Accident reported on Highway 11 causing major traffic backup for 2 miles (case 2111). Police on scene.,102,us,,,,,,,
A-2827,2.0,OH,City 27,County 7,Highway 27,2016-02-08 07:39:07,Accident reported on Highway 27 causing major traffic backup for 3 miles (case 2827). Police on scene.,102,us,,,,,,,
A-1503,2.0,OH,City 3,County 3,Highway 3,2016-02-08 07:39:07,Accident reported on Highway 3 causing major traffic backup for 4 miles (case 1503). Police on scene.,101,us,,,,,,,
A-4323,2.0,OH,City 23,County 3,Highway 23,2016-02-08 07:39:07,Accident reported on Highway 23 causing major traffic backup for 4 miles (case 4323). Police on scene.,102,us,,,,,,,
A-1355,2.0,OH,City 5,County 15,Highway 55,2016-02-08 07:39:07,Accident reported on Highway 55 causing major traffic backup for 1 miles (case 1355). Police on scene.,102,us,,,,,,,
A-2477,2.0,OH,City 27,County 17,Highway 77,2016-02-08 07:39:07,Accident reported on Highway 77 causing major traffic backup for 3 miles (case 2477). Police on scene.,102,us,,,,,,,
A-1676,2.0,OH,City 26,County 16,Highway 76,2016-02-08 07:39:07,Accident reported on Highway 76 causing major traffic backup for 2 miles (case 1676). Police on scene.,102,us,,,,,,,
A-4997,2.0,OH,City 47,County 17,Highway 97,2016-02-08 07:39:07,Accident reported on Highway 97 causing major traffic backup for 3 miles (case 4997). Police on scene.,102,us,,,,,,,
A-2426,2.0,OH,City 26,County 6,Highway 26,2016-02-08 07:39:07,Accident reported on Highway 26 causing major traffic backup for 2 miles (case 2426). Police on scene.,102,us,,,,,,,
A-287,2.0,OH,City 37,County 7,Highway 87,2016-02-08 07:39:07,Accident reported on Highway 87 causing major traffic backup for 3 miles (case 287). Police on scene.,101,us,,,,,,,
A-1530,2.0,OH,City 30,County 10,Highway 30,2016-02-08 07:39:07,Accident reported on Highway 30 causing major traffic backup for 1 miles (case 1530). Police on scene.,102,us,,,,,,,
A-1424,2.0,OH,City 24,County 4,Highway 24,2016-02-08 07:39:07,Accident reported on Highway 24 causing major traffic backup for 5 miles (case 1424). Police on scene.,102,us,,,,,,,
A-2320,2.0,OH,City 20,County 0,Highway 20,2016-02-08 07:39:07,Accident reported on Highway 20 causing major traffic backup for 1 miles (case 2320). Police on scene.,102,us,,,,,,,
A-2854,2.0,OH,City 4,County 14,Highway 54,2016-02-08 07:39:07,Accident reported on Highway 54 causing major traffic backup for 5 miles (case 2854). Police on scene.,102,us,,,,,,,
A-2531,2.0,OH,City 31,County 11,Highway 31,2016-02-08 07:39:07,Accident reported on Highway 31 causing major traffic backup for 2 miles (case 2531). Police on scene.,102,us,,,,,,,
A-3938,2.0,OH,City 38,County 18,Highway 38,2016-02-08 07:39:07,Accident reported on Highway 38 causing major traffic backup for 4 miles (case 3938). Police on scene.,102,us,,,,,,,
A-2071,2.0,OH,City 21,County 11,Highway 71,2016-02-08 07:39:07,Accident reported on Highway 71 causing major traffic backup for 2 miles (case 2071). Police on scene.,102,us,,,,,,,
A-3805,2.0,OH,City 5,County 5,Highway 5,2016-02-08 07:39:07,Accident reported on Highway 5 causing major traffic backup for 1 miles (case 3805). Police on scene.,101,us,,,,,,,
A-3523,2.0,OH,City 23,County 3,Highway 23,2016-02-08 07:39:07,Accident reported on Highway 23 causing major traffic backup for 4 miles (case 3523). Police on scene.,102,us,,,,,,,
A-2692,2.0,OH,City 42,County 12,Highway 92,2016-02-08 07:39:07,Accident reported on Highway 92 causing major traffic backup for 3 miles (case 2692). Police on scene.,102,us,,,,,,,
A-3043,2.0,OH,City 43,County 3,Highway 43,2016-02-08 07:39:07,Accident reported on Highway 43 causing major traffic backup for 4 miles (case 3043). Police on scene.,102,us,,,,,,,
A-1614,2.0,OH,City 14,County 14,Highway 14,2016-02-08 07:39:07,Accident reported on Highway 14 causing major traffic backup for 5 miles (case 1614). Police on scene.,102,us,,,,,,,
A-2307,2.0,OH,City 7,County 7,Highway 7,2016-02-08 07:39:07,Accident reported on Highway 7 causing major traffic backup for 3 miles (case 2307). Police on scene.,101,us,,,,,,,
A-2185,2.0,OH,City 35,County 5,Highway 85,2016-02-08 07:39:07,Accident reported on Highway 85 causing major traffic backup for 1 miles (case 2185). Police on scene.,102,us,,,,,,,
A-4560,2.0,OH,City 10,County 0,Highway 60,2016-02-08 07:39:07,Accident reported on Highway 60 causing major traffic backup for 1 miles (case 4560). Police on scene.,102,us,,,,,,,
A-2524,2.0,OH,City 24,County 4,Highway 24,2016-02-08 07:39:07,Accident reported on Highway 24 causing major traffic backup for 5 miles (case 2524). Police on scene.,102,us,,,,,,,
A-4887,2.0,OH,City 37,County 7,Highway 87,2016-02-08 07:39:07,Accident reported on Highway 87 causing major traffic backup for 3 miles (case 4887). Police on scene.,102,us,,,,,,,
A-3251,2.0,OH,City 1,County 11,Highway 51,2016-02-08 07:39:07,Accident reported on Highway 51 causing major traffic backup for 2 miles (case 3251). Police on scene.,102,us,,,,,,,
A-2302,2.0,OH,City 2,County 2,Highway 2,2016-02-08 07:39:07,Accident reported on Highway 2 causing major traffic backup for 3 miles (case 2302). Police on scene.,101,us,,,,,,,
A-2602,2.0,OH,City 2,County 2,Highway 2,2016-02-08 07:39:07,Accident reported on Highway 2 causing major traffic backup for 3 miles (case 2602). Police on scene.,101,us,,,,,,,
A-4507,2.0,OH,City 7,County 7,Highway 7,2016-02-08 07:39:07,Accident reported on Highway 7 causing major traffic backup for 3 miles (case 4507). Police on scene.,101,us,,,,,,,
A-4441,2.0,OH,City 41,County 1,Highway 41,2016-02-08 07:39:07,Accident reported on Highway 41 causing major traffic backup for 2 miles (case 4441). Police on scene.,102,us,,,,,,,
A-3031,2.0,OH,City 31,County 11,Highway 31,2016-02-08 07:39:07,Accident reported on Highway 31 causing major traffic backup for 2 miles (case 3031). Police on scene.,102,us,,,,,,,
A-355,2.0,OH,City 5,County 15,Highway 55,2016-02-08 07:39:07,Accident reported on Highway 55 causing major traffic backup for 1 miles (case 355). Police on scene.,101,us,,,,,,,
A-2730,2.0,OH,City 30,County 10,Highway 30,2016-02-08 07:39:07,Accident reported on Highway 30 causing major traffic backup for 1 miles (case 2730). Police on scene.,102,us,,,,,,,
A-1029,2.0,OH,City 29,County 9,Highway 29,2016-02-08 07:39:07,Accident reported on Highway 29 causing major traffic backup for 5 miles (case 1029). Police on scene.,102,us,,,,,,,
A-863,2.0,OH,City 13,County 3,Highway 63,2016-02-08 07:39:07,Accident reported on Highway 63 causing major traffic backup for 4 miles (case 863). Police on scene.,101,us,,,,,,,
A-2684,2.0,OH,City 34,County 4,Highway 84,2016-02-08 07:39:07,Accident reported on Highway 84 causing major traffic backup for 5 miles (case 2684). Police on scene.,102,us,,,,,,,
A-722,2.0,OH,City 22,County 2,Highway 22,2016-02-08 07:39:07,Accident reported on Highway 22 causing major traffic backup for 3 miles (case 722). Police on scene.,101,us,,,,,,,
A-2701,2.0,OH,City 1,County 1,Highway 1,2016-02-08 07:39:07,Accident reported on Highway 1 causing major traffic backup for 2 miles (case 2701). Police on scene.,101,us,,,,,,,
A-1537,2.0,OH,City 37,County 17,Highway 37,2016-02-08 07:39:07,Accident reported on Highway 37 causing major traffic backup for 3 miles (case 1537). Police on scene.,102,us,,,,,,,
A-312,2.0,OH,City 12,County 12,Highway 12,2016-02-08 07:39:07,Accident reported on Highway 12 causing major traffic backup for 3 miles (case 312). Police on scene.,101,us,,,,,,,
A-1511,2.0,OH,City 11,County 11,Highway 11,2016-02-08 07:39:07,Accident reported on Highway 11 causing major traffic backup for 2 miles (case 1511). Police on scene.,102,us,,,,,,,
A-837,2.0,OH,City 37,County 17,Highway 37,2016-02-08 07:39:07,Accident reported on Highway 37 causing major traffic backup for 3 miles (case 837). Police on scene.,101,us,,,,,,,
A-370,2.0,OH,City 20,County 10,Highway 70,2016-02-08 07:39:07,Accident reported on Highway 70 causing major traffic backup for 1 miles (case 370). Police on scene.,101,us,,,,,,,
A-4043,2.0,OH,City 43,County 3,Highway 43,2016-02-08 07:39:07,Accident reported on Highway 43 causing major traffic backup for 4 miles (case 4043). Police on scene.,102,us,,,,,,,
A-4894,2.0,OH,City 44,County 14,Highway 94,2016-02-08 07:39:07,Accident reported on Highway 94 causing major traffic backup for 5 miles (case 4894). Police on scene.,102,us,,,,,,,
A-2503,2.0,OH,City 3,County 3,Highway 3,2016-02-08 07:39:07,Accident reported on Highway 3 causing major traffic backup for 4 miles (case 2503). Police on scene.,101,us,,,,,,,
A-4145,2.0,OH,City 45,County 5,Highway 45,2016-02-08 07:39:07,Accident reported on Highway 45 causing major traffic backup for 1 miles (case 4145). Police on scene.,102,us,,,,,,,
A-2539,2.0,OH,City 39,County 19,Highway 39,2016-02-08 07:39:07,Accident reported on Highway 39 causing major traffic backup for 5 miles (case 2539). Police on scene.,102,us,,,,,,,
A-1620,2.0,OH,City 20,County 0,Highway 20,2016-02-08 07:39:07,Accident reported on Highway 20 causing major traffic backup for 1 miles (case 1620). Police on scene.,102,us,,,,,,,
A-23,2.0,OH,City 23,County 3,Highway 23,2016-02-08 07:39:07,Accident reported on Highway 23 causing major traffic backup for 4 miles (case 23). Police on scene.,100,us,,,,,,,
A-1786,2.0,OH,City 36,County 6,Highway 86,2016-02-08 07:39:07,Accident reported on Highway 86 causing major traffic backup for 2 miles (case 1786). Police on scene.,102,us,,,,,,,
A-1185,2.0,OH,City 35,County 5,Highway 85,2016-02-08 07:39:07,Accident reported on Highway 85 causing major traffic backup for 1 miles (case 1185). Police on scene.,102,us,,,,,,,
A-4925,2.0,OH,City 25,County 5,Highway 25,2016-02-08 07:39:07,Accident reported on Highway 25 causing major traffic backup for 1 miles (case 4925). Police on scene.,102,us,,,,,,,
A-222,2.0,OH,City 22,County 2,Highway 22,2016-02-08 07:39:07,Accident reported on Highway 22 causing major traffic backup for 3 miles (case 222). Police on scene.,101,us,,,,,,,
A-1486,2.0,OH,City 36,County 6,Highway 86,2016-02-08 07:39:07,Accident reported on Highway 86 causing major traffic backup for 2 miles (case 1486). Police on scene.,102,us,,,,,,,
A-442,2.0,OH,City 42,County 2,Highway 42,2016-02-08 07:39:07,Accident reported on Highway 42 causing major traffic backup for 3 miles (case 442). Police on scene.,101,us,,,,,,,
A-1751,2.0,OH,City 1,County 11,Highway 51,2016-02-08 07:39:07,Accident reported on Highway 51 causing major traffic backup for 2 miles (case 1751). Police on scene.,102,us,,,,,,,
A-4868,2.0,OH,City 18,County 8,Highway 68,2016-02-08 07:39:07,Accident reported on Highway 68 causing major traffic backup for 4 miles (case 4868). Police on scene.,102,us,,,,,,,
A-3286,2.0,OH,City 36,County 6,Highway 86,2016-02-08 07:39:07,Accident reported on Highway 86 causing major traffic backup for 2 miles (case 3286). Police on scene.,102,us,,,,,,,
A-3431,2.0,OH,City 31,County 11,Highway 31,2016-02-08 07:39:07,Accident reported on Highway 31 causing major traffic backup for 2 miles (case 3431). Police on scene.,102,us,,,,,,,
A-3733,2.0,OH,City 33,County 13,Highway 33,2016-02-08 07:39:07,Accident reported on Highway 33 causing major traffic backup for 4 miles (case 3733). Police on scene.,102,us,,,,,,,
A-4650,2.0,OH,City 0,County 10,Highway 50,2016-02-08 07:39:07,Accident reported on Highway 50 causing major traffic backup for 1 miles (case 4650). Police on scene.,102,us,,,,,,,
A-4511,2.0,OH,City 11,County 11,Highway 11,2016-02-08 07:39:07,Accident reported on Highway 11 causing major traffic backup for 2 miles (case 4511). Police on scene.,102,us,,,,,,,
A-2762,2.0,OH,City 12,County 2,Highway 62,2016-02-08 07:39:07,Accident reported on Highway 62 causing major traffic backup for 3 miles (case 2762). Police on scene.,102,us,,,,,,,
A-806,2.0,OH,City 6,County 6,Highway 6,2016-02-08 07:39:07,Accident reported on Highway 6 causing major traffic backup for 2 miles (case 806). Police on scene.,100,us,,,,,,,
A-2995,2.0,OH,City 45,County 15,Highway 95,2016-02-08 07:39:07,Accident reported on Highway 95 causing major traffic backup for 1 miles (case 2995). Police on scene.,102,us,,,,,,,
A-4053,2.0,OH,City 3,County 13,Highway 53,2016-02-08 07:39:07,Accident reported on Highway 53 causing major traffic backup for 4 miles (case 4053). Police on scene.,102,us,,,,,,,
A-3721,2.0,OH,City 21,County 1,Highway 21,2016-02-08 07:39:07,Accident reported on Highway 21 causing major traffic backup for 2 miles (case 3721). Police on scene.,102,us,,,,,,,
A-4369,2.0,OH,City 19,County 9,Highway 69,2016-02-08 07:39:07,Accident reported on Highway 69 causing major traffic backup for 5 miles (case 4369). Police on scene.,102,us,,,,,,,
A-586,2.0,OH,City 36,County 6,Highway 86,2016-02-08 07:39:07,Accident reported on Highway 86 causing major traffic backup for 2 miles (case 586). Police on scene.,101,us,,,,,,,
A-207,2.0,OH,City 7,County 7,Highway 7,2016-02-08 07:39:07,Accident reported on Highway 7 causing major traffic backup for 3 miles (case 207). Police on scene.,100,us,,,,,,,
A-4039,2.0,OH,City 39,County 19,Highway 39,2016-02-08 07:39:07,Accident reported on Highway 39 causing major traffic backup for 5 miles (case 4039). Police on scene.,102,us,,,,,,,
A-3414,2.0,OH,City 14,County 14,Highway 14,2016-02-08 07:39:07,Accident reported on Highway 14 causing major traffic backup for 5 miles (case 3414). Police on scene.,102,us,,,,,,,
A-2249,2.0,OH,City 49,County 9,Highway 49,2016-02-08 07:39:07,Accident reported on Highway 49 causing major traffic backup for 5 miles (case 2249). Police on scene.,102,us,,,,,,,
A-2430,2.0,OH,City 30,County 10,Highway 30,2016-02-08 07:39:07,Accident reported on Highway 30 causing major traffic backup for 1 miles (case 2430). Police on scene.,102,us,,,,,,,
A-1718,2.0,OH,City 18,County 18,Highway 18,2016-02-08 07:39:07,Accident reported on Highway 18 causing major traffic backup for 4 miles (case 1718). Police on scene.,102,us,,,,,,,
A-1582,2.0,OH,City 32,County 2,Highway 82,2016-02-08 07:39:07,Accident reported on Highway 82 causing major traffic backup for 3 miles (case 1582). Police on scene.,102,us,,,,,,,
A-2150,2.0,OH,City 0,County 10,Highway 50,2016-02-08 07:39:07,Accident reported on Highway 50 causing major traffic backup for 1 miles (case 2150). Police on scene.,102,us,,,,,,,
A-919,2.0,OH,City 19,County 19,Highway 19,2016-02-08 07:39:07,Accident reported on Highway 19 causing major traffic backup for 5 miles (case 919). Police on scene.,101,us,,,,,,,
A-4155,2.0,OH,City 5,County 15,Highway 55,2016-02-08 07:39:07,Accident reported on Highway 55 causing major traffic backup for 1 miles (case 4155). Police on scene.,102,us,,,,,,,
A-2755,2.0,OH,City 5,County 15,Highway 55,2016-02-08 07:39:07,Accident reported on Highway 55 causing major traffic backup for 1 miles (case 2755). Police on scene.,102,us,,,,,,,
A-3348,2.0,OH,City 48,County 8,Highway 48,2016-02-08 07:39:07,Accident reported on Highway 48 causing major traffic backup for 4 miles (case 3348). Police on scene.,102,us,,,,,,,
A-521,2.0,OH,City 21,County 1,Highway 21,2016-02-08 07:39:07,Accident reported on Highway 21 causing major traffic backup for 2 miles (case 521). Police on scene.,101,us,,,,,,,
A-1868,2.0,OH,City 18,County 8,Highway 68,2016-02-08 07:39:07,Accident reported on Highway 68 causing major traffic backup for 4 miles (case 1868). Police on scene.,102,us,,,,,,,
A-3857,2.0,OH,City 7,County 17,Highway 57,2016-02-08 07:39:07,Accident reported on Highway 57 causing major traffic backup for 3 miles (case 3857). Police on scene.,102,us,,,,,,,
A-4299,2.0,OH,City 49,County 19,Highway 99,2016-02-08 07:39:07,Accident reported on Highway 99 causing major traffic backup for 5 miles (case 4299). Police on scene.,102,us,,,,,,,
A-672,2.0,OH,City 22,County 12,Highway 72,2016-02-08 07:39:07,Accident reported on Highway 72 causing major traffic backup for 3 miles (case 672). Police on scene.,101,us,,,,,,,
A-4307,2.0,OH,City 7,County 7,Highway 7,2016-02-08 07:39:07,Accident reported on Highway 7 causing major traffic backup for 3 miles (case 4307). Police on scene.,101,us,,,,,,,
A-2726,2.0,OH,City 26,County 6,Highway 26,2016-02-08 07:39:07,Accident reported on Highway 26 causing major traffic backup for 2 miles (case 2726). Police on scene.,102,us,,,,,,,
A-4911,2.0,OH,City 11,County 11,Highway 11,2016-02-08 07:39:07,Accident reported on Highway 11 causing major traffic backup for 2 miles (case 4911). Police on scene.,102,us,,,,,,,
A-3437,2.0,OH,City 37,County 17,Highway 37,2016-02-08 07:39:07,Accident reported on Highway 37 causing major traffic backup for 3 miles (case 3437). Police on scene.,102,us,,,,,,,
A-3157,2.0,OH,City 7,County 17,Highway 57,2016-02-08 07:39:07,Accident reported on Highway 57 causing major traffic backup for 3 miles (case 3157). Police on scene.,102,us,,,,,,,
A-3731,2.0,OH,City 31,County 11,Highway 31,2016-02-08 07:39:07,Accident reported on Highway 31 causing major traffic backup for 2 miles (case 3731). Police on scene.,102,us,,,,,,,
A-2355,2.0,OH,City 5,County 15,Highway 55,2016-02-08 07:39:07,Accident reported on Highway 55 causing major traffic backup for 1 miles (case 2355). Police on scene.,102,us,,,,,,,
A-3775,2.0,OH,City 25,County 15,Highway 75,2016-02-08 07:39:07,Accident reported on Highway 75 causing major traffic backup for 1 miles (case 3775). Police on scene.,102,us,,,,,,,
A-3340,2.0,OH,City 40,County 0,Highway 40,2016-02-08 07:39:07,Accident reported on Highway 40 causing major traffic backup for 1 miles (case 3340). Police on scene.,102,us,,,,,,,
A-3390,2.0,OH,City 40,County 10,Highway 90,2016-02-08 07:39:07,Accident reported on Highway 90 causing major traffic backup for 1 miles (case 3390). Police on scene.,102,us,,,,,,,
A-3749,2.0,OH,City 49,County 9,Highway 49,2016-02-08 07:39:07,Accident reported on Highway 49 causing major traffic backup for 5 miles (case 3749). Police on scene.,102,us,,,,,,,
A-763,2.0,OH,City 13,County 3,Highway 63,2016-02-08 07:39:07,Accident reported on Highway 63 causing major traffic backup for 4 miles (case 763). Police on scene.,101,us,,,,,,,
A-1875,2.0,OH,City 25,County 15,Highway 75,2016-02-08 07:39:07,Accident reported on Highway 75 causing major traffic backup for 1 miles (case 1875). Police on scene.,102,us,,,,,,,
A-2015,2.0,OH,City 15,County 15,Highway 15,2016-02-08 07:39:07,Accident reported on Highway 15 causing major traffic backup for 1 miles (case 2015). Police on scene.,102,us,,,,,,,
A-1005,2.0,OH,City 5,County 5,Highway 5,2016-02-08 07:39:07,Accident reported on Highway 5 causing major traffic backup for 1 miles (case 1005). Police on scene.,101,us,,,,,,,
A-2731,2.0,OH,City 31,County 11,Highway 31,2016-02-08 07:39:07,Accident reported on Highway 31 causing major traffic backup for 2 miles (case 2731). Police on scene.,102,us,,,,,,,
A-3918,2.0,OH,City 18,County 18,Highway 18,2016-02-08 07:39:07,Accident reported on Highway 18 causing major traffic backup for 4 miles (case 3918). Police on scene.,102,us,,,,,,,
A-2382,2.0,OH,City 32,County 2,Highway 82,2016-02-08 07:39:07,Accident reported on Highway 82 causing major traffic backup for 3 miles (case 2382). Police on scene.,102,us,,,,,,,
A-218,2.0,OH,City 18,County 18,Highway 18,2016-02-08 07:39:07,Accident reported on Highway 18 causing major traffic backup for 4 miles (case 218). Police on scene.,101,us,,,,,,,
A-4137,2.0,OH,City 37,County 17,Highway 37,2016-02-08 07:39:07,Accident reported on Highway 37 causing major traffic backup for 3 miles (case 4137). Police on scene.,102,us,,,,,,,
A-1742,2.0,OH,City 42,County 2,Highway 42,2016-02-08 07:39:07,Accident reported on Highway 42 causing major traffic backup for 3 miles (case 1742). Police on scene.,102,us,,,,,,,
A-697,2.0,OH,City 47,County 17,Highway 97,2016-02-08 07:39:07,Accident reported on Highway 97 causing major traffic backup for 3 miles (case 697). Police on scene.,101,us,,,,,,,
A-3266,2.0,OH,City 16,County 6,Highway 66,2016-02-08 07:39:07,Accident reported on Highway 66 causing major traffic backup for 2 miles (case 3266). Police on scene.,102,us,,,,,,,
A-4660,2.0,OH,City 10,County 0,Highway 60,2016-02-08 07:39:07,Accident reported on Highway 60 causing major traffic backup for 1 miles (case 4660). Police on scene.,102,us,,,,,,,
A-2118,2.0,OH,City 18,County 18,Highway 18,2016-02-08 07:39:07,Accident reported on Highway 18 causing major traffic backup for 4 miles (case 2118). Police on scene.,102,us,,,,,,,
A-4244,2.0,OH,City 44,County 4,Highway 44,2016-02-08 07:39:07,Accident reported on Highway 44 causing major traffic backup for 5 miles (case 4244). Police on scene.,102,us,,,,,,,
A-2256,2.0,OH,City 6,County 16,Highway 56,2016-02-08 07:39:07,Accident reported on Highway 56 causing major traffic backup for 2 miles (case 2256). Police on scene.,102,us,,,,,,,
A-1246,2.0,OH,City 46,County 6,Highway 46,2016-02-08 07:39:07,Accident reported on Highway 46 causing major traffic backup for 2 miles (case 1246). Police on scene.,102,us,,,,,,,
A-1674,2.0,OH,City 24,County 14,Highway 74,2016-02-08 07:39:07,Accident reported on Highway 74 causing major traffic backup for 5 miles (case 1674). Police on scene.,102,us,,,,,,,
A-4756,2.0,OH,City 6,County 16,Highway 56,2016-02-08 07:39:07,Accident reported on Highway 56 causing major traffic backup for 2 miles (case 4756). Police on scene.,102,us,,,,,,,
A-200,2.0,OH,City 0,County 0,Highway 0,2016-02-08 07:39:07,Accident reported on Highway 0 causing major traffic backup for 1 miles (case 200). Police on scene.,100,us,,,,,,,
A-2057,2.0,OH,City 7,County 17,Highway 57,2016-02-08 07:39:07,Accident reported on Highway 57 causing major traffic backup for 3 miles (case 2057). Police on scene.,102,us,,,,,,,
A-1542,2.0,OH,City 42,County 2,Highway 42,2016-02-08 07:39:07,Accident reported on Highway 42 causing major traffic backup for 3 miles (case 1542). Police on scene.,102,us,,,,,,,
A-4059,2.0,OH,City 9,County 19,Highway 59,2016-02-08 07:39:07,Accident reported on Highway 59 causing major traffic backup for 5 miles (case 4059). Police on scene.,102,us,,,,,,,
A-2474,2.0,OH,City 24,County 14,Highway 74,2016-02-08 07:39:07,Accident reported on Highway 74 causing major traffic backup for 5 miles (case 2474). Police on scene.,102,us,,,,,,,
A-1216,2.0,OH,City 16,County 16,Highway 16,2016-02-08 07:39:07,Accident reported on Highway 16 causing major traffic backup for 2 miles (case 1216). Police on scene.,102,us,,,,,,,
A-2077,2.0,OH,City 27,County 17,Highway 77,2016-02-08 07:39:07,Accident reported on Highway 77 causing major traffic backup for 3 miles (case 2077). Police on scene.,102,us,,,,,,,
A-4861,2.0,OH,City 11,County 1,Highway 61,2016-02-08 07:39:07,Accident reported on Highway 61 causing major traffic backup for 2 miles (case 4861). Police on scene.,102,us,,,,,,,
A-2752,2.0,OH,City 2,County 12,Highway 52,2016-02-08 07:39:07,Accident reported on Highway 52 causing major traffic backup for 3 miles (case 2752). Police on scene.,102,us,,,,,,,
A-891,2.0,OH,City 41,County 11,Highway 91,2016-02-08 07:39:07,Accident reported on Highway 91 causing major traffic backup for 2 miles (case 891). Police on scene.,101,us,,,,,,,
A-1344,2.0,OH,City 44,County 4,Highway 44,2016-02-08 07:39:07,Accident reported on Highway 44 causing major traffic backup for 5 miles (case 1344). Police on scene.,102,us,,,,,,,
A-72,2.0,OH,City 22,County 12,Highway 72,2016-02-08 07:39:07,Accident reported on Highway 72 causing major traffic backup for 3 miles (case 72). Police on scene.,100,us,,,,,,,
A-4767,2.0,OH,City 17,County 7,Highway 67,2016-02-08 07:39:07,Accident reported on Highway 67 causing major traffic backup for 3 miles (case 4767). Police on scene.,102,us,,,,,,,
A-572,2.0,OH,City 22,County 12,Highway 72,2016-02-08 07:39:07,Accident reported on Highway 72 causing major traffic backup for 3 miles (case 572). Police on scene.,101,us,,,,,,,
A-3127,2.0,OH,City 27,County 7,Highway 27,2016-02-08 07:39:07,Accident reported on Highway 27 causing major traffic backup for 3 miles (case 3127). Police on scene.,102,us,,,,,,,
A-100,2.0,OH,City 0,County 0,Highway 0,2016-02-08 07:39:07,Accident reported on Highway 0 causing major traffic backup for 1 miles (case 100). Police on scene.,100,us,,,,,,,
A-4017,2.0,OH,City 17,County 17,Highway 17,2016-02-08 07:39:07,Accident reported on Highway 17 causing major traffic backup for 3 miles (case 4017). Police on scene.,102,us,,,,,,,
A-1409,2.0,OH,City 9,County 9,Highway 9,2016-02-08 07:39:07,Accident reported on Highway 9 causing major traffic backup for 5 miles (case 1409). Police on scene.,101,us,,,,,,,
A-143,2.0,OH,City 43,County 3,Highway 43,2016-02-08 07:39:07,Accident reported on Highway 43 causing major traffic backup for 4 miles (case 143). Police on scene.,101,us,,,,,,,
A-1970,2.0,OH,City 20,County 10,Highway 70,2016-02-08 07:39:07,Accident reported on Highway 70 causing major traffic backup for 1 miles (case 1970). Police on scene.,102,us,,,,,,,
A-4679,2.0,OH,City 29,County 19,Highway 79,2016-02-08 07:39:07,Accident reported on Highway 79 causing major traffic backup for 5 miles (case 4679). Police on scene.,102,us,,,,,,,
A-4466,2.0,OH,City 16,County 6,Highway 66,2016-02-08 07:39:07,Accident reported on Highway 66 causing major traffic backup for 2 miles (case 4466). Police on scene.,102,us,,,,,,,
A-1342,2.0,OH,City 42,County 2,Highway 42,2016-02-08 07:39:07,Accident reported on Highway 42 causing major traffic backup for 3 miles (case 1342). Police on scene.,102,us,,,,,,,
A-3610,2.0,OH,City 10,County 10,Highway 10,2016-02-08 07:39:07,Accident reported on Highway 10 causing major traffic backup for 1 miles (case 3610). Police on scene.,102,us,,,,,,,
A-3792,2.0,OH,City 42,County 12,Highway 92,2016-02-08 07:39:07,Accident reported on Highway 92 causing major traffic backup for 3 miles (case 3792). Police on scene.,102,us,,,,,,,
A-1538,2.0,OH,City 38,County 18,Highway 38,2016-02-08 07:39:07,Accident reported on Highway 38 causing major traffic backup for 4 miles (case 1538). Police on scene.,102,us,,,,,,,
A-2938,2.0,OH,City 38,County 18,Highway 38,2016-02-08 07:39:07,Accident reported on Highway 38 causing major traffic backup for 4 miles (case 2938). Police on scene.,102,us,,,,,,,
A-2096,2.0,OH,City 46,County 16,Highway 96,2016-02-08 07:39:07,Accident reported on Highway 96 causing major traffic backup for 2 miles (case 2096). Police on scene.,102,us,,,,,,,
A-467,2.0,OH,City 17,County 7,Highway 67,2016-02-08 07:39:07,Accident reported on Highway 67 causing major traffic backup for 3 miles (case 467). Police on scene.,101,us,,,,,,,
A-2445,2.0,OH,City 45,County 5,Highway 45,2016-02-08 07:39:07,Accident reported on Highway 45 causing major traffic backup for 1 miles (case 2445). Police on scene.,102,us,,,,,,,
A-3907,2.0,OH,City 7,County 7,Highway 7,2016-02-08 07:39:07,Accident reported on Highway 7 causing major traffic backup for 3 miles (case 3907). Police on scene.,101,us,,,,,,,
A-4091,2.0,OH,City 41,County 11,Highway 91,2016-02-08 07:39:07,Accident reported on Highway 91 causing major traffic backup for 2 miles (case 4091). Police on scene.,102,us,,,,,,,
A-598,2.0,OH,City 48,County 18,Highway 98,2016-02-08 07:39:07,Accident reported on Highway 98 causing major traffic backup for 4 miles (case 598). Police on scene.,101,us,,,,,,,
A-2467,2.0,OH,City 17,County 7,Highway 67,2016-02-08 07:39:07,Accident reported on Highway 67 causing major traffic backup for 3 miles (case 2467). Police on scene.,102,us,,,,,,,
A-629,2.0,OH,City 29,County 9,Highway 29,2016-02-08 07:39:07,Accident reported on Highway 29 causing major traffic backup for 5 miles (case 629). Police on scene.,101,us,,,,,,,
A-454,2.0,OH,City 4,County 14,Highway 54,2016-02-08 07:39:07,Accident reported on Highway 54 causing major traffic backup for 5 miles (case 454). Police on scene.,101,us,,,,,,,
A-3294,2.0,OH,City 44,County 14,Highway 94,2016-02-08 07:39:07,Accident reported on Highway 94 causing major traffic backup for 5 miles (case 3294). Police on scene.,102,us,,,,,,,
A-3889,2.0,OH,City 39,County 9,Highway 89,2016-02-08 07:39:07,Accident reported on Highway 89 causing major traffic backup for 5 miles (case 3889). Police on scene.,102,us,,,,,,,
A-2768,2.0,OH,City 18,County 8,Highway 68,2016-02-08 07:39:07,Accident reported on Highway 68 causing major traffic backup for 4 miles (case 2768). Police on scene.,102,us,,,,,,,
A-1568,2.0,OH,City 18,County 8,Highway 68,2016-02-08 07:39:07,Accident reported on Highway 68 causing major traffic backup for 4 miles (case 1568). Police on scene.,102,us,,,,,,,
A-1033,2.0,OH,City 33,County 13,Highway 33,2016-02-08 07:39:07,Accident reported on Highway 33 causing major traffic backup for 4 miles (case 1033). Police on scene.,102,us,,,,,,,
A-3682,2.0,OH,City 32,County 2,Highway 82,2016-02-08 07:39:07,Accident reported on Highway 82 causing major traffic backup for 3 miles (case 3682). Police on scene.,102,us,,,,,,,
A-3808,2.0,OH,City 8,County 8,Highway 8,2016-02-08 07:39:07,Accident reported on Highway 8 causing major traffic backup for 4 miles (case 3808). Police on scene.,101,us,,,,,,,
A-3622,2.0,OH,City 22,County 2,Highway 22,2016-02-08 07:39:07,Accident reported on Highway 22 causing major traffic backup for 3 miles (case 3622). Police on scene.,102,us,,,,,,,
A-2040,2.0,OH,City 40,County 0,Highway 40,2016-02-08 07:39:07,Accident reported on Highway 40 causing major traffic backup for 1 miles (case 2040). Police on scene.,102,us,,,,,,,
A-154,2.0,OH,City 4,County 14,Highway 54,2016-02-08 07:39:07,Accident reported on Highway 54 causing major traffic backup for 5 miles (case 154). Police on scene.,101,us,,,,,,,
A-2719,2.0,OH,City 19,County 19,Highway 19,2016-02-08 07:39:07,Accident reported on Highway 19 causing major traffic backup for 5 miles (case 2719). Police on scene.,102,us,,,,,,,
A-2049,2.0,OH,City 49,County 9,Highway 49,2016-02-08 07:39:07,Accident reported on Highway 49 causing major traffic backup for 5 miles (case 2049). Police on scene.,102,us,,,,,,,
A-3826,2.0,OH,City 26,County 6,Highway 26,2016-02-08 07:39:07,Accident reported on Highway 26 causing major traffic backup for 2 miles (case 3826). Police on scene.,102,us,,,,,,,
A-1460,2.0,OH,City 10,County 0,Highway 60,2016-02-08 07:39:07,Accident reported on Highway 60 causing major traffic backup for 1 miles (case 1460). Police on scene.,102,us,,,,,,,
A-92,2.0,OH,City 42,County 12,Highway 92,2016-02-08 07:39:07,Accident reported on Highway 92 causing major traffic backup for 3 miles (case 92). Police on scene.,100,us,,,,,,,
A-461,2.0,OH,City 11,County 1,Highway 61,2016-02-08 07:39:07,Accident reported on Highway 61 causing major traffic backup for 2 miles (case 461). Police on scene.,101,us,,,,,,,
A-2864,2.0,OH,City 14,County 4,Highway 64,2016-02-08 07:39:07,Accident reported on Highway 64 causing major traffic backup for 5 miles (case 2864). Police on scene.,102,us,,,,,,,
A-4546,2.0,OH,City 46,County 6,Highway 46,2016-02-08 07:39:07,Accident reported on Highway 46 causing major traffic backup for 2 miles (case 4546). Police on scene.,102,us,,,,,,,
A-3268,2.0,OH,City 18,County 8,Highway 68,2016-02-08 07:39:07,Accident reported on Highway 68 causing major traffic backup for 4 miles (case 3268). Police on scene.,102,us,,,,,,,
A-3225,2.0,OH,City 25,County 5,Highway 25,2016-02-08 07:39:07,Accident reported on Highway 25 causing major traffic backup for 1 miles (case 3225). Police on scene.,102,us,,,,,,,
A-3618,2.0,OH,City 18,County 18,Highway 18,2016-02-08 07:39:07,Accident reported on Highway 18 causing major traffic backup for 4 miles (case 3618). Police on scene.,102,us,,,,,,,
A-2814,2.0,OH,City 14,County 14,Highway 14,2016-02-08 07:39:07,Accident reported on Highway 14 causing major traffic backup for 5 miles (case 2814). Police on scene.,102,us,,,,,,,
A-3746,2.0,OH,City 46,County 6,Highway 46,2016-02-08 07:39:07,Accident reported on Highway 46 causing major traffic backup for 2 miles (case 3746). Police on scene.,102,us,,,,,,,
A-835,2.0,OH,City 35,County 15,Highway 35,2016-02-08 07:39:07,Accident reported on Highway 35 causing major traffic backup for 1 miles (case 835). Police on scene.,101,us,,,,,,,
A-243,2.0,OH,City 43,County 3,Highway 43,2016-02-08 07:39:07,Accident reported on Highway 43 causing major traffic backup for 4 miles (case 243). Police on scene.,101,us,,,,,,,
A-4681,2.0,OH,City 31,County 1,Highway 81,2016-02-08 07:39:07,Accident reported on Highway 81 causing major traffic backup for 2 miles (case 4681). Police on scene.,102,us,,,,,,,
A-1428,2.0,OH,City 28,County 8,Highway 28,2016-02-08 07:39:07,Accident reported on Highway 28 causing major traffic backup for 4 miles (case 1428). Police on scene.,102,us,,,,,,,
A-2381,2.0,OH,City 31,County 1,Highway 81,2016-02-08 07:39:07,Accident reported on Highway 81 causing major traffic backup for 2 miles (case 2381). Police on scene.,102,us,,,,,,,
A-2585,2.0,OH,City 35,County 5,Highway 85,2016-02-08 07:39:07,Accident reported on Highway 85 causing major traffic backup for 1 miles (case 2585). Police on scene.,102,us,,,,,,,
A-1549,2.0,OH,City 49,County 9,Highway 49,2016-02-08 07:39:07,Accident reported on Highway 49 causing major traffic backup for 5 miles (case 1549). Police on scene.,102,us,,,,,,,
A-196,2.0,OH,City 46,County 16,Highway 96,2016-02-08 07:39:07,Accident reported on Highway 96 causing major traffic backup for 2 miles (case 196). Police on scene.,101,us,,,,,,,
A-4667,2.0,OH,City 17,County 7,Highway 67,2016-02-08 07:39:07,Accident reported on Highway 67 causing major traffic backup for 3 miles (case 4667). Police on scene.,102,us,,,,,,,
A-3840,2.0,OH,City 40,County 0,Highway 40,2016-02-08 07:39:07,Accident reported on Highway 40 causing major traffic backup for 1 miles (case 3840). Police on scene.,102,us,,,,,,,
A-948,2.0,OH,City 48,County 8,Highway 48,2016-02-08 07:39:07,Accident reported on Highway 48 causing major traffic backup for 4 miles (case 948). Police on scene.,101,us,,,,,,,
A-4365,2.0,OH,City 15,County 5,Highway 65,2016-02-08 07:39:07,Accident reported on Highway 65 causing major traffic backup for 1 miles (case 4365). Police on scene.,102,us,,,,,,,
A-4232,2.0,OH,City 32,County 12,Highway 32,2016-02-08 07:39:07,Accident reported on Highway 32 causing major traffic backup for 3 miles (case 4232). Police on scene.,102,us,,,,,,,
A-1923,2.0,OH,City 23,County 3,Highway 23,2016-02-08 07:39:07,Accident reported on Highway 23 causing major traffic backup for 4 miles (case 1923). Police on scene.,102,us,,,,,,,
A-4425,2.0,OH,City 25,County 5,Highway 25,2016-02-08 07:39:07,Accident reported on Highway 25 causing major traffic backup for 1 miles (case 4425). Police on scene.,102,us,,,,,,,
A-2632,2.0,OH,City 32,County 12,Highway 32,2016-02-08 07:39:07,Accident reported on Highway 32 causing major traffic backup for 3 miles (case 2632). Police on scene.,102,us,,,,,,,
A-3492,2.0,OH,City 42,County 12,Highway 92,2016-02-08 07:39:07,Accident reported on Highway 92 causing major traffic backup for 3 miles (case 3492). Police on scene.,102,us,,,,,,,
A-4089,2.0,OH,City 39,County 9,Highway 89,2016-02-08 07:39:07,Accident reported on Highway 89 causing major traffic backup for 5 miles (case 4089). Police on scene.,102,us,,,,,,,
A-4246,2.0,OH,City 46,County 6,Highway 46,2016-02-08 07:39:07,Accident reported on Highway 46 causing major traffic backup for 2 miles (case 4246). Police on scene.,102,us,,,,,,,
A-3920,2.0,OH,City 20,County 0,Highway 20,2016-02-08 07:39:07,Accident reported on Highway 20 causing major traffic backup for 1 miles (case 3920). Police on scene.,102,us,,,,,,,
A-3830,2.0,OH,City 30,County 10,Highway 30,2016-02-08 07:39:07,Accident reported on Highway 30 causing major traffic backup for 1 miles (case 3830). Police on scene.,102,us,,,,,,,
A-4607,2.0,OH,City 7,County 7,Highway 7,2016-02-08 07:39:07,Accident reported on Highway 7 causing major traffic backup for 3 miles (case 4607). Police on scene.,101,us,,,,,,,
A-804,2.0,OH,City 4,County 4,Highway 4,2016-02-08 07:39:07,Accident reported on Highway 4 causing major traffic backup for 5 miles (case 804). Police on scene.,100,us,,,,,,,
A-3976,2.0,OH,City 26,County 16,Highway 76,2016-02-08 07:39:07,Accident reported on Highway 76 causing major traffic backup for 2 miles (case 3976). Police on scene.,102,us,,,,,,,
A-4194,2.0,OH,City 44,County 14,Highway 94,2016-02-08 07:39:07,Accident reported on Highway 94 causing major traffic backup for 5 miles (case 4194). Police on scene.,102,us,,,,,,,
A-2926,2.0,OH,City 26,County 6,Highway 26,2016-02-08 07:39:07,Accident reported on Highway 26 causing major traffic backup for 2 miles (case 2926). Police on scene.,102,us,,,,,,,
A-3570,2.0,OH,City 20,County 10,Highway 70,2016-02-08 07:39:07,Accident reported on Highway 70 causing major traffic backup for 1 miles (case 3570). Police on scene.,102,us,,,,,,,
A-2996,2.0,OH,City 46,County 16,Highway 96,2016-02-08 07:39:07,Accident reported on Highway 96 causing major traffic backup for 2 miles (case 2996). Police on scene.,102,us,,,,,,,
A-2660,2.0,OH,City 10,County 0,Highway 60,2016-02-08 07:39:07,Accident reported on Highway 60 causing major traffic backup for 1 miles (case 2660). Police on scene.,102,us,,,,,,,
A-2968,2.0,OH,City 18,County 8,Highway 68,2016-02-08 07:39:07,Accident reported on Highway 68 causing major traffic backup for 4 miles (case 2968). Police on scene.,102,us,,,,,,,
A-1841,2.0,OH,City 41,County 1,Highway 41,2016-02-08 07:39:07,Accident reported on Highway 41 causing major traffic backup for 2 miles (case 1841). Police on scene.,102,us,,,,,,,
A-4005,2.0,OH,City 5,County 5,Highway 5,2016-02-08 07:39:07,Accident reported on Highway 5 causing major traffic backup for 1 miles (case 4005). Police on scene.,101,us,,,,,,,
A-3945,2.0,OH,City 45,County 5,Highway 45,2016-02-08 07:39:07,Accident reported on Highway 45 causing major traffic backup for 1 miles (case 3945). Police on scene.,102,us,,,,,,,
A-2761,2.0,OH,City 11,County 1,Highway 61,2016-02-08 07:39:07,Accident reported on Highway 61 causing major traffic backup for 2 miles (case 2761). Police on scene.,102,us,,,,,,,
A-4215,2.0,OH,City 15,County 15,Highway 15,2016-02-08 07:39:07,Accident reported on Highway 15 causing major traffic backup for 1 miles (case 4215). Police on scene.,102,us,,,,,,,
A-4932,2.0,OH,City 32,County 12,Highway 32,2016-02-08 07:39:07,Accident reported on Highway 32 causing major traffic backup for 3 miles (case 4932). Police on scene.,102,us,,,,,,,
A-103,2.0,OH,City 3,County 3,Highway 3,2016-02-08 07:39:07,Accident reported on Highway 3 causing major traffic backup for 4 miles (case 103). Police on scene.,100,us,,,,,,,
A-2488,2.0,OH,City 38,County 8,Highway 88,2016-02-08 07:39:07,Accident reported on Highway 88 causing major traffic backup for 4 miles (case 2488). Police on scene.,102,us,,,,,,,
A-3580,2.0,OH,City 30,County 0,Highway 80,2016-02-08 07:39:07,Accident reported on Highway 80 causing major traffic backup for 1 miles (case 3580). Police on scene.,102,us,,,,,,,
A-2513,2.0,OH,City 13,County 13,Highway 13,2016-02-08 07:39:07,Accident reported on Highway 13 causing major traffic backup for 4 miles (case 2513). Police on scene.,102,us,,,,,,,
A-4042,2.0,OH,City 42,County 2,Highway 42,2016-02-08 07:39:07,Accident reported on Highway 42 causing major traffic backup for 3 miles (case 4042). Police on scene.,102,us,,,,,,,
A-4916,2.0,OH,City 16,County 16,Highway 16,2016-02-08 07:39:07,Accident reported on Highway 16 causing major traffic backup for 2 miles (case 4916). Police on scene.,102,us,,,,,,,
A-195,2.0,OH,City 45,County 15,Highway 95,2016-02-08 07:39:07,Accident reported on Highway 95 causing major traffic backup for 1 miles (case 195). Police on scene.,101,us,,,,,,,
A-4300,2.0,OH,City 0,County 0,Highway 0,2016-02-08 07:39:07,Accident reported on Highway 0 causing major traffic backup for 1 miles (case 4300). Police on scene.,101,us,,,,,,,
A-1679,2.0,OH,City 29,County 19,Highway 79,2016-02-08 07:39:07,Accident reported on Highway 79 causing major traffic backup for 5 miles (case 1679). Police on scene.,102,us,,,,,,,
A-3899,2.0,OH,City 49,County 19,Highway 99,2016-02-08 07:39:07,Accident reported on Highway 99 causing major traffic backup for 5 miles (case 3899). Police on scene.,102,us,,,,,,,
A-883,2.0,OH,City 33,County 3,Highway 83,2016-02-08 07:39:07,Accident reported on Highway 83 causing major traffic backup for 4 miles (case 883). Police on scene.,101,us,,,,,,,
A-1965,2.0,OH,City 15,County 5,Highway 65,2016-02-08 07:39:07,Accident reported on Highway 65 causing major traffic backup for 1 miles (case 1965). Police on scene.,102,us,,,,,,,
A-4443,2.0,OH,City 43,County 3,Highway 43,2016-02-08 07:39:07,Accident reported on Highway 43 causing major traffic backup for 4 miles (case 4443). Police on scene.,102,us,,,,,,,
A-4116,2.0,OH,City 16,County 16,Highway 16,2016-02-08 07:39:07,Accident reported on Highway 16 causing major traffic backup for 2 miles (case 4116). Police on scene.,102,us,,,,,,,
A-2841,2.0,OH,City 41,County 1,Highway 41,2016-02-08 07:39:07,Accident reported on Highway 41 causing major traffic backup for 2 miles (case 2841). Police on scene.,102,us,,,,,,,
A-2427,2.0,OH,City 27,County 7,Highway 27,2016-02-08 07:39:07,Accident reported on Highway 27 causing major traffic backup for 3 miles (case 2427). Police on scene.,102,us,,,,,,,
A-2805,2.0,OH,City 5,County 5,Highway 5,2016-02-08 07:39:07,Accident reported on Highway 5 causing major traffic backup for 1 miles (case 2805). Police on scene.,101,us,,,,,,,
A-3022,2.0,OH,City 22,County 2,Highway 22,2016-02-08 07:39:07,Accident reported on Highway 22 causing major traffic backup for 3 miles (case 3022). Police on scene.,102,us,,,,,,,
A-3628,2.0,OH,City 28,County 8,Highway 28,2016-02-08 07:39:07,Accident reported on Highway 28 causing major traffic backup for 4 miles (case 3628). Police on scene.,102,us,,,,,,,
A-2128,2.0,OH,City 28,County 8,Highway 28,2016-02-08 07:39:07,Accident reported on Highway 28 causing major traffic backup for 4 miles (case 2128). Police on scene.,102,us,,,,,,,
A-1597,2.0,OH,City 47,County 17,Highway 97,2016-02-08 07:39:07,Accident reported on Highway 97 causing major traffic backup for 3 miles (case 1597). Police on scene.,102,us,,,,,,,
A-1777,2.0,OH,City 27,County 17,Highway 77,2016-02-08 07:39:07,Accident reported on Highway 77 causing major traffic backup for 3 miles (case 1777). Police on scene.,102,us,,,,,,,
A-2029,2.0,OH,City 29,County 9,Highway 29,2016-02-08 07:39:07,Accident reported on Highway 29 causing major traffic backup for 5 miles (case 2029). Police on scene.,102,us,,,,,,,
A-1836,2.0,OH,City 36,County 16,Highway 36,2016-02-08 07:39:07,Accident reported on Highway 36 causing major traffic backup for 2 miles (case 1836). Police on scene.,102,us,,,,,,,
A-3396,2.0,OH,City 46,County 16,Highway 96,2016-02-08 07:39:07,Accident reported on Highway 96 causing major traffic backup for 2 miles (case 3396). Police on scene.,102,us,,,,,,,
A-3972,2.0,OH,City 22,County 12,Highway 72,2016-02-08 07:39:07,Accident reported on Highway 72 causing major traffic backup for 3 miles (case 3972). Police on scene.,102,us,,,,,,,
A-2236,2.0,OH,City 36,County 16,Highway 36,2016-02-08 07:39:07,Accident reported on Highway 36 causing major traffic backup for 2 miles (case 2236). Police on scene.,102,us,,,,,,,
A-170,2.0,OH,City 20,County 10,Highway 70,2016-02-08 07:39:07,Accident reported on Highway 70 causing major traffic backup for 1 miles (case 170). Police on scene.,101,us,,,,,,,
A-3457,2.0,OH,City 7,County 17,Highway 57,2016-02-08 07:39:07,Accident reported on Highway 57 causing major traffic backup for 3 miles (case 3457). Police on scene.,102,us,,,,,,,
A-2468,2.0,OH,City 18,County 8,Highway 68,2016-02-08 07:39:07,Accident reported on Highway 68 causing major traffic backup for 4 miles (case 2468). Police on scene.,102,us,,,,,,,
A-1028,2.0,OH,City 28,County 8,Highway 28,2016-02-08 07:39:07,Accident reported on Highway 28 causing major traffic backup for 4 miles (case 1028). Police on scene.,102,us,,,,,,,
A-2687,2.0,OH,City 37,County 7,Highway 87,2016-02-08 07:39:07,Accident reported on Highway 87 causing major traffic backup for 3 miles (case 2687). Police on scene.,102,us,,,,,,,
A-2246,2.0,OH,City 46,County 6,Highway 46,2016-02-08 07:39:07,Accident reported on Highway 46 causing major traffic backup for 2 miles (case 2246). Police on scene.,102,us,,,,,,,
A-4543,2.0,OH,City 43,County 3,Highway 43,2016-02-08 07:39:07,Accident reported on Highway 43 causing major traffic backup for 4 miles (case 4543). Police on scene.,102,us,,,,,,,
A-4701,2.0,OH,City 1,County 1,Highway 1,2016-02-08 07:39:07,Accident reported on Highway 1 causing major traffic backup for 2 miles (case 4701). Police on scene.,101,us,,,,,,,
A-1061,2.0,OH,City 11,County 1,Highway 61,2016-02-08 07:39:07,Accident reported on Highway 61 causing major traffic backup for 2 miles (case 1061). Police on scene.,102,us,,,,,,,
A-4583,2.0,OH,City 33,County 3,Highway 83,2016-02-08 07:39:07,Accident reported on Highway 83 causing major traffic backup for 4 miles (case 4583). Police on scene.,102,us,,,,,,,
A-2958,2.0,OH,City 8,County 18,Highway 58,2016-02-08 07:39:07,Accident reported on Highway 58 causing major traffic backup for 4 miles (case 2958). Police on scene.,102,us,,,,,,,
A-156,2.0,OH,City 6,County 16,Highway 56,2016-02-08 07:39:07,Accident reported on Highway 56 causing major traffic backup for 2 miles (case 156). Police on scene.,101,us,,,,,,,
A-3799,2.0,OH,City 49,County 19,Highway 99,2016-02-08 07:39:07,Accident reported on Highway 99 causing major traffic backup for 5 miles (case 3799). Police on scene.,102,us,,,,,,,
A-4688,2.0,OH,City 38,County 8,Highway 88,2016-02-08 07:39:07,Accident reported on Highway 88 causing major traffic backup for 4 miles (case 4688). Police on scene.,102,us,,,,,,,
A-1975,2.0,OH,City 25,County 15,Highway 75,2016-02-08 07:39:07,Accident reported on Highway 75 causing major traffic backup for 1 miles (case 1975). Police on scene.,102,us,,,,,,,
A-3962,2.0,OH,City 12,County 2,Highway 62,2016-02-08 07:39:07,Accident reported on Highway 62 causing major traffic backup for 3 miles (case 3962). Police on scene.,102,us,,,,,,,
A-4885,2.0,OH,City 35,County 5,Highway 85,2016-02-08 07:39:07,Accident reported on Highway 85 causing major traffic backup for 1 miles (case 4885). Police on scene.,102,us,,,,,,,
A-3261,2.0,OH,City 11,County 1,Highway 61,2016-02-08 07:39:07,Accident reported on Highway 61 causing major traffic backup for 2 miles (case 3261). Police on scene.,102,us,,,,,,,
A-2861,2.0,OH,City 11,County 1,Highway 61,2016-02-08 07:39:07,Accident reported on Highway 61 causing major traffic backup for 2 miles (case 2861). Police on scene.,102,us,,,,,,,
A-2658,2.0,OH,City 8,County 18,Highway 58,2016-02-08 07:39:07,Accident reported on Highway 58 causing major traffic backup for 4 miles (case 2658). Police on scene.,102,us,,,,,,,
A-4822,2.0,OH,City 22,County 2,Highway 22,2016-02-08 07:39:07,Accident reported on Highway 22 causing major traffic backup for 3 miles (case 4822). Police on scene.,102,us,,,,,,,
A-3021,2.0,OH,City 21,County 1,Highway 21,2016-02-08 07:39:07,Accident reported on Highway 21 causing major traffic backup for 2 miles (case 3021). Police on scene.,102,us,,,,,,,
A-3724,2.0,OH,City 24,County 4,Highway 24,2016-02-08 07:39:07,Accident reported on Highway 24 causing major traffic backup for 5 miles (case 3724). Police on scene.,102,us,,,,,,,
A-35,2.0,OH,City 35,County 15,Highway 35,2016-02-08 07:39:07,Accident reported on Highway 35 causing major traffic backup for 1 miles (case 35). Police on scene.,100,us,,,,,,,
A-941,2.0,OH,City 41,County 1,Highway 41,2016-02-08 07:39:07,Accident reported on Highway 41 causing major traffic backup for 2 miles (case 941). Police on scene.,101,us,,,,,,,
A-1214,2.0,OH,City 14,County 14,Highway 14,2016-02-08 07:39:07,Accident reported on Highway 14 causing major traffic backup for 5 miles (case 1214). Police on scene.,102,us,,,,,,,
A-4255,2.0,OH,City 5,County 15,Highway 55,2016-02-08 07:39:07,Accident reported on Highway 55 causing major traffic backup for 1 miles (case 4255). Police on scene.,102,us,,,,,,,
A-2600,2.0,OH,City 0,County 0,Highway 0,2016-02-08 07:39:07,Accident reported on Highway 0 causing major traffic backup for 1 miles (case 2600). Police on scene.,101,us,,,,,,,
A-313,2.0,OH,City 13,County 13,Highway 13,2016-02-08 07:39:07,Accident reported on Highway 13 causing major traffic backup for 4 miles (case 313). Police on scene.,101,us,,,,,,,
A-4434,2.0,OH,City 34,County 14,Highway 34,2016-02-08 07:39:07,Accident reported on Highway 34 causing major traffic backup for 5 miles (case 4434). Police on scene.,102,us,,,,,,,
A-4328,2.0,OH,City 28,County 8,Highway 28,2016-02-08 07:39:07,Accident reported on Highway 28 causing major traffic backup for 4 miles (case 4328). Police on scene.,102,us,,,,,,,
A-3111,2.0,OH,City 11,County 11,Highway 11,2016-02-08 07:39:07,Accident reported on Highway 11 causing major traffic backup for 2 miles (case 3111). Police on scene.,102,us,,,,,,,
A-499,2.0,OH,City 49,County 19,Highway 99,2016-02-08 07:39:07,Accident reported on Highway 99 causing major traffic backup for 5 miles (case 499). Police on scene.,101,us,,,,,,,
A-209,2.0,OH,City 9,County 9,Highway 9,2016-02-08 07:39:07,Accident reported on Highway 9 causing major traffic backup for 5 miles (case 209). Police on scene.,100,us,,,,,,,
A-3574,2.0,OH,City 24,County 14,Highway 74,2016-02-08 07:39:07,Accident reported on Highway 74 causing major traffic backup for 5 miles (case 3574). Police on scene.,102,us,,,,,,,
A-3355,2.0,OH,City 5,County 15,Highway 55,2016-02-08 07:39:07,Accident reported on Highway 55 causing major traffic backup for 1 miles (case 3355). Police on scene.,102,us,,,,,,,
A-4532,2.0,OH,City 32,County 12,Highway 32,2016-02-08 07:39:07,Accident reported on Highway 32 causing major traffic backup for 3 miles (case 4532). Police on scene.,102,us,,,,,,,
A-309,2.0,OH,City 9,County 9,Highway 9,2016-02-08 07:39:07,Accident reported on Highway 9 causing major traffic backup for 5 miles (case 309). Police on scene.,100,us,,,,,,,
A-3790,2.0,OH,City 40,County 10,Highway 90,2016-02-08 07:39:07,Accident reported on Highway 90 causing major traffic backup for 1 miles (case 3790). Police on scene.,102,us,,,,,,,
A-1781,2.0,OH,City 31,County 1,Highway 81,2016-02-08 07:39:07,Accident reported on Highway 81 causing major traffic backup for 2 miles (case 1781). Police on scene.,102,us,,,,,,,
A-1065,2.0,OH,City 15,County 5,Highway 65,2016-02-08 07:39:07,Accident reported on Highway 65 causing major traffic backup for 1 miles (case 1065). Police on scene.,102,us,,,,,,,
A-847,2.0,OH,City 47,County 7,Highway 47,2016-02-08 07:39:07,Accident reported on Highway 47 causing major traffic backup for 3 miles (case 847). Police on scene.,101,us,,,,,,,
A-4707,2.0,OH,City 7,County 7,Highway 7,2016-02-08 07:39:07,Accident reported on Highway 7 causing major traffic backup for 3 miles (case 4707). Police on scene.,101,us,,,,,,,
A-4002,2.0,OH,City 2,County 2,Highway 2,2016-02-08 07:39:07,Accident reported on Highway 2 causing major traffic backup for 3 miles (case 4002). Police on scene.,101,us,,,,,,,
A-215,2.0,OH,City 15,County 15,Highway 15,2016-02-08 07:39:07,Accident reported on Highway 15 causing major traffic backup for 1 miles (case 215). Police on scene.,101,us,,,,,,,
A-4476,2.0,OH,City 26,County 16,Highway 76,2016-02-08 07:39:07,Accident reported on Highway 76 causing major traffic backup for 2 miles (case 4476). Police on scene.,102,us,,,,,,,
A-683,2.0,OH,City 33,County 3,Highway 83,2016-02-08 07:39:07,Accident reported on Highway 83 causing major traffic backup for 4 miles (case 683). Police on scene.,101,us,,,,,,,
A-569,2.0,OH,City 19,County 9,Highway 69,2016-02-08 07:39:07,Accident reported on Highway 69 causing major traffic backup for 5 miles (case 569). Police on scene.,101,us,,,,,,,
A-2449,2.0,OH,City 49,County 9,Highway 49,2016-02-08 07:39:07,Accident reported on Highway 49 causing major traffic backup for 5 miles (case 2449). Police on scene.,102,us,,,,,,,
A-3577,2.0,OH,City 27,County 17,Highway 77,2016-02-08 07:39:07,Accident reported on Highway 77 causing major traffic backup for 3 miles (case 3577). Police on scene.,102,us,,,,,,,
A-684,2.0,OH,City 34,County 4,Highway 84,2016-02-08 07:39:07,Accident reported on Highway 84 causing major traffic backup for 5 miles (case 684). Police on scene.,101,us,,,,,,,
A-184,2.0,OH,City 34,County 4,Highway 84,2016-02-08 07:39:07,Accident reported on Highway 84 causing major traffic backup for 5 miles (case 184). Police on scene.,101,us,,,,,,,
A-2659,2.0,OH,City 9,County 19,Highway 59,2016-02-08 07:39:07,Accident reported on Highway 59 causing major traffic backup for 5 miles (case 2659). Police on scene.,102,us,,,,,,,
A-3811,2.0,OH,City 11,County 11,Highway 11,2016-02-08 07:39:07,Accident reported on Highway 11 causing major traffic backup for 2 miles (case 3811). Police on scene.,102,us,,,,,,,
A-2315,2.0,OH,City 15,County 15,Highway 15,2016-02-08 07:39:07,Accident reported on Highway 15 causing major traffic backup for 1 miles (case 2315). Police on scene.,102,us,,,,,,,
A-4274,2.0,OH,City 24,County 14,Highway 74,2016-02-08 07:39:07,Accident reported on Highway 74 causing major traffic backup for 5 miles (case 4274). Police on scene.,102,us,,,,,,,
A-282,2.0,OH,City 32,County 2,Highway 82,2016-02-08 07:39:07,Accident reported on Highway 82 causing major traffic backup for 3 miles (case 282). Police on scene.,101,us,,,,,,,
A-3992,2.0,OH,City 42,County 12,Highway 92,2016-02-08 07:39:07,Accident reported on Highway 92 causing major traffic backup for 3 miles (case 3992). Police on scene.,102,us,,,,,,,
A-1276,2.0,OH,City 26,County 16,Highway 76,2016-02-08 07:39:07,Accident reported on Highway 76 causing major traffic backup for 2 miles (case 1276). Police on scene.,102,us,,,,,,,
A-436,2.0,OH,City 36,County 16,Highway 36,2016-02-08 07:39:07,Accident reported on Highway 36 causing major traffic backup for 2 miles (case 436). Police on scene.,101,us,,,,,,,
A-293,2.0,OH,City 43,County 13,Highway 93,2016-02-08 07:39:07,Accident reported on Highway 93 causing major traffic backup for 4 miles (case 293). Police on scene.,101,us,,,,,,,
A-1031,2.0,OH,City 31,County 11,Highway 31,2016-02-08 07:39:07,Accident reported on Highway 31 causing major traffic backup for 2 miles (case 1031). Police on scene.,102,us,,,,,,,
A-539,2.0,OH,City 39,County 19,Highway 39,2016-02-08 07:39:07,Accident reported on Highway 39 causing major traffic backup for 5 miles (case 539). Police on scene.,101,us,,,,,,,
A-3428,2.0,OH,City 28,County 8,Highway 28,2016-02-08 07:39:07,Accident reported on Highway 28 causing major traffic backup for 4 miles (case 3428). Police on scene.,102,us,,,,,,,
A-192,2.0,OH,City 42,County 12,Highway 92,2016-02-08 07:39:07,Accident reported on Highway 92 causing major traffic backup for 3 miles (case 192). Police on scene.,101,us,,,,,,,
A-2174,2.0,OH,City 24,County 14,Highway 74,2016-02-08 07:39:07,Accident reported on Highway 74 causing major traffic backup for 5 miles (case 2174). Police on scene.,102,us,,,,,,,
A-3912,2.0,OH,City 12,County 12,Highway 12,2016-02-08 07:39:07,Accident reported on Highway 12 causing major traffic backup for 3 miles (case 3912). Police on scene.,102,us,,,,,,,
A-1745,2.0,OH,City 45,County 5,Highway 45,2016-02-08 07:39:07,Accident reported on Highway 45 causing major traffic backup for 1 miles (case 1745). Police on scene.,102,us,,,,,,,
A-274,2.0,OH,City 24,County 14,Highway 74,2016-02-08 07:39:07,Accident reported on Highway 74 causing major traffic backup for 5 miles (case 274). Police on scene.,101,us,,,,,,,
A-3016,2.0,OH,City 16,County 16,Highway 16,2016-02-08 07:39:07,Accident reported on Highway 16 causing major traffic backup for 2 miles (case 3016). Police on scene.,102,us,,,,,,,
A-4072,2.0,OH,City 22,County 12,Highway 72,2016-02-08 07:39:07,Accident reported on Highway 72 causing major traffic backup for 3 miles (case 4072). Police on scene.,102,us,,,,,,,
A-2157,2.0,OH,City 7,County 17,Highway 57,2016-02-08 07:39:07,Accident reported on Highway 57 causing major traffic backup for 3 miles (case 2157). Police on scene.,102,us,,,,,,,
A-3693,2.0,OH,City 43,County 13,Highway 93,2016-02-08 07:39:07,Accident reported on Highway 93 causing major traffic backup for 4 miles (case 3693). Police on scene.,102,us,,,,,,,
A-115,2.0,OH,City 15,County 15,Highway 15,2016-02-08 07:39:07,Accident reported on Highway 15 causing major traffic backup for 1 miles (case 115). Police on scene.,101,us,,,,,,,
A-1898,2.0,OH,City 48,County 18,Highway 98,2016-02-08 07:39:07,Accident reported on Highway 98 causing major traffic backup for 4 miles (case 1898). Police on scene.,102,us,,,,,,,
A-224,2.0,OH,City 24,County 4,Highway 24,2016-02-08 07:39:07,Accident reported on Highway 24 causing major traffic backup for 5 miles (case 224). Police on scene.,101,us,,,,,,,
A-631,2.0,OH,City 31,County 11,Highway 31,2016-02-08 07:39:07,Accident reported on Highway 31 causing major traffic backup for 2 miles (case 631). Police on scene.,101,us,,,,,,,
A-4752,2.0,OH,City 2,County 12,Highway 52,2016-02-08 07:39:07,Accident reported on Highway 52 causing major traffic backup for 3 miles (case 4752). Police on scene.,102,us,,,,,,,
A-3354,2.0,OH,City 4,County 14,Highway 54,2016-02-08 07:39:07,Accident reported on Highway 54 causing major traffic backup for 5 miles (case 3354). Police on scene.,102,us,,,,,,,
A-2421,2.0,OH,City 21,County 1,Highway 21,2016-02-08 07:39:07,Accident reported on Highway 21 causing major traffic backup for 2 miles (case 2421). Police on scene.,102,us,,,,,,,
A-794,2.0,OH,City 44,County 14,Highway 94,2016-02-08 07:39:07,Accident reported on Highway 94 causing major traffic backup for 5 miles (case 794). Police on scene.,101,us,,,,,,,
A-4325,2.0,OH,City 25,County 5,Highway 25,2016-02-08 07:39:07,Accident reported on Highway 25 causing major traffic backup for 1 miles (case 4325). Police on scene.,102,us,,,,,,,
A-465,2.0,OH,City 15,County 5,Highway 65,2016-02-08 07:39:07,Accident reported on Highway 65 causing major traffic backup for 1 miles (case 465). Police on scene.,101,us,,,,,,,
A-4403,2.0,OH,City 3,County 3,Highway 3,2016-02-08 07:39:07,Accident reported on Highway 3 causing major traffic backup for 4 miles (case 4403). Police on scene.,101,us,,,,,,,
A-555,2.0,OH,City 5,County 15,Highway 55,2016-02-08 07:39:07,Accident reported on Highway 55 causing major traffic backup for 1 miles (case 555). Police on scene.,101,us,,,,,,,
A-1139,2.0,OH,City 39,County 19,Highway 39,2016-02-08 07:39:07,Accident reported on Highway 39 causing major traffic backup for 5 miles (case 1139). Police on scene.,102,us,,,,,,,
A-2358,2.0,OH,City 8,County 18,Highway 58,2016-02-08 07:39:07,Accident reported on Highway 58 causing major traffic backup for 4 miles (case 2358). Police on scene.,102,us,,,,,,,
A-202,2.0,OH,City 2,County 2,Highway 2,2016-02-08 07:39:07,Accident reported on Highway 2 causing major traffic backup for 3 miles (case 202). Police on scene.,100,us,,,,,,,
A-2588,2.0,OH,City 38,County 8,Highway 88,2016-02-08 07:39:07,Accident reported on Highway 88 causing major traffic backup for 4 miles (case 2588). Police on scene.,102,us,,,,,,,
A-406,2.0,OH,City 6,County 6,Highway 6,2016-02-08 07:39:07,Accident reported on Highway 6 causing major traffic backup for 2 miles (case 406). Police on scene.,100,us,,,,,,,
A-3052,2.0,OH,City 2,County 12,Highway 52,2016-02-08 07:39:07,Accident reported on Highway 52 causing major traffic backup for 3 miles (case 3052). Police on scene.,102,us,,,,,,,
A-2943,2.0,OH,City 43,County 3,Highway 43,2016-02-08 07:39:07,Accident reported on Highway 43 causing major traffic backup for 4 miles (case 2943). Police on scene.,102,us,,,,,,,
A-4763,2.0,OH,City 13,County 3,Highway 63,2016-02-08 07:39:07,Accident reported on Highway 63 causing major traffic backup for 4 miles (case 4763). Police on scene.,102,us,,,,,,,
A-3454,2.0,OH,City 4,County 14,Highway 54,2016-02-08 07:39:07,Accident reported on Highway 54 causing major traffic backup for 5 miles (case 3454). Police on scene.,102,us,,,,,,,
A-1666,2.0,OH,City 16,County 6,Highway 66,2016-02-08 07:39:07,Accident reported on Highway 66 causing major traffic backup for 2 miles (case 1666). Police on scene.,102,us,,,,,,,
A-4463,2.0,OH,City 13,County 3,Highway 63,2016-02-08 07:39:07,Accident reported on Highway 63 causing major traffic backup for 4 miles (case 4463). Police on scene.,102,us,,,,,,,
A-654,2.0,OH,City 4,County 14,Highway 54,2016-02-08 07:39:07,Accident reported on Highway 54 causing major traffic backup for 5 miles (case 654). Police on scene.,101,us,,,,,,,
A-712,2.0,OH,City 12,County 12,Highway 12,2016-02-08 07:39:07,Accident reported on Highway 12 causing major traffic backup for 3 miles (case 712). Police on scene.,101,us,,,,,,,
A-4260,2.0,OH,City 10,County 0,Highway 60,2016-02-08 07:39:07,Accident reported on Highway 60 causing major traffic backup for 1 miles (case 4260). Police on scene.,102,us,,,,,,,
A-4415,2.0,OH,City 15,County 15,Highway 15,2016-02-08 07:39:07,Accident reported on Highway 15 causing major traffic backup for 1 miles (case 4415). Police on scene.,102,us,,,,,,,
A-1441,2.0,OH,City 41,County 1,Highway 41,2016-02-08 07:39:07,Accident reported on Highway 41 causing major traffic backup for 2 miles (case 1441). Police on scene.,102,us,,,,,,,
A-1826,2.0,OH,City 26,County 6,Highway 26,2016-02-08 07:39:07,Accident reported on Highway 26 causing major traffic backup for 2 miles (case 1826). Police on scene.,102,us,,,,,,,
A-2931,2.0,OH,City 31,County 11,Highway 31,2016-02-08 07:39:07,Accident reported on Highway 31 causing major traffic backup for 2 miles (case 2931). Police on scene.,102,us,,,,,,,
A-318,2.0,OH,City 18,County 18,Highway 18,2016-02-08 07:39:07,Accident reported on Highway 18 causing major traffic backup for 4 miles (case 318). Police on scene.,101,us,,,,,,,
A-1364,2.0,OH,City 14,County 4,Highway 64,2016-02-08 07:39:07,Accident reported on Highway 64 causing major traffic backup for 5 miles (case 1364). Police on scene.,102,us,,,,,,,
A-4475,2.0,OH,City 25,County 15,Highway 75,2016-02-08 07:39:07,Accident reported on Highway 75 causing major traffic backup for 1 miles (case 4475). Police on scene.,102,us,,,,,,,
A-117,2.0,OH,City 17,County 17,Highway 17,2016-02-08 07:39:07,Accident reported on Highway 17 causing major traffic backup for 3 miles (case 117). Police on scene.,101,us,,,,,,,
A-964,2.0,OH,City 14,County 4,Highway 64,2016-02-08 07:39:07,Accident reported on Highway 64 causing major traffic backup for 5 miles (case 964). Police on scene.,101,us,,,,,,,
A-4981,2.0,OH,City 31,County 1,Highway 81,2016-02-08 07:39:07,Accident reported on Highway 81 causing major traffic backup for 2 miles (case 4981). Police on scene.,102,us,,,,,,,
A-3312,2.0,OH,City 12,County 12,Highway 12,2016-02-08 07:39:07,Accident reported on Highway 12 causing major traffic backup for 3 miles (case 3312). Police on scene.,102,us,,,,,,,
A-1621,2.0,OH,City 21,County 1,Highway 21,2016-02-08 07:39:07,Accident reported on Highway 21 causing major traffic backup for 2 miles (case 1621). Police on scene.,102,us,,,,,,,
A-3320,2.0,OH,City 20,County 0,Highway 20,2016-02-08 07:39:07,Accident reported on Highway 20 causing major traffic backup for 1 miles (case 3320). Police on scene.,102,us,,,,,,,
A-4999,2.0,OH,City 49,County 19,Highway 99,2016-02-08 07:39:07,Accident reported on Highway 99 causing major traffic backup for 5 miles (case 4999). Police on scene.,102,us,,,,,,,
A-1573,2.0,OH,City 23,County 13,Highway 73,2016-02-08 07:39:07,Accident reported on Highway 73 causing major traffic backup for 4 miles (case 1573). Police on scene.,102,us,,,,,,,
A-3192,2.0,OH,City 42,County 12,Highway 92,2016-02-08 07:39:07,Accident reported on Highway 92 causing major traffic backup for 3 miles (case 3192). Police on scene.,102,us,,,,,,,
A-1707,2.0,OH,City 7,County 7,Highway 7,2016-02-08 07:39:07,Accident reported on Highway 7 causing major traffic backup for 3 miles (case 1707). Police on scene.,101,us,,,,,,,
A-3412,2.0,OH,City 12,County 12,Highway 12,2016-02-08 07:39:07,Accident reported on Highway 12 causing major traffic backup for 3 miles (case 3412). Police on scene.,102,us,,,,,,,
A-4529,2.0,OH,City 29,County 9,Highway 29,2016-02-08 07:39:07,Accident reported on Highway 29 causing major traffic backup for 5 miles (case 4529). Police on scene.,102,us,,,,,,,
A-2860,2.0,OH,City 10,County 0,Highway 60,2016-02-08 07:39:07,Accident reported on Highway 60 causing major traffic backup for 1 miles (case 2860). Police on scene.,102,us,,,,,,,
A-1916,2.0,OH,City 16,County 16,Highway 16,2016-02-08 07:39:07,Accident reported on Highway 16 causing major traffic backup for 2 miles (case 1916). Police on scene.,102,us,,,,,,,
A-3416,2.0,OH,City 16,County 16,Highway 16,2016-02-08 07:39:07,Accident reported on Highway 16 causing major traffic backup for 2 miles (case 3416). Police on scene.,102,us,,,,,,,
A-4030,2.0,OH,City 30,County 10,Highway 30,2016-02-08 07:39:07,Accident reported on Highway 30 causing major traffic backup for 1 miles (case 4030). Police on scene.,102,us,,,,,,,
A-2611,2.0,OH,City 11,County 11,Highway 11,2016-02-08 07:39:07,Accident reported on Highway 11 causing major traffic backup for 2 miles (case 2611). Police on scene.,102,us,,,,,,,
A-4335,2.0,OH,City 35,County 15,Highway 35,2016-02-08 07:39:07,Accident reported on Highway 35 causing major traffic backup for 1 miles (case 4335). Police on scene.,102,us,,,,,,,
A-3014,2.0,OH,City 14,County 14,Highway 14,2016-02-08 07:39:07,Accident reported on Highway 14 causing major traffic backup for 5 miles (case 3014). Police on scene.,102,us,,,,,,,
A-2578,2.0,OH,City 28,County 18,Highway 78,2016-02-08 07:39:07,Accident reported on Highway 78 causing major traffic backup for 4 miles (case 2578). Police on scene.,102,us,,,,,,,
A-1811,2.0,OH,City 11,County 11,Highway 11,2016-02-08 07:39:07,Accident reported on Highway 11 causing major traffic backup for 2 miles (case 1811). Police on scene.,102,us,,,,,,,
A-4859,2.0,OH,City 9,County 19,Highway 59,2016-02-08 07:39:07,Accident reported on Highway 59 causing major traffic backup for 5 miles (case 4859). Police on scene.,102,us,,,,,,,
A-2859,2.0,OH,City 9,County 19,Highway 59,2016-02-08 07:39:07,Accident reported on Highway 59 causing major traffic backup for 5 miles (case 2859). Police on scene.,102,us,,,,,,,
A-3323,2.0,OH,City 23,County 3,Highway 23,2016-02-08 07:39:07,Accident reported on Highway 23 causing major traffic backup for 4 miles (case 3323). Police on scene.,102,us,,,,,,,
A-1425,2.0,OH,City 25,County 5,Highway 25,2016-02-08 07:39:07,Accident reported on Highway 25 causing major traffic backup for 1 miles (case 1425). Police on scene.,102,us,,,,,,,
A-1624,2.0,OH,City 24,County 4,Highway 24,2016-02-08 07:39:07,Accident reported on Highway 24 causing major traffic backup for 5 miles (case 1624). Police on scene.,102,us,,,,,,,
A-793,2.0,OH,City 43,County 13,Highway 93,2016-02-08 07:39:07,Accident reported on Highway 93 causing major traffic backup for 4 miles (case 793). Police on scene.,101,us,,,,,,,
A-4322,2.0,OH,City 22,County 2,Highway 22,2016-02-08 07:39:07,Accident reported on Highway 22 causing major traffic backup for 3 miles (case 4322). Police on scene.,102,us,,,,,,,
A-3692,2.0,OH,City 42,County 12,Highway 92,2016-02-08 07:39:07,Accident reported on Highway 92 causing major traffic backup for 3 miles (case 3692). Police on scene.,102,us,,,,,,,
A-1493,2.0,OH,City 43,County 13,Highway 93,2016-02-08 07:39:07,Accident reported on Highway 93 causing major traffic backup for 4 miles (case 1493). Police on scene.,102,us,,,,,,,
A-875,2.0,OH,City 25,County 15,Highway 75,2016-02-08 07:39:07,Accident reported on Highway 75 causing major traffic backup for 1 miles (case 875). Police on scene.,101,us,,,,,,,
A-1709,2.0,OH,City 9,County 9,Highway 9,2016-02-08 07:39:07,Accident reported on Highway 9 causing major traffic backup for 5 miles (case 1709). Police on scene.,101,us,,,,,,,
A-1326,2.0,OH,City 26,County 6,Highway 26,2016-02-08 07:39:07,Accident reported on Highway 26 causing major traffic backup for 2 miles (case 1326). Police on scene.,102,us,,,,,,,
A-77,2.0,OH,City 27,County 17,Highway 77,2016-02-08 07:39:07,Accident reported on Highway 77 causing major traffic backup for 3 miles (case 77). Police on scene.,100,us,,,,,,,
A-1750,2.0,OH,City 0,County 10,Highway 50,2016-02-08 07:39:07,Accident reported on Highway 50 causing major traffic backup for 1 miles (case 1750). Police on scene.,102,us,,,,,,,
A-2413,2.0,OH,City 13,County 13,Highway 13,2016-02-08 07:39:07,Accident reported on Highway 13 causing major traffic backup for 4 miles (case 2413). Police on scene.,102,us,,,,,,,
A-2123,2.0,OH,City 23,County 3,Highway 23,2016-02-08 07:39:07,Accident reported on Highway 23 causing major traffic backup for 4 miles (case 2123). Police on scene.,102,us,,,,,,,
A-3961,2.0,OH,City 11,County 1,Highway 61,2016-02-08 07:39:07,Accident reported on Highway 61 causing major traffic backup for 2 miles (case 3961). Police on scene.,102,us,,,,,,,
A-3543,2.0,OH,City 43,County 3,Highway 43,2016-02-08 07:39:07,Accident reported on Highway 43 causing major traffic backup for 4 miles (case 3543). Police on scene.,102,us,,,,,,,
A-4576,2.0,OH,City 26,County 16,Highway 76,2016-02-08 07:39:07,Accident reported on Highway 76 causing major traffic backup for 2 miles (case 4576). Police on scene.,102,us,,,,,,,
A-3806,2.0,OH,City 6,County 6,Highway 6,2016-02-08 07:39:07,Accident reported on Highway 6 causing major traffic backup for 2 miles (case 3806). Police on scene.,101,us,,,,,,,
A-2244,2.0,OH,City 44,County 4,Highway 44,2016-02-08 07:39:07,Accident reported on Highway 44 causing major traffic backup for 5 miles (case 2244). Police on scene.,102,us,,,,,,,
A-4319,2.0,OH,City 19,County 19,Highway 19,2016-02-08 07:39:07,Accident reported on Highway 19 causing major traffic backup for 5 miles (case 4319). Police on scene.,102,us,,,,,,,
A-1722,2.0,OH,City 22,County 2,Highway 22,2016-02-08 07:39:07,Accident reported on Highway 22 causing major traffic backup for 3 miles (case 1722). Police on scene.,102,us,,,,,,,
A-498,2.0,OH,City 48,County 18,Highway 98,2016-02-08 07:39:07,Accident reported on Highway 98 causing major traffic backup for 4 miles (case 498). Police on scene.,101,us,,,,,,,
A-4658,2.0,OH,City 8,County 18,Highway 58,2016-02-08 07:39:07,Accident reported on Highway 58 causing major traffic backup for 4 miles (case 4658). Police on scene.,102,us,,,,,,,
A-2522,2.0,OH,City 22,County 2,Highway 22,2016-02-08 07:39:07,Accident reported on Highway 22 causing major traffic backup for 3 miles (case 2522). Police on scene.,102,us,,,,,,,
A-3852,2.0,OH,City 2,County 12,Highway 52,2016-02-08 07:39:07,Accident reported on Highway 52 causing major traffic backup for 3 miles (case 3852). Police on scene.,102,us,,,,,,,
A-1168,2.0,OH,City 18,County 8,Highway 68,2016-02-08 07:39:07,Accident reported on Highway 68 causing major traffic backup for 4 miles (case 1168). Police on scene.,102,us,,,,,,,
A-4120,2.0,OH,City 20,County 0,Highway 20,2016-02-08 07:39:07,Accident reported on Highway 20 causing major traffic backup for 1 miles (case 4120). Police on scene.,102,us,,,,,,,
A-2444,2.0,OH,City 44,County 4,Highway 44,2016-02-08 07:39:07,Accident reported on Highway 44 causing major traffic backup for 5 miles (case 2444). Police on scene.,102,us,,,,,,,
A-1880,2.0,OH,City 30,County 0,Highway 80,2016-02-08 07:39:07,Accident reported on Highway 80 causing major traffic backup for 1 miles (case 1880). Police on scene.,102,us,,,,,,,
A-3859,2.0,OH,City 9,County 19,Highway 59,2016-02-08 07:39:07,Accident reported on Highway 59 causing major traffic backup for 5 miles (case 3859). Police on scene.,102,us,,,,,,,
A-3269,2.0,OH,City 19,County 9,Highway 69,2016-02-08 07:39:07,Accident reported on Highway 69 causing major traffic backup for 5 miles (case 3269). Police on scene.,102,us,,,,,,,
A-622,2.0,OH,City 22,County 2,Highway 22,2016-02-08 07:39:07,Accident reported on Highway 22 causing major traffic backup for 3 miles (case 622). Police on scene.,101,us,,,,,,,
A-2258,2.0,OH,City 8,County 18,Highway 58,2016-02-08 07:39:07,Accident reported on Highway 58 causing major traffic backup for 4 miles (case 2258). Police on scene.,102,us,,,,,,,
A-4485,2.0,OH,City 35,County 5,Highway 85,2016-02-08 07:39:07,Accident reported on Highway 85 causing major traffic backup for 1 miles (case 4485). Police on scene.,102,us,,,,,,,
A-1604,2.0,OH,City 4,County 4,Highway 4,2016-02-08 07:39:07,Accident reported on Highway 4 causing major traffic backup for 5 miles (case 1604). Police on scene.,101,us,,,,,,,
A-1747,2.0,OH,City 47,County 7,Highway 47,2016-02-08 07:39:07,Accident reported on Highway 47 causing major traffic backup for 3 miles (case 1747). Police on scene.,102,us,,,,,,,
A-2230,2.0,OH,City 30,County 10,Highway 30,2016-02-08 07:39:07,Accident reported on Highway 30 causing major traffic backup for 1 miles (case 2230). Police on scene.,102,us,,,,,,,
A-3408,2.0,OH,City 8,County 8,Highway 8,2016-02-08 07:39:07,Accident reported on Highway 8 causing major traffic backup for 4 miles (case 3408). Police on scene.,101,us,,,,,,,
A-873,2.0,OH,City 23,County 13,Highway 73,2016-02-08 07:39:07,Accident reported on Highway 73 causing major traffic backup for 4 miles (case 873). Police on scene.,101,us,,,,,,,
A-3869,2.0,OH,City 19,County 9,Highway 69,2016-02-08 07:39:07,Accident reported on Highway 69 causing major traffic backup for 5 miles (case 3869). Police on scene.,102,us,,,,,,,
A-1046,2.0,OH,City 46,County 6,Highway 46,2016-02-08 07:39:07,Accident reported on Highway 46 causing major traffic backup for 2 miles (case 1046). Police on scene.,102,us,,,,,,,
A-4055,2.0,OH,City 5,County 15,Highway 55,2016-02-08 07:39:07,Accident reported on Highway 55 causing major traffic backup for 1 miles (case 4055). Police on scene.,102,us,,,,,,,
A-360,2.0,OH,City 10,County 0,Highway 60,2016-02-08 07:39:07,Accident reported on Highway 60 causing major traffic backup for 1 miles (case 360). Police on scene.,101,us,,,,,,,
A-1166,2.0,OH,City 16,County 6,Highway 66,2016-02-08 07:39:07,Accident reported on Highway 66 causing major traffic backup for 2 miles (case 1166). Police on scene.,102,us,,,,,,,
A-3774,2.0,OH,City 24,County 14,Highway 74,2016-02-08 07:39:07,Accident reported on Highway 74 causing major traffic backup for 5 miles (case 3774). Police on scene.,102,us,,,,,,,
A-1743,2.0,OH,City 43,County 3,Highway 43,2016-02-08 07:39:07,Accident reported on Highway 43 causing major traffic backup for 4 miles (case 1743). Police on scene.,102,us,,,,,,,
A-2443,2.0,OH,City 43,County 3,Highway 43,2016-02-08 07:39:07,Accident reported on Highway 43 causing major traffic backup for 4 miles (case 2443). Police on scene.,102,us,,,,,,,
A-1547,2.0,OH,City 47,County 7,Highway 47,2016-02-08 07:39:07,Accident reported on Highway 47 causing major traffic backup for 3 miles (case 1547). Police on scene.,102,us,,,,,,,
A-4370,2.0,OH,City 20,County 10,Highway 70,2016-02-08 07:39:07,Accident reported on Highway 70 causing major traffic backup for 1 miles (case 4370). Police on scene.,102,us,,,,,,,
A-3544,2.0,OH,City 44,County 4,Highway 44,2016-02-08 07:39:07,Accident reported on Highway 44 causing major traffic backup for 5 miles (case 3544). Police on scene.,102,us,,,,,,,
A-3637,2.0,OH,City 37,County 17,Highway 37,2016-02-08 07:39:07,Accident reported on Highway 37 causing major traffic backup for 3 miles (case 3637). Police on scene.,102,us,,,,,,,
A-4457,2.0,OH,City 7,County 17,Highway 57,2016-02-08 07:39:07,Accident reported on Highway 57 causing major traffic backup for 3 miles (case 4457). Police on scene.,102,us,,,,,,,
A-2846,2.0,OH,City 46,County 6,Highway 46,2016-02-08 07:39:07,Accident reported on Highway 46 causing major traffic backup for 2 miles (case 2846). Police on scene.,102,us,,,,,,,
A-336,2.0,OH,City 36,County 16,Highway 36,2016-02-08 07:39:07,Accident reported on Highway 36 causing major traffic backup for 2 miles (case 336). Police on scene.,101,us,,,,,,,
A-2722,2.0,OH,City 22,County 2,Highway 22,2016-02-08 07:39:07,Accident reported on Highway 22 causing major traffic backup for 3 miles (case 2722). Police on scene.,102,us,,,,,,,
A-4898,2.0,OH,City 48,County 18,Highway 98,2016-02-08 07:39:07,Accident reported on Highway 98 causing major traffic backup for 4 miles (case 4898). Police on scene.,102,us,,,,,,,
A-2538,2.0,OH,City 38,County 18,Highway 38,2016-02-08 07:39:07,Accident reported on Highway 38 causing major traffic backup for 4 miles (case 2538). Police on scene.,102,us,,,,,,,
A-3665,2.0,OH,City 15,County 5,Highway 65,2016-02-08 07:39:07,Accident reported on Highway 65 causing major traffic backup for 1 miles (case 3665). Police on scene.,102,us,,,,,,,
A-3133,2.0,OH,City 33,County 13,Highway 33,2016-02-08 07:39:07,Accident reported on Highway 33 causing major traffic backup for 4 miles (case 3133). Police on scene.,102,us,,,,,,,
A-1120,2.0,OH,City 20,County 0,Highway 20,2016-02-08 07:39:07,Accident reported on Highway 20 causing major traffic backup for 1 miles (case 1120). Police on scene.,102,us,,,,,,,
A-4800,2.0,OH,City 0,County 0,Highway 0,2016-02-08 07:39:07,Accident reported on Highway 0 causing major traffic backup for 1 miles (case 4800). Police on scene.,101,us,,,,,,,
A-3552,2.0,OH,City 2,County 12,Highway 52,2016-02-08 07:39:07,Accident reported on Highway 52 causing major traffic backup for 3 miles (case 3552). Police on scene.,102,us,,,,,,,
A-2466,2.0,OH,City 16,County 6,Highway 66,2016-02-08 07:39:07,Accident reported on Highway 66 causing major traffic backup for 2 miles (case 2466). Police on scene.,102,us,,,,,,,
A-3263,2.0,OH,City 13,County 3,Highway 63,2016-02-08 07:39:07,Accident reported on Highway 63 causing major traffic backup for 4 miles (case 3263). Police on scene.,102,us,,,,,,,
A-1555,2.0,OH,City 5,County 15,Highway 55,2016-02-08 07:39:07,Accident reported on Highway 55 causing major traffic backup for 1 miles (case 1555). Police on scene.,102,us,,,,,,,
A-449,2.0,OH,City 49,County 9,Highway 49,2016-02-08 07:39:07,Accident reported on Highway 49 causing major traffic backup for 5 miles (case 449). Police on scene.,101,us,,,,,,,
A-3249,2.0,OH,City 49,County 9,Highway 49,2016-02-08 07:39:07,Accident reported on Highway 49 causing major traffic backup for 5 miles (case 3249). Police on scene.,102,us,,,,,,,
A-456,2.0,OH,City 6,County 16,Highway 56,2016-02-08 07:39:07,Accident reported on Highway 56 causing major traffic backup for 2 miles (case 456). Police on scene.,101,us,,,,,,,
A-4219,2.0,OH,City 19,County 19,Highway 19,2016-02-08 07:39:07,Accident reported on Highway 19 causing major traffic backup for 5 miles (case 4219). Police on scene.,102,us,,,,,,,
A-4435,2.0,OH,City 35,County 15,Highway 35,2016-02-08 07:39:07,Accident reported on Highway 35 causing major traffic backup for 1 miles (case 4435). Police on scene.,102,us,,,,,,,
A-2952,2.0,OH,City 2,County 12,Highway 52,2016-02-08 07:39:07,Accident reported on Highway 52 causing major traffic backup for 3 miles (case 2952). Police on scene.,102,us,,,,,,,
A-18,2.0,OH,City 18,County 18,Highway 18,2016-02-08 07:39:07,Accident reported on Highway 18 causing major traffic backup for 4 miles (case 18). Police on scene.,100,us,,,,,,,
A-2623,2.0,OH,City 23,County 3,Highway 23,2016-02-08 07:39:07,Accident reported on Highway 23 causing major traffic backup for 4 miles (case 2623). Police on scene.,102,us,,,,,,,
A-949,2.0,OH,City 49,County 9,Highway 49,2016-02-08 07:39:07,Accident reported on Highway 49 causing major traffic backup for 5 miles (case 949). Police on scene.,101,us,,,,,,,
A-251,2.0,OH,City 1,County 11,Highway 51,2016-02-08 07:39:07,Accident reported on Highway 51 causing major traffic backup for 2 miles (case 251). Police on scene.,101,us,,,,,,,
A-3607,2.0,OH,City 7,County 7,Highway 7,2016-02-08 07:39:07,Accident reported on Highway 7 causing major traffic backup for 3 miles (case 3607). Police on scene.,101,us,,,,,,,
A-364,2.0,OH,City 14,County 4,Highway 64,2016-02-08 07:39:07,Accident reported on Highway 64 causing major traffic backup for 5 miles (case 364). Police on scene.,101,us,,,,,,,
A-4656,2.0,OH,City 6,County 16,Highway 56,2016-02-08 07:39:07,Accident reported on Highway 56 causing major traffic backup for 2 miles (case 4656). Police on scene.,102,us,,,,,,,
A-3229,2.0,OH,City 29,County 9,Highway 29,2016-02-08 07:39:07,Accident reported on Highway 29 causing major traffic backup for 5 miles (case 3229). Police on scene.,102,us,,,,,,,
A-2303,2.0,OH,City 3,County 3,Highway 3,2016-02-08 07:39:07,Accident reported on Highway 3 causing major traffic backup for 4 miles (case 2303). Police on scene.,101,us,,,,,,,
A-3084,2.0,OH,City 34,County 4,Highway 84,2016-02-08 07:39:07,Accident reported on Highway 84 causing major traffic backup for 5 miles (case 3084). Police on scene.,102,us,,,,,,,
A-3166,2.0,OH,City 16,County 6,Highway 66,2016-02-08 07:39:07,Accident reported on Highway 66 causing major traffic backup for 2 miles (case 3166). Police on scene.,102,us,,,,,,,
A-4615,2.0,OH,City 15,County 15,Highway 15,2016-02-08 07:39:07,Accident reported on Highway 15 causing major traffic backup for 1 miles (case 4615). Police on scene.,102,us,,,,,,,
A-3488,2.0,OH,City 38,County 8,Highway 88,2016-02-08 07:39:07,Accident reported on Highway 88 causing major traffic backup for 4 miles (case 3488). Police on scene.,102,us,,,,,,,
A-2325,2.0,OH,City 25,County 5,Highway 25,2016-02-08 07:39:07,Accident reported on Highway 25 causing major traffic backup for 1 miles (case 2325). Police on scene.,102,us,,,,,,,
A-4884,2.0,OH,City 34,County 4,Highway 84,2016-02-08 07:39:07,Accident reported on Highway 84 causing major traffic backup for 5 miles (case 4884). Police on scene.,102,us,,,,,,,
A-2850,2.0,OH,City 0,County 10,Highway 50,2016-02-08 07:39:07,Accident reported on Highway 50 causing major traffic backup for 1 miles (case 2850). Police on scene.,102,us,,,,,,,
A-494,2.0,OH,City 44,County 14,Highway 94,2016-02-08 07:39:07,Accident reported on Highway 94 causing major traffic backup for 5 miles (case 494). Police on scene.,101,us,,,,,,,
A-866,2.0,OH,City 16,County 6,Highway 66,2016-02-08 07:39:07,Accident reported on Highway 66 causing major traffic backup for 2 miles (case 866). Police on scene.,101,us,,,,,,,
A-4801,2.0,OH,City 1,County 1,Highway 1,2016-02-08 07:39:07,Accident reported on Highway 1 causing major traffic backup for 2 miles (case 4801). Police on scene.,101,us,,,,,,,
A-2248,2.0,OH,City 48,County 8,Highway 48,2016-02-08 07:39:07,Accident reported on Highway 48 causing major traffic backup for 4 miles (case 2248). Police on scene.,102,us,,,,,,,
A-1873,2.0,OH,City 23,County 13,Highway 73,2016-02-08 07:39:07,Accident reported on Highway 73 causing major traffic backup for 4 miles (case 1873). Police on scene.,102,us,,,,,,,
A-2587,2.0,OH,City 37,County 7,Highway 87,2016-02-08 07:39:07,Accident reported on Highway 87 causing major traffic backup for 3 miles (case 2587). Police on scene.,102,us,,,,,,,
A-1619,2.0,OH,City 19,County 19,Highway 19,2016-02-08 07:39:07,Accident reported on Highway 19 causing major traffic backup for 5 miles (case 1619). Police on scene.,102,us,,,,,,,
A-510,2.0,OH,City 10,County 10,Highway 10,2016-02-08 07:39:07,Accident reported on Highway 10 causing major traffic backup for 1 miles (case 510). Police on scene.,101,us,,,,,,,
A-2676,2.0,OH,City 26,County 16,Highway 76,2016-02-08 07:39:07,Accident reported on Highway 76 causing major traffic backup for 2 miles (case 2676). Police on scene.,102,us,,,,,,,
A-4811,2.0,OH,City 11,County 11,Highway 11,2016-02-08 07:39:07,Accident reported on Highway 11 causing major traffic backup for 2 miles (case 4811). Police on scene.,102,us,,,,,,,
A-1949,2.0,OH,City 49,County 9,Highway 49,2016-02-08 07:39:07,Accident reported on Highway 49 causing major traffic backup for 5 miles (case 1949). Police on scene.,102,us,,,,,,,
A-1226,2.0,OH,City 26,County 6,Highway 26,2016-02-08 07:39:07,Accident reported on Highway 26 causing major traffic backup for 2 miles (case 1226). Police on scene.,102,us,,,,,,,
A-1117,2.0,OH,City 17,County 17,Highway 17,2016-02-08 07:39:07,Accident reported on Highway 17 causing major traffic backup for 3 miles (case 1117). Police on scene.,102,us,,,,,,,
A-4483,2.0,OH,City 33,County 3,Highway 83,2016-02-08 07:39:07,Accident reported on Highway 83 causing major traffic backup for 4 miles (case 4483). Police on scene.,102,us,,,,,,,
A-4105,2.0,OH,City 5,County 5,Highway 5,2016-02-08 07:39:07,Accident reported on Highway 5 causing major traffic backup for 1 miles (case 4105). Police on scene.,101,us,,,,,,,
A-1536,2.0,OH,City 36,County 16,Highway 36,2016-02-08 07:39:07,Accident reported on Highway 36 causing major traffic backup for 2 miles (case 1536). Police on scene.,102,us,,,,,,,
A-4672,2.0,OH,City 22,County 12,Highway 72,2016-02-08 07:39:07,Accident reported on Highway 72 causing major traffic backup for 3 miles (case 4672). Police on scene.,102,us,,,,,,,
A-437,2.0,OH,City 37,County 17,Highway 37,2016-02-08 07:39:07,Accident reported on Highway 37 causing major traffic backup for 3 miles (case 437). Police on scene.,101,us,,,,,,,
A-4918,2.0,OH,City 18,County 18,Highway 18,2016-02-08 07:39:07,Accident reported on Highway 18 causing major traffic backup for 4 miles (case 4918). Police on scene.,102,us,,,,,,,
A-3152,2.0,OH,City 2,County 12,Highway 52,2016-02-08 07:39:07,Accident reported on Highway 52 causing major traffic backup for 3 miles (case 3152). Police on scene.,102,us,,,,,,,
A-2833,2.0,OH,City 33,County 13,Highway 33,2016-02-08 07:39:07,Accident reported on Highway 33 causing major traffic backup for 4 miles (case 2833). Police on scene.,102,us,,,,,,,
A-2092,2.0,OH,City 42,County 12,Highway 92,2016-02-08 07:39:07,Accident reported on Highway 92 causing major traffic backup for 3 miles (case 2092). Police on scene.,102,us,,,,,,,
A-1517,2.0,OH,City 17,County 17,Highway 17,2016-02-08 07:39:07,Accident reported on Highway 17 causing major traffic backup for 3 miles (case 1517). Police on scene.,102,us,,,,,,,
A-3930,2.0,OH,City 30,County 10,Highway 30,2016-02-08 07:39:07,Accident reported on Highway 30 causing major traffic backup for 1 miles (case 3930). Police on scene.,102,us,,,,,,,
A-4360,2.0,OH,City 10,County 0,Highway 60,2016-02-08 07:39:07,Accident reported on Highway 60 causing major traffic backup for 1 miles (case 4360). Police on scene.,102,us,,,,,,,
A-3500,2.0,OH,City 0,County 0,Highway 0,2016-02-08 07:39:07,Accident reported on Highway 0 causing major traffic backup for 1 miles (case 3500). Police on scene.,101,us,,,,,,,
A-2914,2.0,OH,City 14,County 14,Highway 14,2016-02-08 07:39:07,Accident reported on Highway 14 causing major traffic backup for 5 miles (case 2914). Police on scene.,102,us,,,,,,,
A-1106,2.0,OH,City 6,County 6,Highway 6,2016-02-08 07:39:07,Accident reported on Highway 6 causing major traffic backup for 2 miles (case 1106). Police on scene.,101,us,,,,,,,
A-2891,2.0,OH,City 41,County 11,Highway 91,2016-02-08 07:39:07,Accident reported on Highway 91 causing major traffic backup for 2 miles (case 2891). Police on scene.,102,us,,,,,,,
A-2894,2.0,OH,City 44,County 14,Highway 94,2016-02-08 07:39:07,Accident reported on Highway 94 causing major traffic backup for 5 miles (case 2894). Police on scene.,102,us,,,,,,,
A-2139,2.0,OH,City 39,County 19,Highway 39,2016-02-08 07:39:07,Accident reported on Highway 39 causing major traffic backup for 5 miles (case 2139). Police on scene.,102,us,,,,,,,
A-3839,2.0,OH,City 39,County 19,Highway 39,2016-02-08 07:39:07,Accident reported on Highway 39 causing major traffic backup for 5 miles (case 3839). Police on scene.,102,us,,,,,,,
A-160,2.0,OH,City 10,County 0,Highway 60,2016-02-08 07:39:07,Accident reported on Highway 60 causing major traffic backup for 1 miles (case 160). Police on scene.,101,us,,,,,,,
A-4750,2.0,OH,City 0,County 10,Highway 50,2016-02-08 07:39:07,Accident reported on Highway 50 causing major traffic backup for 1 miles (case 4750). Police on scene.,102,us,,,,,,,
A-1771,2.0,OH,City 21,County 11,Highway 71,2016-02-08 07:39:07,Accident reported on Highway 71 causing major traffic backup for 2 miles (case 1771). Police on scene.,102,us,,,,,,,
A-619,2.0,OH,City 19,County 19,Highway 19,2016-02-08 07:39:07,Accident reported on Highway 19 causing major traffic backup for 5 miles (case 619). Police on scene.,101,us,,,,,,,
A-647,2.0,OH,City 47,County 7,Highway 47,2016-02-08 07:39:07,Accident reported on Highway 47 causing major traffic backup for 3 miles (case 647). Police on scene.,101,us,,,,,,,
A-1740,2.0,OH,City 40,County 0,Highway 40,2016-02-08 07:39:07,Accident reported on Highway 40 causing major traffic backup for 1 miles (case 1740). Police on scene.,102,us,,,,,,,
A-1633,2.0,OH,City 33,County 13,Highway 33,2016-02-08 07:39:07,Accident reported on Highway 33 causing major traffic backup for 4 miles (case 1633). Police on scene.,102,us,,,,,,,
A-1072,2.0,OH,City 22,County 12,Highway 72,2016-02-08 07:39:07,Accident reported on Highway 72 causing major traffic backup for 3 miles (case 1072). Police on scene.,102,us,,,,,,,
A-4374,2.0,OH,City 24,County 14,Highway 74,2016-02-08 07:39:07,Accident reported on Highway 74 causing major traffic backup for 5 miles (case 4374). Police on scene.,102,us,,,,,,,
A-2644,2.0,OH,City 44,County 4,Highway 44,2016-02-08 07:39:07,Accident reported on Highway 44 causing major traffic backup for 5 miles (case 2644). Police on scene.,102,us,,,,,,,
A-4240,2.0,OH,City 40,County 0,Highway 40,2016-02-08 07:39:07,Accident reported on Highway 40 causing major traffic backup for 1 miles (case 4240). Police on scene.,102,us,,,,,,,
A-4362,2.0,OH,City 12,County 2,Highway 62,2016-02-08 07:39:07,Accident reported on Highway 62 causing major traffic backup for 3 miles (case 4362). Police on scene.,102,us,,,,,,,
A-334,2.0,OH,City 34,County 14,Highway 34,2016-02-08 07:39:07,Accident reported on Highway 34 causing major traffic backup for 5 miles (case 334). Police on scene.,101,us,,,,,,,
A-1930,2.0,OH,City 30,County 10,Highway 30,2016-02-08 07:39:07,Accident reported on Highway 30 causing major traffic backup for 1 miles (case 1930). Police on scene.,102,us,,,,,,,
A-3702,2.0,OH,City 2,County 2,Highway 2,2016-02-08 07:39:07,Accident reported on Highway 2 causing major traffic backup for 3 miles (case 3702). Police on scene.,101,us,,,,,,,
A-2191,2.0,OH,City 41,County 11,Highway 91,2016-02-08 07:39:07,Accident reported on Highway 91 causing major traffic backup for 2 miles (case 2191). Police on scene.,102,us,,,,,,,
A-626,2.0,OH,City 26,County 6,Highway 26,2016-02-08 07:39:07,Accident reported on Highway 26 causing major traffic backup for 2 miles (case 626). Police on scene.,101,us,,,,,,,
A-1594,2.0,OH,City 44,County 14,Highway 94,2016-02-08 07:39:07,Accident reported on Highway 94 causing major traffic backup for 5 miles (case 1594). Police on scene.,102,us,,,,,,,
A-2383,2.0,OH,City 33,County 3,Highway 83,2016-02-08 07:39:07,Accident reported on Highway 83 causing major traffic backup for 4 miles (case 2383). Police on scene.,102,us,,,,,,,
A-3417,2.0,OH,City 17,County 17,Highway 17,2016-02-08 07:39:07,Accident reported on Highway 17 causing major traffic backup for 3 miles (case 3417). Police on scene.,102,us,,,,,,,
A-2899,2.0,OH,City 49,County 19,Highway 99,2016-02-08 07:39:07,Accident reported on Highway 99 causing major traffic backup for 5 miles (case 2899). Police on scene.,102,us,,,,,,,
A-3562,2.0,OH,City 12,County 2,Highway 62,2016-02-08 07:39:07,Accident reported on Highway 62 causing major traffic backup for 3 miles (case 3562). Police on scene.,102,us,,,,,,,
A-3908,2.0,OH,City 8,County 8,Highway 8,2016-02-08 07:39:07,Accident reported on Highway 8 causing major traffic backup for 4 miles (case 3908). Police on scene.,101,us,,,,,,,
A-2708,2.0,OH,City 8,County 8,Highway 8,2016-02-08 07:39:07,Accident reported on Highway 8 causing major traffic backup for 4 miles (case 2708). Police on scene.,101,us,,,,,,,
A-759,2.0,OH,City 9,County 19,Highway 59,2016-02-08 07:39:07,Accident reported on Highway 59 causing major traffic backup for 5 miles (case 759). Police on scene.,101,us,,,,,,,
A-522,2.0,OH,City 22,County 2,Highway 22,2016-02-08 07:39:07,Accident reported on Highway 22 causing major traffic backup for 3 miles (case 522). Police on scene.,101,us,,,,,,,
A-3800,2.0,OH,City 0,County 0,Highway 0,2016-02-08 07:39:07,Accident reported on Highway 0 causing major traffic backup for 1 miles (case 3800). Police on scene.,101,us,,,,,,,
A-36,2.0,OH,City 36,County 16,Highway 36,2016-02-08 07:39:07,Accident reported on Highway 36 causing major traffic backup for 2 miles (case 36). Police on scene.,100,us,,,,,,,
A-3368,2.0,OH,City 18,County 8,Highway 68,2016-02-08 07:39:07,Accident reported on Highway 68 causing major traffic backup for 4 miles (case 3368). Police on scene.,102,us,,,,,,,
A-1161,2.0,OH,City 11,County 1,Highway 61,2016-02-08 07:39:07,Accident reported on Highway 61 causing major traffic backup for 2 miles (case 1161). Police on scene.,102,us,,,,,,,
A-748,2.0,OH,City 48,County 8,Highway 48,2016-02-08 07:39:07,Accident reported on Highway 48 causing major traffic backup for 4 miles (case 748). Police on scene.,101,us,,,,,,,
A-4226,2.0,OH,City 26,County 6,Highway 26,2016-02-08 07:39:07,Accident reported on Highway 26 causing major traffic backup for 2 miles (case 4226). Police on scene.,102,us,,,,,,,
A-4723,2.0,OH,City 23,County 3,Highway 23,2016-02-08 07:39:07,Accident reported on Highway 23 causing major traffic backup for 4 miles (case 4723). Police on scene.,102,us,,,,,,,
A-1634,2.0,OH,City 34,County 14,Highway 34,2016-02-08 07:39:07,Accident reported on Highway 34 causing major traffic backup for 5 miles (case 1634). Police on scene.,102,us,,,,,,,
A-2590,2.0,OH,City 40,County 10,Highway 90,2016-02-08 07:39:07,Accident reported on Highway 90 causing major traffic backup for 1 miles (case 2590). Police on scene.,102,us,,,,,,,
A-787,2.0,OH,City 37,County 7,Highway 87,2016-02-08 07:39:07,Accident reported on Highway 87 causing major traffic backup for 3 miles (case 787). Police on scene.,101,us,,,,,,,
A-4698,2.0,OH,City 48,County 18,Highway 98,2016-02-08 07:39:07,Accident reported on Highway 98 causing major traffic backup for 4 miles (case 4698). Police on scene.,102,us,,,,,,,
A-2613,2.0,OH,City 13,County 13,Highway 13,2016-02-08 07:39:07,Accident reported on Highway 13 causing major traffic backup for 4 miles (case 2613). Police on scene.,102,us,,,,,,,
A-233,2.0,OH,City 33,County 13,Highway 33,2016-02-08 07:39:07,Accident reported on Highway 33 causing major traffic backup for 4 miles (case 233). Police on scene.,101,us,,,,,,,
A-861,2.0,OH,City 11,County 1,Highway 61,2016-02-08 07:39:07,Accident reported on Highway 61 causing major traffic backup for 2 miles (case 861). Police on scene.,101,us,,,,,,,
A-2255,2.0,OH,City 5,County 15,Highway 55,2016-02-08 07:39:07,Accident reported on Highway 55 causing major traffic backup for 1 miles (case 2255). Police on scene.,102,us,,,,,,,
A-2361,2.0,OH,City 11,County 1,Highway 61,2016-02-08 07:39:07,Accident reported on Highway 61 causing major traffic backup for 2 miles (case 2361). Police on scene.,102,us,,,,,,,
A-412,2.0,OH,City 12,County 12,Highway 12,2016-02-08 07:39:07,Accident reported on Highway 12 causing major traffic backup for 3 miles (case 412). Police on scene.,101,us,,,,,,,
A-174,2.0,OH,City 24,County 14,Highway 74,2016-02-08 07:39:07,Accident reported on Highway 74 causing major traffic backup for 5 miles (case 174). Police on scene.,101,us,,,,,,,
A-544,2.0,OH,City 44,County 4,Highway 44,2016-02-08 07:39:07,Accident reported on Highway 44 causing major traffic backup for 5 miles (case 544). Police on scene.,101,us,,,,,,,
A-2376,2.0,OH,City 26,County 16,Highway 76,2016-02-08 07:39:07,Accident reported on Highway 76 causing major traffic backup for 2 miles (case 2376). Police on scene.,102,us,,,,,,,
A-4453,2.0,OH,City 3,County 13,Highway 53,2016-02-08 07:39:07,Accident reported on Highway 53 causing major traffic backup for 4 miles (case 4453). Police on scene.,102,us,,,,,,,
A-2753,2.0,OH,City 3,County 13,Highway 53,2016-02-08 07:39:07,Accident reported on Highway 53 causing major traffic backup for 4 miles (case 2753). Police on scene.,102,us,,,,,,,
A-617,2.0,OH,City 17,County 17,Highway 17,2016-02-08 07:39:07,Accident reported on Highway 17 causing major traffic backup for 3 miles (case 617). Police on scene.,101,us,,,,,,,
A-1489,2.0,OH,City 39,County 9,Highway 89,2016-02-08 07:39:07,Accident reported on Highway 89 causing major traffic backup for 5 miles (case 1489). Police on scene.,102,us,,,,,,,
A-4793,2.0,OH,City 43,County 13,Highway 93,2016-02-08 07:39:07,Accident reported on Highway 93 causing major traffic backup for 4 miles (case 4793). Police on scene.,102,us,,,,,,,
A-4040,2.0,OH,City 40,County 0,Highway 40,2016-02-08 07:39:07,Accident reported on Highway 40 causing major traffic backup for 1 miles (case 4040). Police on scene.,102,us,,,,,,,
A-1165,2.0,OH,City 15,County 5,Highway 65,2016-02-08 07:39:07,Accident reported on Highway 65 causing major traffic backup for 1 miles (case 1165). Police on scene.,102,us,,,,,,,
A-3231,2.0,OH,City 31,County 11,Highway 31,2016-02-08 07:39:07,Accident reported on Highway 31 causing major traffic backup for 2 miles (case 3231). Police on scene.,102,us,,,,,,,
A-3078,2.0,OH,City 28,County 18,Highway 78,2016-02-08 07:39:07,Accident reported on Highway 78 causing major traffic backup for 4 miles (case 3078). Police on scene.,102,us,,,,,,,
A-1593,2.0,OH,City 43,County 13,Highway 93,2016-02-08 07:39:07,Accident reported on Highway 93 causing major traffic backup for 4 miles (case 1593). Police on scene.,102,us,,,,,,,
A-4239,2.0,OH,City 39,County 19,Highway 39,2016-02-08 07:39:07,Accident reported on Highway 39 causing major traffic backup for 5 miles (case 4239). Police on scene.,102,us,,,,,,,
A-3722,2.0,OH,City 22,County 2,Highway 22,2016-02-08 07:39:07,Accident reported on Highway 22 causing major traffic backup for 3 miles (case 3722). Police on scene.,102,us,,,,,,,
A-2198,2.0,OH,City 48,County 18,Highway 98,2016-02-08 07:39:07,Accident reported on Highway 98 causing major traffic backup for 4 miles (case 2198). Police on scene.,102,us,,,,,,,
A-568,2.0,OH,City 18,County 8,Highway 68,2016-02-08 07:39:07,Accident reported on Highway 68 causing major traffic backup for 4 miles (case 568). Police on scene.,101,us,,,,,,,
A-3569,2.0,OH,City 19,County 9,Highway 69,2016-02-08 07:39:07,Accident reported on Highway 69 causing major traffic backup for 5 miles (case 3569). Police on scene.,102,us,,,,,,,
A-4248,2.0,OH,City 48,County 8,Highway 48,2016-02-08 07:39:07,Accident reported on Highway 48 causing major traffic backup for 4 miles (case 4248). Police on scene.,102,us,,,,,,,
A-1793,2.0,OH,City 43,County 13,Highway 93,2016-02-08 07:39:07,Accident reported on Highway 93 causing major traffic backup for 4 miles (case 1793). Police on scene.,102,us,,,,,,,
A-2087,2.0,OH,City 37,County 7,Highway 87,2016-02-08 07:39:07,Accident reported on Highway 87 causing major traffic backup for 3 miles (case 2087). Police on scene.,102,us,,,,,,,
A-4958,2.0,OH,City 8,County 18,Highway 58,2016-02-08 07:39:07,Accident reported on Highway 58 causing major traffic backup for 4 miles (case 4958). Police on scene.,102,us,,,,,,,
A-4446,2.0,OH,City 46,County 6,Highway 46,2016-02-08 07:39:07,Accident reported on Highway 46 causing major traffic backup for 2 miles (case 4446). Police on scene.,102,us,,,,,,,
A-4928,2.0,OH,City 28,County 8,Highway 28,2016-02-08 07:39:07,Accident reported on Highway 28 causing major traffic backup for 4 miles (case 4928). Police on scene.,102,us,,,,,,,
A-3473,2.0,OH,City 23,County 13,Highway 73,2016-02-08 07:39:07,Accident reported on Highway 73 causing major traffic backup for 4 miles (case 3473). Police on scene.,102,us,,,,,,,
A-2201,2.0,OH,City 1,County 1,Highway 1,2016-02-08 07:39:07,Accident reported on Highway 1 causing major traffic backup for 2 miles (case 2201). Police on scene.,101,us,,,,,,,
A-2392,2.0,OH,City 42,County 12,Highway 92,2016-02-08 07:39:07,Accident reported on Highway 92 causing major traffic backup for 3 miles (case 2392). Police on scene.,102,us,,,,,,,
A-4611,2.0,OH,City 11,County 11,Highway 11,2016-02-08 07:39:07,Accident reported on Highway 11 causing major traffic backup for 2 miles (case 4611). Police on scene.,102,us,,,,,,,
A-1495,2.0,OH,City 45,County 15,Highway 95,2016-02-08 07:39:07,Accident reported on Highway 95 causing major traffic backup for 1 miles (case 1495). Police on scene.,102,us,,,,,,,
A-1176,2.0,OH,City 26,County 16,Highway 76,2016-02-08 07:39:07,Accident reported on Highway 76 causing major traffic backup for 2 miles (case 1176). Police on scene.,102,us,,,,,,,
A-2270,2.0,OH,City 20,County 10,Highway 70,2016-02-08 07:39:07,Accident reported on Highway 70 causing major traffic backup for 1 miles (case 2270). Police on scene.,102,us,,,,,,,
A-329,2.0,OH,City 29,County 9,Highway 29,2016-02-08 07:39:07,Accident reported on Highway 29 causing major traffic backup for 5 miles (case 329). Police on scene.,101,us,,,,,,,
A-1055,2.0,OH,City 5,County 15,Highway 55,2016-02-08 07:39:07,Accident reported on Highway 55 causing major traffic backup for 1 miles (case 1055). Police on scene.,102,us,,,,,,,
A-2944,2.0,OH,City 44,County 4,Highway 44,2016-02-08 07:39:07,Accident reported on Highway 44 causing major traffic backup for 5 miles (case 2944). Police on scene.,102,us,,,,,,,
A-3292,2.0,OH,City 42,County 12,Highway 92,2016-02-08 07:39:07,Accident reported on Highway 92 causing major traffic backup for 3 miles (case 3292). Police on scene.,102,us,,,,,,,
A-2883,2.0,OH,City 33,County 3,Highway 83,2016-02-08 07:39:07,Accident reported on Highway 83 causing major traffic backup for 4 miles (case 2883). Police on scene.,102,us,,,,,,,
A-4488,2.0,OH,City 38,County 8,Highway 88,2016-02-08 07:39:07,Accident reported on Highway 88 causing major traffic backup for 4 miles (case 4488). Police on scene.,102,us,,,,,,,
A-4283,2.0,OH,City 33,County 3,Highway 83,2016-02-08 07:39:07,Accident reported on Highway 83 causing major traffic backup for 4 miles (case 4283). Police on scene.,102,us,,,,,,,
A-1200,2.0,OH,City 0,County 0,Highway 0,2016-02-08 07:39:07,Accident reported on Highway 0 causing major traffic backup for 1 miles (case 1200). Police on scene.,101,us,,,,,,,
A-624,2.0,OH,City 24,County 4,Highway 24,2016-02-08 07:39:07,Accident reported on Highway 24 causing major traffic backup for 5 miles (case 624). Police on scene.,101,us,,,,,,,
A-4644,2.0,OH,City 44,County 4,Highway 44,2016-02-08 07:39:07,Accident reported on Highway 44 causing major traffic backup for 5 miles (case 4644). Police on scene.,102,us,,,,,,,
A-2877,2.0,OH,City 27,County 17,Highway 77,2016-02-08 07:39:07,Accident reported on Highway 77 causing major traffic backup for 3 miles (case 2877). Police on scene.,102,us,,,,,,,
A-1193,2.0,OH,City 43,County 13,Highway 93,2016-02-08 07:39:07,Accident reported on Highway 93 causing major traffic backup for 4 miles (case 1193). Police on scene.,102,us,,,,,,,
A-332,2.0,OH,City 32,County 12,Highway 32,2016-02-08 07:39:07,Accident reported on Highway 32 causing major traffic backup for 3 miles (case 332). Police on scene.,101,us,,,,,,,
A-652,2.0,OH,City 2,County 12,Highway 52,2016-02-08 07:39:07,Accident reported on Highway 52 causing major traffic backup for 3 miles (case 652). Police on scene.,101,us,,,,,,,
A-901,2.0,OH,City 1,County 1,Highway 1,2016-02-08 07:39:07,Accident reported on Highway 1 causing major traffic backup for 2 miles (case 901). Police on scene.,100,us,,,,,,,
A-1725,2.0,OH,City 25,County 5,Highway 25,2016-02-08 07:39:07,Accident reported on Highway 25 causing major traffic backup for 1 miles (case 1725). Police on scene.,102,us,,,,,,,
A-1127,2.0,OH,City 27,County 7,Highway 27,2016-02-08 07:39:07,Accident reported on Highway 27 causing major traffic backup for 3 miles (case 1127). Police on scene.,102,us,,,,,,,
A-2322,2.0,OH,City 22,County 2,Highway 22,2016-02-08 07:39:07,Accident reported on Highway 22 causing major traffic backup for 3 miles (case 2322). Police on scene.,102,us,,,,,,,
A-4643,2.0,OH,City 43,County 3,Highway 43,2016-02-08 07:39:07,Accident reported on Highway 43 causing major traffic backup for 4 miles (case 4643). Police on scene.,102,us,,,,,,,
A-4225,2.0,OH,City 25,County 5,Highway 25,2016-02-08 07:39:07,Accident reported on Highway 25 causing major traffic backup for 1 miles (case 4225). Police on scene.,102,us,,,,,,,
A-2146,2.0,OH,City 46,County 6,Highway 46,2016-02-08 07:39:07,Accident reported on Highway 46 causing major traffic backup for 2 miles (case 2146). Police on scene.,102,us,,,,,,,
A-3879,2.0,OH,City 29,County 19,Highway 79,2016-02-08 07:39:07,Accident reported on Highway 79 causing major traffic backup for 5 miles (case 3879). Police on scene.,102,us,,,,,,,
A-3427,2.0,OH,City 27,County 7,Highway 27,2016-02-08 07:39:07,Accident reported on Highway 27 causing major traffic backup for 3 miles (case 3427). Police on scene.,102,us,,,,,,,
A-3872,2.0,OH,City 22,County 12,Highway 72,2016-02-08 07:39:07,Accident reported on Highway 72 causing major traffic backup for 3 miles (case 3872). Police on scene.,102,us,,,,,,,
A-2148,2.0,OH,City 48,County 8,Highway 48,2016-02-08 07:39:07,Accident reported on Highway 48 causing major traffic backup for 4 miles (case 2148). Police on scene.,102,us,,,,,,,
A-2982,2.0,OH,City 32,County 2,Highway 82,2016-02-08 07:39:07,Accident reported on Highway 82 causing major traffic backup for 3 miles (case 2982). Police on scene.,102,us,,,,,,,
A-1508,2.0,OH,City 8,County 8,Highway 8,2016-02-08 07:39:07,Accident reported on Highway 8 causing major traffic backup for 4 miles (case 1508). Police on scene.,101,us,,,,,,,
A-1027,2.0,OH,City 27,County 7,Highway 27,2016-02-08 07:39:07,Accident reported on Highway 27 causing major traffic backup for 3 miles (case 1027). Police on scene.,102,us,,,,,,,
A-1968,2.0,OH,City 18,County 8,Highway 68,2016-02-08 07:39:07,Accident reported on Highway 68 causing major traffic backup for 4 miles (case 1968). Police on scene.,102,us,,,,,,,
A-4747,2.0,OH,City 47,County 7,Highway 47,2016-02-08 07:39:07,Accident reported on Highway 47 causing major traffic backup for 3 miles (case 4747). Police on scene.,102,us,,,,,,,
A-2607,2.0,OH,City 7,County 7,Highway 7,2016-02-08 07:39:07,Accident reported on Highway 7 causing major traffic backup for 3 miles (case 2607). Police on scene.,101,us,,,,,,,
A-4413,2.0,OH,City 13,County 13,Highway 13,2016-02-08 07:39:07,Accident reported on Highway 13 causing major traffic backup for 4 miles (case 4413). Police on scene.,102,us,,,,,,,
A-1939,2.0,OH,City 39,County 19,Highway 39,2016-02-08 07:39:07,Accident reported on Highway 39 causing major traffic backup for 5 miles (case 1939). Police on scene.,102,us,,,,,,,
A-813,2.0,OH,City 13,County 13,Highway 13,2016-02-08 07:39:07,Accident reported on Highway 13 causing major traffic backup for 4 miles (case 813). Police on scene.,101,us,,,,,,,
A-3051,2.0,OH,City 1,County 11,Highway 51,2016-02-08 07:39:07,Accident reported on Highway 51 causing major traffic backup for 2 miles (case 3051). Police on scene.,102,us,,,,,,,
A-982,2.0,OH,City 32,County 2,Highway 82,2016-02-08 07:39:07,Accident reported on Highway 82 causing major traffic backup for 3 miles (case 982). Police on scene.,101,us,,,,,,,
A-4276,2.0,OH,City 26,County 16,Highway 76,2016-02-08 07:39:07,Accident reported on Highway 76 causing major traffic backup for 2 miles (case 4276). Police on scene.,102,us,,,,,,,
A-2689,2.0,OH,City 39,County 9,Highway 89,2016-02-08 07:39:07,Accident reported on Highway 89 causing major traffic backup for 5 miles (case 2689). Police on scene.,102,us,,,,,,,
A-4724,2.0,OH,City 24,County 4,Highway 24,2016-02-08 07:39:07,Accident reported on Highway 24 causing major traffic backup for 5 miles (case 4724). Police on scene.,102,us,,,,,,,
A-2490,2.0,OH,City 40,County 10,Highway 90,2016-02-08 07:39:07,Accident reported on Highway 90 causing major traffic backup for 1 miles (case 2490). Police on scene.,102,us,,,,,,,
A-3771,2.0,OH,City 21,County 11,Highway 71,2016-02-08 07:39:07,Accident reported on Highway 71 causing major traffic backup for 2 miles (case 3771). Police on scene.,102,us,,,,,,,
A-2403,2.0,OH,City 3,County 3,Highway 3,2016-02-08 07:39:07,Accident reported on Highway 3 causing major traffic backup for 4 miles (case 2403). Police on scene.,101,us,,,,,,,
A-1491,2.0,OH,City 41,County 11,Highway 91,2016-02-08 07:39:07,Accident reported on Highway 91 causing major traffic backup for 2 miles (case 1491). Police on scene.,102,us,,,,,,,
A-2682,2.0,OH,City 32,County 2,Highway 82,2016-02-08 07:39:07,Accident reported on Highway 82 causing major traffic backup for 3 miles (case 2682). Police on scene.,102,us,,,,,,,
A-4278,2.0,OH,City 28,County 18,Highway 78,2016-02-08 07:39:07,Accident reported on Highway 78 causing major traffic backup for 4 miles (case 4278). Police on scene.,102,us,,,,,,,
A-178,2.0,OH,City 28,County 18,Highway 78,2016-02-08 07:39:07,Accident reported on Highway 78 causing major traffic backup for 4 miles (case 178). Police on scene.,101,us,,,,,,,
A-2614,2.0,OH,City 14,County 14,Highway 14,2016-02-08 07:39:07,Accident reported on Highway 14 causing major traffic backup for 5 miles (case 2614). Police on scene.,102,us,,,,,,,
A-1958,2.0,OH,City 8,County 18,Highway 58,2016-02-08 07:39:07,Accident reported on Highway 58 causing major traffic backup for 4 miles (case 1958). Police on scene.,102,us,,,,,,,
A-1481,2.0,OH,City 31,County 1,Highway 81,2016-02-08 07:39:07,Accident reported on Highway 81 causing major traffic backup for 2 miles (case 1481). Police on scene.,102,us,,,,,,,
A-4462,2.0,OH,City 12,County 2,Highway 62,2016-02-08 07:39:07,Accident reported on Highway 62 causing major traffic backup for 3 miles (case 4462). Police on scene.,102,us,,,,,,,
A-221,2.0,OH,City 21,County 1,Highway 21,2016-02-08 07:39:07,Accident reported on Highway 21 causing major traffic backup for 2 miles (case 221). Police on scene.,101,us,,,,,,,
A-3911,2.0,OH,City 11,County 11,Highway 11,2016-02-08 07:39:07,Accident reported on Highway 11 causing major traffic backup for 2 miles (case 3911). Police on scene.,102,us,,,,,,,
A-3988,2.0,OH,City 38,County 8,Highway 88,2016-02-08 07:39:07,Accident reported on Highway 88 causing major traffic backup for 4 miles (case 3988). Police on scene.,102,us,,,,,,,
A-694,2.0,OH,City 44,County 14,Highway 94,2016-02-08 07:39:07,Accident reported on Highway 94 causing major traffic backup for 5 miles (case 694). Police on scene.,101,us,,,,,,,
A-2576,2.0,OH,City 26,County 16,Highway 76,2016-02-08 07:39:07,Accident reported on Highway 76 causing major traffic backup for 2 miles (case 2576). Police on scene.,102,us,,,,,,,
A-2233,2.0,OH,City 33,County 13,Highway 33,2016-02-08 07:39:07,Accident reported on Highway 33 causing major traffic backup for 4 miles (case 2233). Police on scene.,102,us,,,,,,,
A-4481,2.0,OH,City 31,County 1,Highway 81,2016-02-08 07:39:07,Accident reported on Highway 81 causing major traffic backup for 2 miles (case 4481). Police on scene.,102,us,,,,,,,
A-1110,2.0,OH,City 10,County 10,Highway 10,2016-02-08 07:39:07,Accident reported on Highway 10 causing major traffic backup for 1 miles (case 1110). Police on scene.,102,us,,,,,,,
A-2675,2.0,OH,City 25,County 15,Highway 75,2016-02-08 07:39:07,Accident reported on Highway 75 causing major traffic backup for 1 miles (case 2675). Police on scene.,102,us,,,,,,,
A-3898,2.0,OH,City 48,County 18,Highway 98,2016-02-08 07:39:07,Accident reported on Highway 98 causing major traffic backup for 4 miles (case 3898). Police on scene.,102,us,,,,,,,
A-4998,2.0,OH,City 48,County 18,Highway 98,2016-02-08 07:39:07,Accident reported on Highway 98 causing major traffic backup for 4 miles (case 4998). Police on scene.,102,us,,,,,,,
A-615,2.0,OH,City 15,County 15,Highway 15,2016-02-08 07:39:07,Accident reported on Highway 15 causing major traffic backup for 1 miles (case 615). Police on scene.,101,us,,,,,,,
A-3239,2.0,OH,City 39,County 19,Highway 39,2016-02-08 07:39:07,Accident reported on Highway 39 causing major traffic backup for 5 miles (case 3239). Police on scene.,102,us,,,,,,,
A-3709,2.0,OH,City 9,County 9,Highway 9,2016-02-08 07:39:07,Accident reported on Highway 9 causing major traffic backup for 5 miles (case 3709). Police on scene.,101,us,,,,,,,
A-580,2.0,OH,City 30,County 0,Highway 80,2016-02-08 07:39:07,Accident reported on Highway 80 causing major traffic backup for 1 miles (case 580). Police on scene.,101,us,,,,,,,
A-2063,2.0,OH,City 13,County 3,Highway 63,2016-02-08 07:39:07,Accident reported on Highway 63 causing major traffic backup for 4 miles (case 2063). Police on scene.,102,us,,,,,,,
A-4436,2.0,OH,City 36,County 16,Highway 36,2016-02-08 07:39:07,Accident reported on Highway 36 causing major traffic backup for 2 miles (case 4436). Police on scene.,102,us,,,,,,,
A-1184,2.0,OH,City 34,County 4,Highway 84,2016-02-08 07:39:07,Accident reported on Highway 84 causing major traffic backup for 5 miles (case 1184). Police on scene.,102,us,,,,,,,
A-892,2.0,OH,City 42,County 12,Highway 92,2016-02-08 07:39:07,Accident reported on Highway 92 causing major traffic backup for 3 miles (case 892). Police on scene.,101,us,,,,,,,
A-3959,2.0,OH,City 9,County 19,Highway 59,2016-02-08 07:39:07,Accident reported on Highway 59 causing major traffic backup for 5 miles (case 3959). Police on scene.,102,us,,,,,,,
A-1730,2.0,OH,City 30,County 10,Highway 30,2016-02-08 07:39:07,Accident reported on Highway 30 causing major traffic backup for 1 miles (case 1730). Police on scene.,102,us,,,,,,,
A-2662,2.0,OH,City 12,County 2,Highway 62,2016-02-08 07:39:07,Accident reported on Highway 62 causing major traffic backup for 3 miles (case 2662). Police on scene.,102,us,,,,,,,
A-821,2.0,OH,City 21,County 1,Highway 21,2016-02-08 07:39:07,Accident reported on Highway 21 causing major traffic backup for 2 miles (case 821). Police on scene.,101,us,,,,,,,
A-3275,2.0,OH,City 25,County 15,Highway 75,2016-02-08 07:39:07,Accident reported on Highway 75 causing major traffic backup for 1 miles (case 3275). Police on scene.,102,us,,,,,,,
A-4845,2.0,OH,City 45,County 5,Highway 45,2016-02-08 07:39:07,Accident reported on Highway 45 causing major traffic backup for 1 miles (case 4845). Police on scene.,102,us,,,,,,,
A-212,2.0,OH,City 12,County 12,Highway 12,2016-02-08 07:39:07,Accident reported on Highway 12 causing major traffic backup for 3 miles (case 212). Police on scene.,101,us,,,,,,,
A-297,2.0,OH,City 47,County 17,Highway 97,2016-02-08 07:39:07,Accident reported on Highway 97 causing major traffic backup for 3 miles (case 297). Police on scene.,101,us,,,,,,,
A-1123,2.0,OH,City 23,County 3,Highway 23,2016-02-08 07:39:07,Accident reported on Highway 23 causing major traffic backup for 4 miles (case 1123). Police on scene.,102,us,,,,,,,
A-3983,2.0,OH,City 33,County 3,Highway 83,2016-02-08 07:39:07,Accident reported on Highway 83 causing major traffic backup for 4 miles (case 3983). Police on scene.,102,us,,,,,,,
A-3687,2.0,OH,City 37,County 7,Highway 87,2016-02-08 07:39:07,Accident reported on Highway 87 causing major traffic backup for 3 miles (case 3687). Police on scene.,102,us,,,,,,,
A-1268,2.0,OH,City 18,County 8,Highway 68,2016-02-08 07:39:07,Accident reported on Highway 68 causing major traffic backup for 4 miles (case 1268). Police on scene.,102,us,,,,,,,
A-994,2.0,OH,City 44,County 14,Highway 94,2016-02-08 07:39:07,Accident reported on Highway 94 causing major traffic backup for 5 miles (case 994). Police on scene.,101,us,,,,,,,
A-4198,2.0,OH,City 48,County 18,Highway 98,2016-02-08 07:39:07,Accident reported on Highway 98 causing major traffic backup for 4 miles (case 4198). Police on scene.,102,us,,,,,,,
A-1509,2.0,OH,City 9,County 9,Highway 9,2016-02-08 07:39:07,Accident reported on Highway 9 causing major traffic backup for 5 miles (case 1509). Police on scene.,101,us,,,,,,,
A-357,2.0,OH,City 7,County 17,Highway 57,2016-02-08 07:39:07,Accident reported on Highway 57 causing major traffic backup for 3 miles (case 357). Police on scene.,101,us,,,,,,,
A-2880,2.0,OH,City 30,County 0,Highway 80,2016-02-08 07:39:07,Accident reported on Highway 80 causing major traffic backup for 1 miles (case 2880). Police on scene.,102,us,,,,,,,
A-1487,2.0,OH,City 37,County 7,Highway 87,2016-02-08 07:39:07,Accident reported on Highway 87 causing major traffic backup for 3 miles (case 1487). Police on scene.,102,us,,,,,,,
A-3040,2.0,OH,City 40,County 0,Highway 40,2016-02-08 07:39:07,Accident reported on Highway 40 causing major traffic backup for 1 miles (case 3040). Police on scene.,102,us,,,,,,,
A-2554,2.0,OH,City 4,County 14,Highway 54,2016-02-08 07:39:07,Accident reported on Highway 54 causing major traffic backup for 5 miles (case 2554). Police on scene.,102,us,,,,,,,
A-3688,2.0,OH,City 38,County 8,Highway 88,2016-02-08 07:39:07,Accident reported on Highway 88 causing major traffic backup for 4 miles (case 3688). Police on scene.,102,us,,,,,,,
A-1232,2.0,OH,City 32,County 12,Highway 32,2016-02-08 07:39:07,Accident reported on Highway 32 causing major traffic backup for 3 miles (case 1232). Police on scene.,102,us,,,,,,,
A-263,2.0,OH,City 13,County 3,Highway 63,2016-02-08 07:39:07,Accident reported on Highway 63 causing major traffic backup for 4 miles (case 263). Police on scene.,101,us,,,,,,,
A-1518,2.0,OH,City 18,County 18,Highway 18,2016-02-08 07:39:07,Accident reported on Highway 18 causing major traffic backup for 4 miles (case 1518). Police on scene.,102,us,,,,,,,
A-3635,2.0,OH,City 35,County 15,Highway 35,2016-02-08 07:39:07,Accident reported on Highway 35 causing major traffic backup for 1 miles (case 3635). Police on scene.,102,us,,,,,,,
A-4746,2.0,OH,City 46,County 6,Highway 46,2016-02-08 07:39:07,Accident reported on Highway 46 causing major traffic backup for 2 miles (case 4746). Police on scene.,102,us,,,,,,,
A-3533,2.0,OH,City 33,County 13,Highway 33,2016-02-08 07:39:07,Accident reported on Highway 33 causing major traffic backup for 4 miles (case 3533). Police on scene.,102,us,,,,,,,
A-4691,2.0,OH,City 41,County 11,Highway 91,2016-02-08 07:39:07,Accident reported on Highway 91 causing major traffic backup for 2 miles (case 4691). Police on scene.,102,us,,,,,,,
A-56,2.0,OH,City 6,County 16,Highway 56,2016-02-08 07:39:07,Accident reported on Highway 56 causing major traffic backup for 2 miles (case 56). Police on scene.,100,us,,,,,,,
A-4180,2.0,OH,City 30,County 0,Highway 80,2016-02-08 07:39:07,Accident reported on Highway 80 causing major traffic backup for 1 miles (case 4180). Police on scene.,102,us,,,,,,,
A-1839,2.0,OH,City 39,County 19,Highway 39,2016-02-08 07:39:07,Accident reported on Highway 39 causing major traffic backup for 5 miles (case 1839). Police on scene.,102,us,,,,,,,
A-3403,2.0,OH,City 3,County 3,Highway 3,2016-02-08 07:39:07,Accident reported on Highway 3 causing major traffic backup for 4 miles (case 3403). Police on scene.,101,us,,,,,,,
A-2408,2.0,OH,City 8,County 8,Highway 8,2016-02-08 07:39:07,Accident reported on Highway 8 causing major traffic backup for 4 miles (case 2408). Police on scene.,101,us,,,,,,,
A-3313,2.0,OH,City 13,County 13,Highway 13,2016-02-08 07:39:07,Accident reported on Highway 13 causing major traffic backup for 4 miles (case 3313). Police on scene.,102,us,,,,,,,
A-2343,2.0,OH,City 43,County 3,Highway 43,2016-02-08 07:39:07,Accident reported on Highway 43 causing major traffic backup for 4 miles (case 2343). Police on scene.,102,us,,,,,,,
A-1037,2.0,OH,City 37,County 17,Highway 37,2016-02-08 07:39:07,Accident reported on Highway 37 causing major traffic backup for 3 miles (case 1037). Police on scene.,102,us,,,,,,,
A-1101,2.0,OH,City 1,County 1,Highway 1,2016-02-08 07:39:07,Accident reported on Highway 1 causing major traffic backup for 2 miles (case 1101). Police on scene.,101,us,,,,,,,
A-547,2.0,OH,City 47,County 7,Highway 47,2016-02-08 07:39:07,Accident reported on Highway 47 causing major traffic backup for 3 miles (case 547). Police on scene.,101,us,,,,,,,
A-1050,2.0,OH,City 0,County 10,Highway 50,2016-02-08 07:39:07,Accident reported on Highway 50 causing major traffic backup for 1 miles (case 1050). Police on scene.,102,us,,,,,,,
A-1892,2.0,OH,City 42,County 12,Highway 92,2016-02-08 07:39:07,Accident reported on Highway 92 causing major traffic backup for 3 miles (case 1892). Police on scene.,102,us,,,,,,,
A-3471,2.0,OH,City 21,County 11,Highway 71,2016-02-08 07:39:07,Accident reported on Highway 71 causing major traffic backup for 2 miles (case 3471). Police on scene.,102,us,,,,,,,
A-34,2.0,OH,City 34,County 14,Highway 34,2016-02-08 07:39:07,Accident reported on Highway 34 causing major traffic backup for 5 miles (case 34). Police on scene.,100,us,,,,,,,
A-729,2.0,OH,City 29,County 9,Highway 29,2016-02-08 07:39:07,Accident reported on Highway 29 causing major traffic backup for 5 miles (case 729). Police on scene.,101,us,,,,,,,
A-3217,2.0,OH,City 17,County 17,Highway 17,2016-02-08 07:39:07,Accident reported on Highway 17 causing major traffic backup for 3 miles (case 3217). Police on scene.,102,us,,,,,,,
A-2097,2.0,OH,City 47,County 17,Highway 97,2016-02-08 07:39:07,Accident reported on Highway 97 causing major traffic backup for 3 miles (case 2097). Police on scene.,102,us,,,,,,,
A-3900,2.0,OH,City 0,County 0,Highway 0,2016-02-08 07:39:07,Accident reported on Highway 0 causing major traffic backup for 1 miles (case 3900). Police on scene.,101,us,,,,,,,
A-1430,2.0,OH,City 30,County 10,Highway 30,2016-02-08 07:39:07,Accident reported on Highway 30 causing major traffic backup for 1 miles (case 1430). Police on scene.,102,us,,,,,,,
A-2496,2.0,OH,City 46,County 16,Highway 96,2016-02-08 07:39:07,Accident reported on Highway 96 causing major traffic backup for 2 miles (case 2496). Police on scene.,102,us,,,,,,,
A-440,2.0,OH,City 40,County 0,Highway 40,2016-02-08 07:39:07,Accident reported on Highway 40 causing major traffic backup for 1 miles (case 440). Police on scene.,101,us,,,,,,,
A-2469,2.0,OH,City 19,County 9,Highway 69,2016-02-08 07:39:07,Accident reported on Highway 69 causing major traffic backup for 5 miles (case 2469). Police on scene.,102,us,,,,,,,
A-916,2.0,OH,City 16,County 16,Highway 16,2016-02-08 07:39:07,Accident reported on Highway 16 causing major traffic backup for 2 miles (case 916). Police on scene.,101,us,,,,,,,
A-4223,2.0,OH,City 23,County 3,Highway 23,2016-02-08 07:39:07,Accident reported on Highway 23 causing major traffic backup for 4 miles (case 4223). Police on scene.,102,us,,,,,,,
A-4165,2.0,OH,City 15,County 5,Highway 65,2016-02-08 07:39:07,Accident reported on Highway 65 causing major traffic backup for 1 miles (case 4165). Police on scene.,102,us,,,,,,,
A-4513,2.0,OH,City 13,County 13,Highway 13,2016-02-08 07:39:07,Accident reported on Highway 13 causing major traffic backup for 4 miles (case 4513). Police on scene.,102,us,,,,,,,
A-4422,2.0,OH,City 22,County 2,Highway 22,2016-02-08 07:39:07,Accident reported on Highway 22 causing major traffic backup for 3 miles (case 4422). Police on scene.,102,us,,,,,,,
A-2462,2.0,OH,City 12,County 2,Highway 62,2016-02-08 07:39:07,Accident reported on Highway 62 causing major traffic backup for 3 miles (case 2462). Police on scene.,102,us,,,,,,,
A-2281,2.0,OH,City 31,County 1,Highway 81,2016-02-08 07:39:07,Accident reported on Highway 81 causing major traffic backup for 2 miles (case 2281). Police on scene.,102,us,,,,,,,
A-1242,2.0,OH,City 42,County 2,Highway 42,2016-02-08 07:39:07,Accident reported on Highway 42 causing major traffic backup for 3 miles (case 1242). Police on scene.,102,us,,,,,,,
A-907,2.0,OH,City 7,County 7,Highway 7,2016-02-08 07:39:07,Accident reported on Highway 7 causing major traffic backup for 3 miles (case 907). Police on scene.,100,us,,,,,,,
A-2573,2.0,OH,City 23,County 13,Highway 73,2016-02-08 07:39:07,Accident reported on Highway 73 causing major traffic backup for 4 miles (case 2573). Police on scene.,102,us,,,,,,,
A-3142,2.0,OH,City 42,County 2,Highway 42,2016-02-08 07:39:07,Accident reported on Highway 42 causing major traffic backup for 3 miles (case 3142). Police on scene.,102,us,,,,,,,
A-1505,2.0,OH,City 5,County 5,Highway 5,2016-02-08 07:39:07,Accident reported on Highway 5 causing major traffic backup for 1 miles (case 1505). Police on scene.,101,us,,,,,,,
A-511,2.0,OH,City 11,County 11,Highway 11,2016-02-08 07:39:07,Accident reported on Highway 11 causing major traffic backup for 2 miles (case 511). Police on scene.,101,us,,,,,,,
A-4012,2.0,OH,City 12,County 12,Highway 12,2016-02-08 07:39:07,Accident reported on Highway 12 causing major traffic backup for 3 miles (case 4012). Police on scene.,102,us,,,,,,,
A-187,2.0,OH,City 37,County 7,Highway 87,2016-02-08 07:39:07,Accident reported on Highway 87 causing major traffic backup for 3 miles (case 187). Police on scene.,101,us,,,,,,,
A-3786,2.0,OH,City 36,County 6,Highway 86,2016-02-08 07:39:07,Accident reported on Highway 86 causing major traffic backup for 2 miles (case 3786). Police on scene.,102,us,,,,,,,
A-4273,2.0,OH,City 23,County 13,Highway 73,2016-02-08 07:39:07,Accident reported on Highway 73 causing major traffic backup for 4 miles (case 4273). Police on scene.,102,us,,,,,,,
A-325,2.0,OH,City 25,County 5,Highway 25,2016-02-08 07:39:07,Accident reported on Highway 25 causing major traffic backup for 1 miles (case 325). Police on scene.,101,us,,,,,,,
A-1774,2.0,OH,City 24,County 14,Highway 74,2016-02-08 07:39:07,Accident reported on Highway 74 causing major traffic backup for 5 miles (case 1774). Police on scene.,102,us,,,,,,,
A-2424,2.0,OH,City 24,County 4,Highway 24,2016-02-08 07:39:07,Accident reported on Highway 24 causing major traffic backup for 5 miles (case 2424). Police on scene.,102,us,,,,,,,
A-2417,2.0,OH,City 17,County 17,Highway 17,2016-02-08 07:39:07,Accident reported on Highway 17 causing major traffic backup for 3 miles (case 2417). Police on scene.,102,us,,,,,,,
A-3106,2.0,OH,City 6,County 6,Highway 6,2016-02-08 07:39:07,Accident reported on Highway 6 causing major traffic backup for 2 miles (case 3106). Police on scene.,101,us,,,,,,,
A-2279,2.0,OH,City 29,County 19,Highway 79,2016-02-08 07:39:07,Accident reported on Highway 79 causing major traffic backup for 5 miles (case 2279). Police on scene.,102,us,,,,,,,
A-4429,2.0,OH,City 29,County 9,Highway 29,2016-02-08 07:39:07,Accident reported on Highway 29 causing major traffic backup for 5 miles (case 4429). Police on scene.,102,us,,,,,,,
A-2115,2.0,OH,City 15,County 15,Highway 15,2016-02-08 07:39:07,Accident reported on Highway 15 causing major traffic backup for 1 miles (case 2115). Police on scene.,102,us,,,,,,,
A-4438,2.0,OH,City 38,County 18,Highway 38,2016-02-08 07:39:07,Accident reported on Highway 38 causing major traffic backup for 4 miles (case 4438). Police on scene.,102,us,,,,,,,
A-1150,2.0,OH,City 0,County 10,Highway 50,2016-02-08 07:39:07,Accident reported on Highway 50 causing major traffic backup for 1 miles (case 1150). Police on scene.,102,us,,,,,,,
A-4009,2.0,OH,City 9,County 9,Highway 9,2016-02-08 07:39:07,Accident reported on Highway 9 causing major traffic backup for 5 miles (case 4009). Police on scene.,101,us,,,,,,,
A-48,2.0,OH,City 48,County 8,Highway 48,2016-02-08 07:39:07,Accident reported on Highway 48 causing major traffic backup for 4 miles (case 48). Police on scene.,100,us,,,,,,,
A-1756,2.0,OH,City 6,County 16,Highway 56,2016-02-08 07:39:07,Accident reported on Highway 56 causing major traffic backup for 2 miles (case 1756). Police on scene.,102,us,,,,,,,
A-3706,2.0,OH,City 6,County 6,Highway 6,2016-02-08 07:39:07,Accident reported on Highway 6 causing major traffic backup for 2 miles (case 3706). Police on scene.,101,us,,,,,,,
A-1822,2.0,OH,City 22,County 2,Highway 22,2016-02-08 07:39:07,Accident reported on Highway 22 causing major traffic backup for 3 miles (case 1822). Police on scene.,102,us,,,,,,,
A-1382,2.0,OH,City 32,County 2,Highway 82,2016-02-08 07:39:07,Accident reported on Highway 82 causing major traffic backup for 3 miles (case 1382). Police on scene.,102,us,,,,,,,
A-2461,2.0,OH,City 11,County 1,Highway 61,2016-02-08 07:39:07,Accident reported on Highway 61 causing major traffic backup for 2 miles (case 2461). Police on scene.,102,us,,,,,,,
A-3010,2.0,OH,City 10,County 10,Highway 10,2016-02-08 07:39:07,Accident reported on Highway 10 causing major traffic backup for 1 miles (case 3010). Police on scene.,102,us,,,,,,,
A-417,2.0,OH,City 17,County 17,Highway 17,2016-02-08 07:39:07,Accident reported on Highway 17 causing major traffic backup for 3 miles (case 417). Police on scene.,101,us,,,,,,,
A-2158,2.0,OH,City 8,County 18,Highway 58,2016-02-08 07:39:07,Accident reported on Highway 58 causing major traffic backup for 4 miles (case 2158). Police on scene.,102,us,,,,,,,
A-1411,2.0,OH,City 11,County 11,Highway 11,2016-02-08 07:39:07,Accident reported on Highway 11 causing major traffic backup for 2 miles (case 1411). Police on scene.,102,us,,,,,,,
A-1656,2.0,OH,City 6,County 16,Highway 56,2016-02-08 07:39:07,Accident reported on Highway 56 causing major traffic backup for 2 miles (case 1656). Police on scene.,102,us,,,,,,,
A-805,2.0,OH,City 5,County 5,Highway 5,2016-02-08 07:39:07,Accident reported on Highway 5 causing major traffic backup for 1 miles (case 805). Police on scene.,100,us,,,,,,,
A-1292,2.0,OH,City 42,County 12,Highway 92,2016-02-08 07:39:07,Accident reported on Highway 92 causing major traffic backup for 3 miles (case 1292). Police on scene.,102,us,,,,,,,
A-2182,2.0,OH,City 32,County 2,Highway 82,2016-02-08 07:39:07,Accident reported on Highway 82 causing major traffic backup for 3 miles (case 2182). Police on scene.,102,us,,,,,,,
A-2441,2.0,OH,City 41,County 1,Highway 41,2016-02-08 07:39:07,Accident reported on Highway 41 causing major traffic backup for 2 miles (case 2441). Police on scene.,102,us,,,,,,,
A-3694,2.0,OH,City 44,County 14,Highway 94,2016-02-08 07:39:07,Accident reported on Highway 94 causing major traffic backup for 5 miles (case 3694). Police on scene.,102,us,,,,,,,
A-2317,2.0,OH,City 17,County 17,Highway 17,2016-02-08 07:39:07,Accident reported on Highway 17 causing major traffic backup for 3 miles (case 2317). Police on scene.,102,us,,,,,,,
A-260,2.0,OH,City 10,County 0,Highway 60,2016-02-08 07:39:07,Accident reported on Highway 60 causing major traffic backup for 1 miles (case 260). Police on scene.,101,us,,,,,,,
A-1792,2.0,OH,City 42,County 12,Highway 92,2016-02-08 07:39:07,Accident reported on Highway 92 causing major traffic backup for 3 miles (case 1792). Police on scene.,102,us,,,,,,,
A-2205,2.0,OH,City 5,County 5,Highway 5,2016-02-08 07:39:07,Accident reported on Highway 5 causing major traffic backup for 1 miles (case 2205). Police on scene.,101,us,,,,,,,
A-1155,2.0,OH,City 5,County 15,Highway 55,2016-02-08 07:39:07,Accident reported on Highway 55 causing major traffic backup for 1 miles (case 1155). Police on scene.,102,us,,,,,,,
A-2301,2.0,OH,City 1,County 1,Highway 1,2016-02-08 07:39:07,Accident reported on Highway 1 causing major traffic backup for 2 miles (case 2301). Police on scene.,101,us,,,,,,,
A-651,2.0,OH,City 1,County 11,Highway 51,2016-02-08 07:39:07,Accident reported on Highway 51 causing major traffic backup for 2 miles (case 651). Police on scene.,101,us,,,,,,,
A-2906,2.0,OH,City 6,County 6,Highway 6,2016-02-08 07:39:07,Accident reported on Highway 6 causing major traffic backup for 2 miles (case 2906). Police on scene.,101,us,,,,,,,
A-3939,2.0,OH,City 39,County 19,Highway 39,2016-02-08 07:39:07,Accident reported on Highway 39 causing major traffic backup for 5 miles (case 3939). Police on scene.,102,us,,,,,,,
A-1928,2.0,OH,City 28,County 8,Highway 28,2016-02-08 07:39:07,Accident reported on Highway 28 causing major traffic backup for 4 miles (case 1928). Police on scene.,102,us,,,,,,,
A-3765,2.0,OH,City 15,County 5,Highway 65,2016-02-08 07:39:07,Accident reported on Highway 65 causing major traffic backup for 1 miles (case 3765). Police on scene.,102,us,,,,,,,
A-1319,2.0,OH,City 19,County 19,Highway 19,2016-02-08 07:39:07,Accident reported on Highway 19 causing major traffic backup for 5 miles (case 1319). Police on scene.,102,us,,,,,,,
A-3742,2.0,OH,City 42,County 2,Highway 42,2016-02-08 07:39:07,Accident reported on Highway 42 causing major traffic backup for 3 miles (case 3742). Police on scene.,102,us,,,,,,,
A-2035,2.0,OH,City 35,County 15,Highway 35,2016-02-08 07:39:07,Accident reported on Highway 35 causing major traffic backup for 1 miles (case 2035). Police on scene.,102,us,,,,,,,
A-2464,2.0,OH,City 14,County 4,Highway 64,2016-02-08 07:39:07,Accident reported on Highway 64 causing major traffic backup for 5 miles (case 2464). Police on scene.,102,us,,,,,,,
A-1698,2.0,OH,City 48,County 18,Highway 98,2016-02-08 07:39:07,Accident reported on Highway 98 causing major traffic backup for 4 miles (case 1698). Police on scene.,102,us,,,,,,,
A-1354,2.0,OH,City 4,County 14,Highway 54,2016-02-08 07:39:07,Accident reported on Highway 54 causing major traffic backup for 5 miles (case 1354). Police on scene.,102,us,,,,,,,
A-2499,2.0,OH,City 49,County 19,Highway 99,2016-02-08 07:39:07,Accident reported on Highway 99 causing major traffic backup for 5 miles (case 2499). Police on scene.,102,us,,,,,,,
A-116,2.0,OH,City 16,County 16,Highway 16,2016-02-08 07:39:07,Accident reported on Highway 16 causing major traffic backup for 2 miles (case 116). Police on scene.,101,us,,,,,,,
A-3131,2.0,OH,City 31,County 11,Highway 31,2016-02-08 07:39:07,Accident reported on Highway 31 causing major traffic backup for 2 miles (case 3131). Police on scene.,102,us,,,,,,,
A-267,2.0,OH,City 17,County 7,Highway 67,2016-02-08 07:39:07,Accident reported on Highway 67 causing major traffic backup for 3 miles (case 267). Police on scene.,101,us,,,,,,,
A-1397,2.0,OH,City 47,County 17,Highway 97,2016-02-08 07:39:07,Accident reported on Highway 97 causing major traffic backup for 3 miles (case 1397). Police on scene.,102,us,,,,,,,
A-1876,2.0,OH,City 26,County 16,Highway 76,2016-02-08 07:39:07,Accident reported on Highway 76 causing major traffic backup for 2 miles (case 1876). Police on scene.,102,us,,,,,,,
A-1190,2.0,OH,City 40,County 10,Highway 90,2016-02-08 07:39:07,Accident reported on Highway 90 causing major traffic backup for 1 miles (case 1190). Police on scene.,102,us,,,,,,,
A-2351,2.0,OH,City 1,County 11,Highway 51,2016-02-08 07:39:07,Accident reported on Highway 51 causing major traffic backup for 2 miles (case 2351). Police on scene.,102,us,,,,,,,
A-60,2.0,OH,City 10,County 0,Highway 60,2016-02-08 07:39:07,Accident reported on Highway 60 causing major traffic backup for 1 miles (case 60). Police on scene.,100,us,,,,,,,
A-1313,2.0,OH,City 13,County 13,Highway 13,2016-02-08 07:39:07,Accident reported on Highway 13 causing major traffic backup for 4 miles (case 1313). Police on scene.,102,us,,,,,,,
A-699,2.0,OH,City 49,County 19,Highway 99,2016-02-08 07:39:07,Accident reported on Highway 99 causing major traffic backup for 5 miles (case 699). Police on scene.,101,us,,,,,,,
A-1961,2.0,OH,City 11,County 1,Highway 61,2016-02-08 07:39:07,Accident reported on Highway 61 causing major traffic backup for 2 miles (case 1961). Police on scene.,102,us,,,,,,,
A-1724,2.0,OH,City 24,County 4,Highway 24,2016-02-08 07:39:07,Accident reported on Highway 24 causing major traffic backup for 5 miles (case 1724). Police on scene.,102,us,,,,,,,
A-2168,2.0,OH,City 18,County 8,Highway 68,2016-02-08 07:39:07,Accident reported on Highway 68 causing major traffic backup for 4 miles (case 2168). Police on scene.,102,us,,,,,,,
A-3105,2.0,OH,City 5,County 5,Highway 5,2016-02-08 07:39:07,Accident reported on Highway 5 causing major traffic backup for 1 miles (case 3105). Police on scene.,101,us,,,,,,,
A-323,2.0,OH,City 23,County 3,Highway 23,2016-02-08 07:39:07,Accident reported on Highway 23 causing major traffic backup for 4 miles (case 323). Police on scene.,101,us,,,,,,,
A-2286,2.0,OH,City 36,County 6,Highway 86,2016-02-08 07:39:07,Accident reported on Highway 86 causing major traffic backup for 2 miles (case 2286). Police on scene.,102,us,,,,,,,
A-686,2.0,OH,City 36,County 6,Highway 86,2016-02-08 07:39:07,Accident reported on Highway 86 causing major traffic backup for 2 miles (case 686). Police on scene.,101,us,,,,,,,
A-2978,2.0,OH,City 28,County 18,Highway 78,2016-02-08 07:39:07,Accident reported on Highway 78 causing major traffic backup for 4 miles (case 2978). Police on scene.,102,us,,,,,,,
A-3211,2.0,OH,City 11,County 11,Highway 11,2016-02-08 07:39:07,Accident reported on Highway 11 causing major traffic backup for 2 miles (case 3211). Police on scene.,102,us,,,,,,,
A-1999,2.0,OH,City 49,County 19,Highway 99,2016-02-08 07:39:07,Accident reported on Highway 99 causing major traffic backup for 5 miles (case 1999). Police on scene.,102,us,,,,,,,
A-3505,2.0,OH,City 5,County 5,Highway 5,2016-02-08 07:39:07,Accident reported on Highway 5 causing major traffic backup for 1 miles (case 3505). Police on scene.,101,us,,,,,,,
A-2851,2.0,OH,City 1,County 11,Highway 51,2016-02-08 07:39:07,Accident reported on Highway 51 causing major traffic backup for 2 miles (case 2851). Police on scene.,102,us,,,,,,,
A-290,2.0,OH,City 40,County 10,Highway 90,2016-02-08 07:39:07,Accident reported on Highway 90 causing major traffic backup for 1 miles (case 290). Police on scene.,101,us,,,,,,,
A-3674,2.0,OH,City 24,County 14,Highway 74,2016-02-08 07:39:07,Accident reported on Highway 74 causing major traffic backup for 5 miles (case 3674). Police on scene.,102,us,,,,,,,
A-2125,2.0,OH,City 25,County 5,Highway 25,2016-02-08 07:39:07,Accident reported on Highway 25 causing major traffic backup for 1 miles (case 2125). Police on scene.,102,us,,,,,,,
A-3460,2.0,OH,City 10,County 0,Highway 60,2016-02-08 07:39:07,Accident reported on Highway 60 causing major traffic backup for 1 miles (case 3460). Police on scene.,102,us,,,,,,,
A-3789,2.0,OH,City 39,County 9,Highway 89,2016-02-08 07:39:07,Accident reported on Highway 89 causing major traffic backup for 5 miles (case 3789). Police on scene.,102,us,,,,,,,
A-3658,2.0,OH,City 8,County 18,Highway 58,2016-02-08 07:39:07,Accident reported on Highway 58 causing major traffic backup for 4 miles (case 3658). Police on scene.,102,us,,,,,,,
A-3497,2.0,OH,City 47,County 17,Highway 97,2016-02-08 07:39:07,Accident reported on Highway 97 causing major traffic backup for 3 miles (case 3497). Police on scene.,102,us,,,,,,,
A-4366,2.0,OH,City 16,County 6,Highway 66,2016-02-08 07:39:07,Accident reported on Highway 66 causing major traffic backup for 2 miles (case 4366). Police on scene.,102,us,,,,,,,
A-2215,2.0,OH,City 15,County 15,Highway 15,2016-02-08 07:39:07,Accident reported on Highway 15 causing major traffic backup for 1 miles (case 2215). Police on scene.,102,us,,,,,,,
A-740,2.0,OH,City 40,County 0,Highway 40,2016-02-08 07:39:07,Accident reported on Highway 40 causing major traffic backup for 1 miles (case 740). Police on scene.,101,us,,,,,,,
A-1732,2.0,OH,City 32,County 12,Highway 32,2016-02-08 07:39:07,Accident reported on Highway 32 causing major traffic backup for 3 miles (case 1732). Police on scene.,102,us,,,,,,,
A-340,2.0,OH,City 40,County 0,Highway 40,2016-02-08 07:39:07,Accident reported on Highway 40 causing major traffic backup for 1 miles (case 340). Police on scene.,101,us,,,,,,,
A-2384,2.0,OH,City 34,County 4,Highway 84,2016-02-08 07:39:07,Accident reported on Highway 84 causing major traffic backup for 5 miles (case 2384). Police on scene.,102,us,,,,,,,
A-4314,2.0,OH,City 14,County 14,Highway 14,2016-02-08 07:39:07,Accident reported on Highway 14 causing major traffic backup for 5 miles (case 4314). Police on scene.,102,us,,,,,,,
A-2887,2.0,OH,City 37,County 7,Highway 87,2016-02-08 07:39:07,Accident reported on Highway 87 causing major traffic backup for 3 miles (case 2887). Police on scene.,102,us,,,,,,,
A-4405,2.0,OH,City 5,County 5,Highway 5,2016-02-08 07:39:07,Accident reported on Highway 5 causing major traffic backup for 1 miles (case 4405). Police on scene.,101,us,,,,,,,
A-1075,2.0,OH,City 25,County 15,Highway 75,2016-02-08 07:39:07,Accident reported on Highway 75 causing major traffic backup for 1 miles (case 1075). Police on scene.,102,us,,,,,,,
A-4321,2.0,OH,City 21,County 1,Highway 21,2016-02-08 07:39:07,Accident reported on Highway 21 causing major traffic backup for 2 miles (case 4321). Police on scene.,102,us,,,,,,,
A-1670,2.0,OH,City 20,County 10,Highway 70,2016-02-08 07:39:07,Accident reported on Highway 70 causing major traffic backup for 1 miles (case 1670). Police on scene.,102,us,,,,,,,
A-2291,2.0,OH,City 41,County 11,Highway 91,2016-02-08 07:39:07,Accident reported on Highway 91 causing major traffic backup for 2 miles (case 2291). Police on scene.,102,us,,,,,,,
A-3317,2.0,OH,City 17,County 17,Highway 17,2016-02-08 07:39:07,Accident reported on Highway 17 causing major traffic backup for 3 miles (case 3317). Police on scene.,102,us,,,,,,,
A-4114,2.0,OH,City 14,County 14,Highway 14,2016-02-08 07:39:07,Accident reported on Highway 14 causing major traffic backup for 5 miles (case 4114). Police on scene.,102,us,,,,,,,
A-3922,2.0,OH,City 22,County 2,Highway 22,2016-02-08 07:39:07,Accident reported on Highway 22 causing major traffic backup for 3 miles (case 3922). Police on scene.,102,us,,,,,,,
A-3364,2.0,OH,City 14,County 4,Highway 64,2016-02-08 07:39:07,Accident reported on Highway 64 causing major traffic backup for 5 miles (case 3364). Police on scene.,102,us,,,,,,,
A-1492,2.0,OH,City 42,County 12,Highway 92,2016-02-08 07:39:07,Accident reported on Highway 92 causing major traffic backup for 3 miles (case 1492). Police on scene.,102,us,,,,,,,
A-502,2.0,OH,City 2,County 2,Highway 2,2016-02-08 07:39:07,Accident reported on Highway 2 causing major traffic backup for 3 miles (case 502). Police on scene.,100,us,,,,,,,
A-4771,2.0,OH,City 21,County 11,Highway 71,2016-02-08 07:39:07,Accident reported on Highway 71 causing major traffic backup for 2 miles (case 4771). Police on scene.,102,us,,,,,,,
A-1909,2.0,OH,City 9,County 9,Highway 9,2016-02-08 07:39:07,Accident reported on Highway 9 causing major traffic backup for 5 miles (case 1909). Police on scene.,101,us,,,,,,,
A-2556,2.0,OH,City 6,County 16,Highway 56,2016-02-08 07:39:07,Accident reported on Highway 56 causing major traffic backup for 2 miles (case 2556). Police on scene.,102,us,,,,,,,
A-2806,2.0,OH,City 6,County 6,Highway 6,2016-02-08 07:39:07,Accident reported on Highway 6 causing major traffic backup for 2 miles (case 2806). Police on scene.,101,us,,,,,,,
A-2919,2.0,OH,City 19,County 19,Highway 19,2016-02-08 07:39:07,Accident reported on Highway 19 causing major traffic backup for 5 miles (case 2919). Police on scene.,102,us,,,,,,,
A-4354,2.0,OH,City 4,County 14,Highway 54,2016-02-08 07:39:07,Accident reported on Highway 54 causing major traffic backup for 5 miles (case 4354). Police on scene.,102,us,,,,,,,
A-3370,2.0,OH,City 20,County 10,Highway 70,2016-02-08 07:39:07,Accident reported on Highway 70 causing major traffic backup for 1 miles (case 3370). Police on scene.,102,us,,,,,,,
A-4406,2.0,OH,City 6,County 6,Highway 6,2016-02-08 07:39:07,Accident reported on Highway 6 causing major traffic backup for 2 miles (case 4406). Police on scene.,101,us,,,,,,,
A-2278,2.0,OH,City 28,County 18,Highway 78,2016-02-08 07:39:07,Accident reported on Highway 78 causing major traffic backup for 4 miles (case 2278). Police on scene.,102,us,,,,,,,
A-4914,2.0,OH,City 14,County 14,Highway 14,2016-02-08 07:39:07,Accident reported on Highway 14 causing major traffic backup for 5 miles (case 4914). Police on scene.,102,us,,,,,,,
A-1026,2.0,OH,City 26,County 6,Highway 26,2016-02-08 07:39:07,Accident reported on Highway 26 causing major traffic backup for 2 miles (case 1026). Police on scene.,102,us,,,,,,,
A-2418,2.0,OH,City 18,County 18,Highway 18,2016-02-08 07:39:07,Accident reported on Highway 18 causing major traffic backup for 4 miles (case 2418). Police on scene.,102,us,,,,,,,
A-4886,2.0,OH,City 36,County 6,Highway 86,2016-02-08 07:39:07,Accident reported on Highway 86 causing major traffic backup for 2 miles (case 4886). Police on scene.,102,us,,,,,,,
A-2221,2.0,OH,City 21,County 1,Highway 21,2016-02-08 07:39:07,Accident reported on Highway 21 causing major traffic backup for 2 miles (case 2221). Police on scene.,102,us,,,,,,,
A-4408,2.0,OH,City 8,County 8,Highway 8,2016-02-08 07:39:07,Accident reported on Highway 8 causing major traffic backup for 4 miles (case 4408). Police on scene.,101,us,,,,,,,
A-2271,2.0,OH,City 21,County 11,Highway 71,2016-02-08 07:39:07,Accident reported on Highway 71 causing major traffic backup for 2 miles (case 2271). Police on scene.,102,us,,,,,,,
A-669,2.0,OH,City 19,County 9,Highway 69,2016-02-08 07:39:07,Accident reported on Highway 69 causing major traffic backup for 5 miles (case 669). Police on scene.,101,us,,,,,,,
A-4409,2.0,OH,City 9,County 9,Highway 9,2016-02-08 07:39:07,Accident reported on Highway 9 causing major traffic backup for 5 miles (case 4409). Police on scene.,101,us,,,,,,,
A-2637,2.0,OH,City 37,County 17,Highway 37,2016-02-08 07:39:07,Accident reported on Highway 37 causing major traffic backup for 3 miles (case 2637). Police on scene.,102,us,,,,,,,
A-1897,2.0,OH,City 47,County 17,Highway 97,2016-02-08 07:39:07,Accident reported on Highway 97 causing major traffic backup for 3 miles (case 1897). Police on scene.,102,us,,,,,,,
A-4282,2.0,OH,City 32,County 2,Highway 82,2016-02-08 07:39:07,Accident reported on Highway 82 causing major traffic backup for 3 miles (case 4282). Police on scene.,102,us,,,,,,,
A-1021,2.0,OH,City 21,County 1,Highway 21,2016-02-08 07:39:07,Accident reported on Highway 21 causing major traffic backup for 2 miles (case 1021). Police on scene.,102,us,,,,,,,
A-561,2.0,OH,City 11,County 1,Highway 61,2016-02-08 07:39:07,Accident reported on Highway 61 causing major traffic backup for 2 miles (case 561). Police on scene.,101,us,,,,,,,
A-4070,2.0,OH,City 20,County 10,Highway 70,2016-02-08 07:39:07,Accident reported on Highway 70 causing major traffic backup for 1 miles (case 4070). Police on scene.,102,us,,,,,,,
A-1211,2.0,OH,City 11,County 11,Highway 11,2016-02-08 07:39:07,Accident reported on Highway 11 causing major traffic backup for 2 miles (case 1211). Police on scene.,102,us,,,,,,,
A-3613,2.0,OH,City 13,County 13,Highway 13,2016-02-08 07:39:07,Accident reported on Highway 13 causing major traffic backup for 4 miles (case 3613). Police on scene.,102,us,,,,,,,
A-2655,2.0,OH,City 5,County 15,Highway 55,2016-02-08 07:39:07,Accident reported on Highway 55 causing major traffic backup for 1 miles (case 2655). Police on scene.,102,us,,,,,,,
A-2135,2.0,OH,City 35,County 15,Highway 35,2016-02-08 07:39:07,Accident reported on Highway 35 causing major traffic backup for 1 miles (case 2135). Police on scene.,102,us,,,,,,,
A-1514,2.0,OH,City 14,County 14,Highway 14,2016-02-08 07:39:07,Accident reported on Highway 14 causing major traffic backup for 5 miles (case 1514). Police on scene.,102,us,,,,,,,
A-1734,2.0,OH,City 34,County 14,Highway 34,2016-02-08 07:39:07,Accident reported on Highway 34 causing major traffic backup for 5 miles (case 1734). Police on scene.,102,us,,,,,,,
A-249,2.0,OH,City 49,County 9,Highway 49,2016-02-08 07:39:07,Accident reported on Highway 49 causing major traffic backup for 5 miles (case 249). Police on scene.,101,us,,,,,,,
A-1167,2.0,OH,City 17,County 7,Highway 67,2016-02-08 07:39:07,Accident reported on Highway 67 causing major traffic backup for 3 miles (case 1167). Police on scene.,102,us,,,,,,,
A-2337,2.0,OH,City 37,County 17,Highway 37,2016-02-08 07:39:07,Accident reported on Highway 37 causing major traffic backup for 3 miles (case 2337). Police on scene.,102,us,,,,,,,
A-270,2.0,OH,City 20,County 10,Highway 70,2016-02-08 07:39:07,Accident reported on Highway 70 causing major traffic backup for 1 miles (case 270). Police on scene.,101,us,,,,,,,
A-2365,2.0,OH,City 15,County 5,Highway 65,2016-02-08 07:39:07,Accident reported on Highway 65 causing major traffic backup for 1 miles (case 2365). Police on scene.,102,us,,,,,,,
A-1118,2.0,OH,City 18,County 18,Highway 18,2016-02-08 07:39:07,Accident reported on Highway 18 causing major traffic backup for 4 miles (case 1118). Police on scene.,102,us,,,,,,,
A-67,2.0,OH,City 17,County 7,Highway 67,2016-02-08 07:39:07,Accident reported on Highway 67 causing major traffic backup for 3 miles (case 67). Police on scene.,100,us,,,,,,,
A-2591,2.0,OH,City 41,County 11,Highway 91,2016-02-08 07:39:07,Accident reported on Highway 91 causing major traffic backup for 2 miles (case 2591). Police on scene.,102,us,,,,,,,
A-4386,2.0,OH,City 36,County 6,Highway 86,2016-02-08 07:39:07,Accident reported on Highway 86 causing major traffic backup for 2 miles (case 4386). Police on scene.,102,us,,,,,,,
A-3407,2.0,OH,City 7,County 7,Highway 7,2016-02-08 07:39:07,Accident reported on Highway 7 causing major traffic backup for 3 miles (case 3407). Police on scene.,101,us,,,,,,,
A-3784,2.0,OH,City 34,County 4,Highway 84,2016-02-08 07:39:07,Accident reported on Highway 84 causing major traffic backup for 5 miles (case 3784). Police on scene.,102,us,,,,,,,
A-3914,2.0,OH,City 14,County 14,Highway 14,2016-02-08 07:39:07,Accident reported on Highway 14 causing major traffic backup for 5 miles (case 3914). Police on scene.,102,us,,,,,,,
A-4154,2.0,OH,City 4,County 14,Highway 54,2016-02-08 07:39:07,Accident reported on Highway 54 causing major traffic backup for 5 miles (case 4154). Police on scene.,102,us,,,,,,,
A-2813,2.0,OH,City 13,County 13,Highway 13,2016-02-08 07:39:07,Accident reported on Highway 13 causing major traffic backup for 4 miles (case 2813). Police on scene.,102,us,,,,,,,
A-4479,2.0,OH,City 29,County 19,Highway 79,2016-02-08 07:39:07,Accident reported on Highway 79 causing major traffic backup for 5 miles (case 4479). Police on scene.,102,us,,,,,,,
A-2061,2.0,OH,City 11,County 1,Highway 61,2016-02-08 07:39:07,Accident reported on Highway 61 causing major traffic backup for 2 miles (case 2061). Police on scene.,102,us,,,,,,,
A-3547,2.0,OH,City 47,County 7,Highway 47,2016-02-08 07:39:07,Accident reported on Highway 47 causing major traffic backup for 3 miles (case 3547). Police on scene.,102,us,,,,,,,
A-1241,2.0,OH,City 41,County 1,Highway 41,2016-02-08 07:39:07,Accident reported on Highway 41 causing major traffic backup for 2 miles (case 1241). Police on scene.,102,us,,,,,,,
A-107,2.0,OH,City 7,County 7,Highway 7,2016-02-08 07:39:07,Accident reported on Highway 7 causing major traffic backup for 3 miles (case 107). Police on scene.,100,us,,,,,,,
A-2642,2.0,OH,City 42,County 2,Highway 42,2016-02-08 07:39:07,Accident reported on Highway 42 causing major traffic backup for 3 miles (case 2642). Police on scene.,102,us,,,,,,,
A-276,2.0,OH,City 26,County 16,Highway 76,2016-02-08 07:39:07,Accident reported on Highway 76 causing major traffic backup for 2 miles (case 276). Police on scene.,101,us,,,,,,,
A-512,2.0,OH,City 12,County 12,Highway 12,2016-02-08 07:39:07,Accident reported on Highway 12 causing major traffic backup for 3 miles (case 512). Police on scene.,101,us,,,,,,,
A-2226,2.0,OH,City 26,County 6,Highway 26,2016-02-08 07:39:07,Accident reported on Highway 26 causing major traffic backup for 2 miles (case 2226). Police on scene.,102,us,,,,,,,
A-4933,2.0,OH,City 33,County 13,Highway 33,2016-02-08 07:39:07,Accident reported on Highway 33 causing major traffic backup for 4 miles (case 4933). Police on scene.,102,us,,,,,,,
A-1651,2.0,OH,City 1,County 11,Highway 51,2016-02-08 07:39:07,Accident reported on Highway 51 causing major traffic backup for 2 miles (case 1651). Police on scene.,102,us,,,,,,,
A-869,2.0,OH,City 19,County 9,Highway 69,2016-02-08 07:39:07,Accident reported on Highway 69 causing major traffic backup for 5 miles (case 869). Police on scene.,101,us,,,,,,,
A-2651,2.0,OH,City 1,County 11,Highway 51,2016-02-08 07:39:07,Accident reported on Highway 51 causing major traffic backup for 2 miles (case 2651). Police on scene.,102,us,,,,,,,
A-912,2.0,OH,City 12,County 12,Highway 12,2016-02-08 07:39:07,Accident reported on Highway 12 causing major traffic backup for 3 miles (case 912). Police on scene.,101,us,,,,,,,
A-2114,2.0,OH,City 14,County 14,Highway 14,2016-02-08 07:39:07,Accident reported on Highway 14 causing major traffic backup for 5 miles (case 2114). Police on scene.,102,us,,,,,,,
A-3893,2.0,OH,City 43,County 13,Highway 93,2016-02-08 07:39:07,Accident reported on Highway 93 causing major traffic backup for 4 miles (case 3893). Police on scene.,102,us,,,,,,,
A-1631,2.0,OH,City 31,County 11,Highway 31,2016-02-08 07:39:07,Accident reported on Highway 31 causing major traffic backup for 2 miles (case 1631). Police on scene.,102,us,,,,,,,
A-2871,2.0,OH,City 21,County 11,Highway 71,2016-02-08 07:39:07,Accident reported on Highway 71 causing major traffic backup for 2 miles (case 2871). Police on scene.,102,us,,,,,,,
A-1526,2.0,OH,City 26,County 6,Highway 26,2016-02-08 07:39:07,Accident reported on Highway 26 causing major traffic backup for 2 miles (case 1526). Police on scene.,102,us,,,,,,,
A-839,2.0,OH,City 39,County 19,Highway 39,2016-02-08 07:39:07,Accident reported on Highway 39 causing major traffic backup for 5 miles (case 839). Police on scene.,101,us,,,,,,,
A-362,2.0,OH,City 12,County 2,Highway 62,2016-02-08 07:39:07,Accident reported on Highway 62 causing major traffic backup for 3 miles (case 362). Police on scene.,101,us,,,,,,,
A-142,2.0,OH,City 42,County 2,Highway 42,2016-02-08 07:39:07,Accident reported on Highway 42 causing major traffic backup for 3 miles (case 142). Police on scene.,101,us,,,,,,,
A-303,2.0,OH,City 3,County 3,Highway 3,2016-02-08 07:39:07,Accident reported on Highway 3 causing major traffic backup for 4 miles (case 303). Police on scene.,100,us,,,,,,,
A-1560,2.0,OH,City 10,County 0,Highway 60,2016-02-08 07:39:07,Accident reported on Highway 60 causing major traffic backup for 1 miles (case 1560). Police on scene.,102,us,,,,,,,
A-1007,2.0,OH,City 7,County 7,Highway 7,2016-02-08 07:39:07,Accident reported on Highway 7 causing major traffic backup for 3 miles (case 1007). Police on scene.,101,us,,,,,,,
A-386,2.0,OH,City 36,County 6,Highway 86,2016-02-08 07:39:07,Accident reported on Highway 86 causing major traffic backup for 2 miles (case 386). Police on scene.,101,us,,,,,,,
A-945,2.0,OH,City 45,County 5,Highway 45,2016-02-08 07:39:07,Accident reported on Highway 45 causing major traffic backup for 1 miles (case 945). Police on scene.,101,us,,,,,,,
A-1911,2.0,OH,City 11,County 11,Highway 11,2016-02-08 07:39:07,Accident reported on Highway 11 causing major traffic backup for 2 miles (case 1911). Police on scene.,102,us,,,,,,,
A-3745,2.0,OH,City 45,County 5,Highway 45,2016-02-08 07:39:07,Accident reported on Highway 45 causing major traffic backup for 1 miles (case 3745). Police on scene.,102,us,,,,,,,
A-765,2.0,OH,City 15,County 5,Highway 65,2016-02-08 07:39:07,Accident reported on Highway 65 causing major traffic backup for 1 miles (case 765). Police on scene.,101,us,,,,,,,
A-1703,2.0,OH,City 3,County 3,Highway 3,2016-02-08 07:39:07,Accident reported on Highway 3 causing major traffic backup for 4 miles (case 1703). Police on scene.,101,us,,,,,,,
A-1871,2.0,OH,City 21,County 11,Highway 71,2016-02-08 07:39:07,Accident reported on Highway 71 causing major traffic backup for 2 miles (case 1871). Police on scene.,102,us,,,,,,,
A-2925,2.0,OH,City 25,County 5,Highway 25,2016-02-08 07:39:07,Accident reported on Highway 25 causing major traffic backup for 1 miles (case 2925). Police on scene.,102,us,,,,,,,
A-4575,2.0,OH,City 25,County 15,Highway 75,2016-02-08 07:39:07,Accident reported on Highway 75 causing major traffic backup for 1 miles (case 4575). Police on scene.,102,us,,,,,,,
A-4412,2.0,OH,City 12,County 12,Highway 12,2016-02-08 07:39:07,Accident reported on Highway 12 causing major traffic backup for 3 miles (case 4412). Police on scene.,102,us,,,,,,,
A-902,2.0,OH,City 2,County 2,Highway 2,2016-02-08 07:39:07,Accident reported on Highway 2 causing major traffic backup for 3 miles (case 902). Police on scene.,100,us,,,,,,,
A-3996,2.0,OH,City 46,County 16,Highway 96,2016-02-08 07:39:07,Accident reported on Highway 96 causing major traffic backup for 2 miles (case 3996). Police on scene.,102,us,,,,,,,
A-2199,2.0,OH,City 49,County 19,Highway 99,2016-02-08 07:39:07,Accident reported on Highway 99 causing major traffic backup for 5 miles (case 2199). Police on scene.,102,us,,,,,,,
A-1406,2.0,OH,City 6,County 6,Highway 6,2016-02-08 07:39:07,Accident reported on Highway 6 causing major traffic backup for 2 miles (case 1406). Police on scene.,101,us,,,,,,,
A-4977,2.0,OH,City 27,County 17,Highway 77,2016-02-08 07:39:07,Accident reported on Highway 77 causing major traffic backup for 3 miles (case 4977). Police on scene.,102,us,,,,,,,
A-3782,2.0,OH,City 32,County 2,Highway 82,2016-02-08 07:39:07,Accident reported on Highway 82 causing major traffic backup for 3 miles (case 3782). Police on scene.,102,us,,,,,,,
A-4387,2.0,OH,City 37,County 7,Highway 87,2016-02-08 07:39:07,Accident reported on Highway 87 causing major traffic backup for 3 miles (case 4387). Police on scene.,102,us,,,,,,,
A-2953,2.0,OH,City 3,County 13,Highway 53,2016-02-08 07:39:07,Accident reported on Highway 53 causing major traffic backup for 4 miles (case 2953). Police on scene.,102,us,,,,,,,
A-1516,2.0,OH,City 16,County 16,Highway 16,2016-02-08 07:39:07,Accident reported on Highway 16 causing major traffic backup for 2 miles (case 1516). Police on scene.,102,us,,,,,,,
A-1192,2.0,OH,City 42,County 12,Highway 92,2016-02-08 07:39:07,Accident reported on Highway 92 causing major traffic backup for 3 miles (case 1192). Police on scene.,102,us,,,,,,,
A-4214,2.0,OH,City 14,County 14,Highway 14,2016-02-08 07:39:07,Accident reported on Highway 14 causing major traffic backup for 5 miles (case 4214). Police on scene.,102,us,,,,,,,
A-4231,2.0,OH,City 31,County 11,Highway 31,2016-02-08 07:39:07,Accident reported on Highway 31 causing major traffic backup for 2 miles (case 4231). Police on scene.,102,us,,,,,,,
A-3873,2.0,OH,City 23,County 13,Highway 73,2016-02-08 07:39:07,Accident reported on Highway 73 causing major traffic backup for 4 miles (case 3873). Police on scene.,102,us,,,,,,,
A-3435,2.0,OH,City 35,County 15,Highway 35,2016-02-08 07:39:07,Accident reported on Highway 35 causing major traffic backup for 1 miles (case 3435). Police on scene.,102,us,,,,,,,
A-112,2.0,OH,City 12,County 12,Highway 12,2016-02-08 07:39:07,Accident reported on Highway 12 causing major traffic backup for 3 miles (case 112). Police on scene.,101,us,,,,,,,
A-2732,2.0,OH,City 32,County 12,Highway 32,2016-02-08 07:39:07,Accident reported on Highway 32 causing major traffic backup for 3 miles (case 2732). Police on scene.,102,us,,,,,,,
A-2308,2.0,OH,City 8,County 8,Highway 8,2016-02-08 07:39:07,Accident reported on Highway 8 causing major traffic backup for 4 miles (case 2308). Police on scene.,101,us,,,,,,,
A-2482,2.0,OH,City 32,County 2,Highway 82,2016-02-08 07:39:07,Accident reported on Highway 82 causing major traffic backup for 3 miles (case 2482). Police on scene.,102,us,,,,,,,
A-62,2.0,OH,City 12,County 2,Highway 62,2016-02-08 07:39:07,Accident reported on Highway 62 causing major traffic backup for 3 miles (case 62). Police on scene.,100,us,,,,,,,
A-80,2.0,OH,City 30,County 0,Highway 80,2016-02-08 07:39:07,Accident reported on Highway 80 causing major traffic backup for 1 miles (case 80). Police on scene.,100,us,,,,,,,
A-800,2.0,OH,City 0,County 0,Highway 0,2016-02-08 07:39:07,Accident reported on Highway 0 causing major traffic backup for 1 miles (case 800). Police on scene.,100,us,,,,,,,
A-372,2.0,OH,City 22,County 12,Highway 72,2016-02-08 07:39:07,Accident reported on Highway 72 causing major traffic backup for 3 miles (case 372). Police on scene.,101,us,,,,,,,
A-4905,2.0,OH,City 5,County 5,Highway 5,2016-02-08 07:39:07,Accident reported on Highway 5 causing major traffic backup for 1 miles (case 4905). Police on scene.,101,us,,,,,,,
A-789,2.0,OH,City 39,County 9,Highway 89,2016-02-08 07:39:07,Accident reported on Highway 89 causing major traffic backup for 5 miles (case 789). Police on scene.,101,us,,,,,,,
A-4390,2.0,OH,City 40,County 10,Highway 90,2016-02-08 07:39:07,Accident reported on Highway 90 causing major traffic backup for 1 miles (case 4390). Police on scene.,102,us,,,,,,,
A-3047,2.0,OH,City 47,County 7,Highway 47,2016-02-08 07:39:07,Accident reported on Highway 47 causing major traffic backup for 3 miles (case 3047). Police on scene.,102,us,,,,,,,
A-2990,2.0,OH,City 40,County 10,Highway 90,2016-02-08 07:39:07,Accident reported on Highway 90 causing major traffic backup for 1 miles (case 2990). Police on scene.,102,us,,,,,,,
A-2108,2.0,OH,City 8,County 8,Highway 8,2016-02-08 07:39:07,Accident reported on Highway 8 causing major traffic backup for 4 miles (case 2108). Police on scene.,101,us,,,,,,,
A-3531,2.0,OH,City 31,County 11,Highway 31,2016-02-08 07:39:07,Accident reported on Highway 31 causing major traffic backup for 2 miles (case 3531). Police on scene.,102,us,,,,,,,
A-3173,2.0,OH,City 23,County 13,Highway 73,2016-02-08 07:39:07,Accident reported on Highway 73 causing major traffic backup for 4 miles (case 3173). Police on scene.,102,us,,,,,,,
A-1701,2.0,OH,City 1,County 1,Highway 1,2016-02-08 07:39:07,Accident reported on Highway 1 causing major traffic backup for 2 miles (case 1701). Police on scene.,101,us,,,,,,,
A-125,2.0,OH,City 25,County 5,Highway 25,2016-02-08 07:39:07,Accident reported on Highway 25 causing major traffic backup for 1 miles (case 125). Police on scene.,101,us,,,,,,,
A-2311,2.0,OH,City 11,County 11,Highway 11,2016-02-08 07:39:07,Accident reported on Highway 11 causing major traffic backup for 2 miles (case 2311). Police on scene.,102,us,,,,,,,
A-2368,2.0,OH,City 18,County 8,Highway 68,2016-02-08 07:39:07,Accident reported on Highway 68 causing major traffic backup for 4 miles (case 2368). Police on scene.,102,us,,,,,,,
A-4398,2.0,OH,City 48,County 18,Highway 98,2016-02-08 07:39:07,Accident reported on Highway 98 causing major traffic backup for 4 miles (case 4398). Police on scene.,102,us,,,,,,,
A-914,2.0,OH,City 14,County 14,Highway 14,2016-02-08 07:39:07,Accident reported on Highway 14 causing major traffic backup for 5 miles (case 914). Police on scene.,101,us,,,,,,,
A-128,2.0,OH,City 28,County 8,Highway 28,2016-02-08 07:39:07,Accident reported on Highway 28 causing major traffic backup for 4 miles (case 128). Police on scene.,101,us,,,,,,,
A-1946,2.0,OH,City 46,County 6,Highway 46,2016-02-08 07:39:07,Accident reported on Highway 46 causing major traffic backup for 2 miles (case 1946). Police on scene.,102,us,,,,,,,
A-1590,2.0,OH,City 40,County 10,Highway 90,2016-02-08 07:39:07,Accident reported on Highway 90 causing major traffic backup for 1 miles (case 1590). Police on scene.,102,us,,,,,,,
A-1261,2.0,OH,City 11,County 1,Highway 61,2016-02-08 07:39:07,Accident reported on Highway 61 causing major traffic backup for 2 miles (case 1261). Police on scene.,102,us,,,,,,,
A-3439,2.0,OH,City 39,County 19,Highway 39,2016-02-08 07:39:07,Accident reported on Highway 39 causing major traffic backup for 5 miles (case 3439). Police on scene.,102,us,,,,,,,
A-4831,2.0,OH,City 31,County 11,Highway 31,2016-02-08 07:39:07,Accident reported on Highway 31 causing major traffic backup for 2 miles (case 4831). Police on scene.,102,us,,,,,,,
A-3381,2.0,OH,City 31,County 1,Highway 81,2016-02-08 07:39:07,Accident reported on Highway 81 causing major traffic backup for 2 miles (case 3381). Police on scene.,102,us,,,,,,,
A-1182,2.0,OH,City 32,County 2,Highway 82,2016-02-08 07:39:07,Accident reported on Highway 82 causing major traffic backup for 3 miles (case 1182). Police on scene.,102,us,,,,,,,
A-2718,2.0,OH,City 18,County 18,Highway 18,2016-02-08 07:39:07,Accident reported on Highway 18 causing major traffic backup for 4 miles (case 2718). Police on scene.,102,us,,,,,,,
A-3467,2.0,OH,City 17,County 7,Highway 67,2016-02-08 07:39:07,Accident reported on Highway 67 causing major traffic backup for 3 miles (case 3467). Police on scene.,102,us,,,,,,,
A-2334,2.0,OH,City 34,County 14,Highway 34,2016-02-08 07:39:07,Accident reported on Highway 34 causing major traffic backup for 5 miles (case 2334). Police on scene.,102,us,,,,,,,
A-2103,2.0,OH,City 3,County 3,Highway 3,2016-02-08 07:39:07,Accident reported on Highway 3 causing major traffic backup for 4 miles (case 2103). Police on scene.,101,us,,,,,,,
A-446,2.0,OH,City 46,County 6,Highway 46,2016-02-08 07:39:07,Accident reported on Highway 46 causing major traffic backup for 2 miles (case 446). Police on scene.,101,us,,,,,,,
A-1901,2.0,OH,City 1,County 1,Highway 1,2016-02-08 07:39:07,Accident reported on Highway 1 causing major traffic backup for 2 miles (case 1901). Police on scene.,101,us,,,,,,,
A-2869,2.0,OH,City 19,County 9,Highway 69,2016-02-08 07:39:07,Accident reported on Highway 69 causing major traffic backup for 5 miles (case 2869). Police on scene.,102,us,,,,,,,
A-929,2.0,OH,City 29,County 9,Highway 29,2016-02-08 07:39:07,Accident reported on Highway 29 causing major traffic backup for 5 miles (case 929). Police on scene.,101,us,,,,,,,
A-4718,2.0,OH,City 18,County 18,Highway 18,2016-02-08 07:39:07,Accident reported on Highway 18 causing major traffic backup for 4 miles (case 4718). Police on scene.,102,us,,,,,,,
A-4616,2.0,OH,City 16,County 16,Highway 16,2016-02-08 07:39:07,Accident reported on Highway 16 causing major traffic backup for 2 miles (case 4616). Police on scene.,102,us,,,,,,,
A-4770,2.0,OH,City 20,County 10,Highway 70,2016-02-08 07:39:07,Accident reported on Highway 70 causing major traffic backup for 1 miles (case 4770). Police on scene.,102,us,,,,,,,
A-1415,2.0,OH,City 15,County 15,Highway 15,2016-02-08 07:39:07,Accident reported on Highway 15 causing major traffic backup for 1 miles (case 1415). Police on scene.,102,us,,,,,,,
A-3464,2.0,OH,City 14,County 4,Highway 64,2016-02-08 07:39:07,Accident reported on Highway 64 causing major traffic backup for 5 miles (case 3464). Police on scene.,102,us,,,,,,,
A-1748,2.0,OH,City 48,County 8,Highway 48,2016-02-08 07:39:07,Accident reported on Highway 48 causing major traffic backup for 4 miles (case 1748). Police on scene.,102,us,,,,,,,
A-1513,2.0,OH,City 13,County 13,Highway 13,2016-02-08 07:39:07,Accident reported on Highway 13 causing major traffic backup for 4 miles (case 1513). Police on scene.,102,us,,,,,,,
A-1231,2.0,OH,City 31,County 11,Highway 31,2016-02-08 07:39:07,Accident reported on Highway 31 causing major traffic backup for 2 miles (case 1231). Police on scene.,102,us,,,,,,,
A-3916,2.0,OH,City 16,County 16,Highway 16,2016-02-08 07:39:07,Accident reported on Highway 16 causing major traffic backup for 2 miles (case 3916). Police on scene.,102,us,,,,,,,
A-3356,2.0,OH,City 6,County 16,Highway 56,2016-02-08 07:39:07,Accident reported on Highway 56 causing major traffic backup for 2 miles (case 3356). Police on scene.,102,us,,,,,,,
A-4622,2.0,OH,City 22,County 2,Highway 22,2016-02-08 07:39:07,Accident reported on Highway 22 causing major traffic backup for 3 miles (case 4622). Police on scene.,102,us,,,,,,,
A-2149,2.0,OH,City 49,County 9,Highway 49,2016-02-08 07:39:07,Accident reported on Highway 49 causing major traffic backup for 5 miles (case 2149). Police on scene.,102,us,,,,,,,
A-3278,2.0,OH,City 28,County 18,Highway 78,2016-02-08 07:39:07,Accident reported on Highway 78 causing major traffic backup for 4 miles (case 3278). Police on scene.,102,us,,,,,,,
A-328,2.0,OH,City 28,County 8,Highway 28,2016-02-08 07:39:07,Accident reported on Highway 28 causing major traffic backup for 4 miles (case 328). Police on scene.,101,us,,,,,,,
A-4943,2.0,OH,City 43,County 3,Highway 43,2016-02-08 07:39:07,Accident reported on Highway 43 causing major traffic backup for 4 miles (case 4943). Police on scene.,102,us,,,,,,,
A-2901,2.0,OH,City 1,County 1,Highway 1,2016-02-08 07:39:07,Accident reported on Highway 1 causing major traffic backup for 2 miles (case 2901). Police on scene.,101,us,,,,,,,
A-4791,2.0,OH,City 41,County 11,Highway 91,2016-02-08 07:39:07,Accident reported on Highway 91 causing major traffic backup for 2 miles (case 4791). Police on scene.,102,us,,,,,,,
A-3296,2.0,OH,City 46,County 16,Highway 96,2016-02-08 07:39:07,Accident reported on Highway 96 causing major traffic backup for 2 miles (case 3296). Police on scene.,102,us,,,,,,,
A-3671,2.0,OH,City 21,County 11,Highway 71,2016-02-08 07:39:07,Accident reported on Highway 71 causing major traffic backup for 2 miles (case 3671). Police on scene.,102,us,,,,,,,
A-1502,2.0,OH,City 2,County 2,Highway 2,2016-02-08 07:39:07,Accident reported on Highway 2 causing major traffic backup for 3 miles (case 1502). Police on scene.,101,us,,,,,,,
A-1506,2.0,OH,City 6,County 6,Highway 6,2016-02-08 07:39:07,Accident reported on Highway 6 causing major traffic backup for 2 miles (case 1506). Police on scene.,101,us,,,,,,,
A-1010,2.0,OH,City 10,County 10,Highway 10,2016-02-08 07:39:07,Accident reported on Highway 10 causing major traffic backup for 1 miles (case 1010). Police on scene.,102,us,,,,,,,
A-4944,2.0,OH,City 44,County 4,Highway 44,2016-02-08 07:39:07,Accident reported on Highway 44 causing major traffic backup for 5 miles (case 4944). Police on scene.,102,us,,,,,,,
A-2845,2.0,OH,City 45,County 5,Highway 45,2016-02-08 07:39:07,Accident reported on Highway 45 causing major traffic backup for 1 miles (case 2845). Police on scene.,102,us,,,,,,,
A-4827,2.0,OH,City 27,County 7,Highway 27,2016-02-08 07:39:07,Accident reported on Highway 27 causing major traffic backup for 3 miles (case 4827). Police on scene.,102,us,,,,,,,
A-1471,2.0,OH,City 21,County 11,Highway 71,2016-02-08 07:39:07,Accident reported on Highway 71 causing major traffic backup for 2 miles (case 1471). Police on scene.,102,us,,,,,,,
A-1229,2.0,OH,City 29,County 9,Highway 29,2016-02-08 07:39:07,Accident reported on Highway 29 causing major traffic backup for 5 miles (case 1229). Police on scene.,102,us,,,,,,,
A-4171,2.0,OH,City 21,County 11,Highway 71,2016-02-08 07:39:07,Accident reported on Highway 71 causing major traffic backup for 2 miles (case 4171). Police on scene.,102,us,,,,,,,
A-3757,2.0,OH,City 7,County 17,Highway 57,2016-02-08 07:39:07,Accident reported on Highway 57 causing major traffic backup for 3 miles (case 3757). Police on scene.,102,us,,,,,,,
A-4382,2.0,OH,City 32,County 2,Highway 82,2016-02-08 07:39:07,Accident reported on Highway 82 causing major traffic backup for 3 miles (case 4382). Police on scene.,102,us,,,,,,,
A-1220,2.0,OH,City 20,County 0,Highway 20,2016-02-08 07:39:07,Accident reported on Highway 20 causing major traffic backup for 1 miles (case 1220). Police on scene.,102,us,,,,,,,
A-4578,2.0,OH,City 28,County 18,Highway 78,2016-02-08 07:39:07,Accident reported on Highway 78 causing major traffic backup for 4 miles (case 4578). Police on scene.,102,us,,,,,,,
A-3496,2.0,OH,City 46,County 16,Highway 96,2016-02-08 07:39:07,Accident reported on Highway 96 causing major traffic backup for 2 miles (case 3496). Police on scene.,102,us,,,,,,,
A-424,2.0,OH,City 24,County 4,Highway 24,2016-02-08 07:39:07,Accident reported on Highway 24 causing major traffic backup for 5 miles (case 424). Police on scene.,101,us,,,,,,,
A-3831,2.0,OH,City 31,County 11,Highway 31,2016-02-08 07:39:07,Accident reported on Highway 31 causing major traffic backup for 2 miles (case 3831). Police on scene.,102,us,,,,,,,
A-10,2.0,OH,City 10,County 10,Highway 10,2016-02-08 07:39:07,Accident reported on Highway 10 causing major traffic backup for 1 miles (case 10). Police on scene.,100,us,,,,,,,
A-936,2.0,OH,City 36,County 16,Highway 36,2016-02-08 07:39:07,Accident reported on Highway 36 causing major traffic backup for 2 miles (case 936). Police on scene.,101,us,,,,,,,
A-1695,2.0,OH,City 45,County 15,Highway 95,2016-02-08 07:39:07,Accident reported on Highway 95 causing major traffic backup for 1 miles (case 1695). Police on scene.,102,us,,,,,,,
A-443,2.0,OH,City 43,County 3,Highway 43,2016-02-08 07:39:07,Accident reported on Highway 43 causing major traffic backup for 4 miles (case 443). Police on scene.,101,us,,,,,,,
A-1317,2.0,OH,City 17,County 17,Highway 17,2016-02-08 07:39:07,Accident reported on Highway 17 causing major traffic backup for 3 miles (case 1317). Police on scene.,102,us,,,,,,,
A-682,2.0,OH,City 32,County 2,Highway 82,2016-02-08 07:39:07,Accident reported on Highway 82 causing major traffic backup for 3 miles (case 682). Police on scene.,101,us,,,,,,,
A-1941,2.0,OH,City 41,County 1,Highway 41,2016-02-08 07:39:07,Accident reported on Highway 41 causing major traffic backup for 2 miles (case 1941). Police on scene.,102,us,,,,,,,
A-4610,2.0,OH,City 10,County 10,Highway 10,2016-02-08 07:39:07,Accident reported on Highway 10 causing major traffic backup for 1 miles (case 4610). Police on scene.,102,us,,,,,,,
A-1819,2.0,OH,City 19,County 19,Highway 19,2016-02-08 07:39:07,Accident reported on Highway 19 causing major traffic backup for 5 miles (case 1819). Police on scene.,102,us,,,,,,,
A-2268,2.0,OH,City 18,County 8,Highway 68,2016-02-08 07:39:07,Accident reported on Highway 68 causing major traffic backup for 4 miles (case 2268). Police on scene.,102,us,,,,,,,
A-4633,2.0,OH,City 33,County 13,Highway 33,2016-02-08 07:39:07,Accident reported on Highway 33 causing major traffic backup for 4 miles (case 4633). Police on scene.,102,us,,,,,,,
A-2122,2.0,OH,City 22,County 2,Highway 22,2016-02-08 07:39:07,Accident reported on Highway 22 causing major traffic backup for 3 miles (case 2122). Police on scene.,102,us,,,,,,,
A-3729,2.0,OH,City 29,County 9,Highway 29,2016-02-08 07:39:07,Accident reported on Highway 29 causing major traffic backup for 5 miles (case 3729). Police on scene.,102,us,,,,,,,
A-3324,2.0,OH,City 24,County 4,Highway 24,2016-02-08 07:39:07,Accident reported on Highway 24 causing major traffic backup for 5 miles (case 3324). Police on scene.,102,us,,,,,,,
A-4034,2.0,OH,City 34,County 14,Highway 34,2016-02-08 07:39:07,Accident reported on Highway 34 causing major traffic backup for 5 miles (case 4034). Police on scene.,102,us,,,,,,,
A-3418,2.0,OH,City 18,County 18,Highway 18,2016-02-08 07:39:07,Accident reported on Highway 18 causing major traffic backup for 4 miles (case 3418). Police on scene.,102,us,,,,,,,
A-4245,2.0,OH,City 45,County 5,Highway 45,2016-02-08 07:39:07,Accident reported on Highway 45 causing major traffic backup for 1 miles (case 4245). Police on scene.,102,us,,,,,,,
A-2961,2.0,OH,City 11,County 1,Highway 61,2016-02-08 07:39:07,Accident reported on Highway 61 causing major traffic backup for 2 miles (case 2961). Police on scene.,102,us,,,,,,,
A-3272,2.0,OH,City 22,County 12,Highway 72,2016-02-08 07:39:07,Accident reported on Highway 72 causing major traffic backup for 3 miles (case 3272). Police on scene.,102,us,,,,,,,
A-198,2.0,OH,City 48,County 18,Highway 98,2016-02-08 07:39:07,Accident reported on Highway 98 causing major traffic backup for 4 miles (case 198). Police on scene.,101,us,,,,,,,
A-1478,2.0,OH,City 28,County 18,Highway 78,2016-02-08 07:39:07,Accident reported on Highway 78 causing major traffic backup for 4 miles (case 1478). Police on scene.,102,us,,,,,,,
A-2885,2.0,OH,City 35,County 5,Highway 85,2016-02-08 07:39:07,Accident reported on Highway 85 causing major traffic backup for 1 miles (case 2885). Police on scene.,102,us,,,,,,,
A-1215,2.0,OH,City 15,County 15,Highway 15,2016-02-08 07:39:07,Accident reported on Highway 15 causing major traffic backup for 1 miles (case 1215). Police on scene.,102,us,,,,,,,
A-3299,2.0,OH,City 49,County 19,Highway 99,2016-02-08 07:39:07,Accident reported on Highway 99 causing major traffic backup for 5 miles (case 3299). Police on scene.,102,us,,,,,,,
A-1661,2.0,OH,City 11,County 1,Highway 61,2016-02-08 07:39:07,Accident reported on Highway 61 causing major traffic backup for 2 miles (case 1661). Police on scene.,102,us,,,,,,,
A-2796,2.0,OH,City 46,County 16,Highway 96,2016-02-08 07:39:07,Accident reported on Highway 96 causing major traffic backup for 2 miles (case 2796). Police on scene.,102,us,,,,,,,
A-3017,2.0,OH,City 17,County 17,Highway 17,2016-02-08 07:39:07,Accident reported on Highway 17 causing major traffic backup for 3 miles (case 3017). Police on scene.,102,us,,,,,,,
A-2704,2.0,OH,City 4,County 4,Highway 4,2016-02-08 07:39:07,Accident reported on Highway 4 causing major traffic backup for 5 miles (case 2704). Police on scene.,101,us,,,,,,,
A-2219,2.0,OH,City 19,County 19,Highway 19,2016-02-08 07:39:07,Accident reported on Highway 19 causing major traffic backup for 5 miles (case 2219). Police on scene.,102,us,,,,,,,
A-1844,2.0,OH,City 44,County 4,Highway 44,2016-02-08 07:39:07,Accident reported on Highway 44 causing major traffic backup for 5 miles (case 1844). Police on scene.,102,us,,,,,,,
A-3967,2.0,OH,City 17,County 7,Highway 67,2016-02-08 07:39:07,Accident reported on Highway 67 causing major traffic backup for 3 miles (case 3967). Police on scene.,102,us,,,,,,,
A-1134,2.0,OH,City 34,County 14,Highway 34,2016-02-08 07:39:07,Accident reported on Highway 34 causing major traffic backup for 5 miles (case 1134). Police on scene.,102,us,,,,,,,
A-1465,2.0,OH,City 15,County 5,Highway 65,2016-02-08 07:39:07,Accident reported on Highway 65 causing major traffic backup for 1 miles (case 1465). Police on scene.,102,us,,,,,,,
A-280,2.0,OH,City 30,County 0,Highway 80,2016-02-08 07:39:07,Accident reported on Highway 80 causing major traffic backup for 1 miles (case 280). Police on scene.,101,us,,,,,,,
A-2222,2.0,OH,City 22,County 2,Highway 22,2016-02-08 07:39:07,Accident reported on Highway 22 causing major traffic backup for 3 miles (case 2222). Police on scene.,102,us,,,,,,,
A-4542,2.0,OH,City 42,County 2,Highway 42,2016-02-08 07:39:07,Accident reported on Highway 42 causing major traffic backup for 3 miles (case 4542). Police on scene.,102,us,,,,,,,
A-2296,2.0,OH,City 46,County 16,Highway 96,2016-02-08 07:39:07,Accident reported on Highway 96 causing major traffic backup for 2 miles (case 2296). Police on scene.,102,us,,,,,,,
A-1306,2.0,OH,City 6,County 6,Highway 6,2016-02-08 07:39:07,Accident reported on Highway 6 causing major traffic backup for 2 miles (case 1306). Police on scene.,101,us,,,,,,,
A-2516,2.0,OH,City 16,County 16,Highway 16,2016-02-08 07:39:07,Accident reported on Highway 16 causing major traffic backup for 2 miles (case 2516). Police on scene.,102,us,,,,,,,
A-226,2.0,OH,City 26,County 6,Highway 26,2016-02-08 07:39:07,Accident reported on Highway 26 causing major traffic backup for 2 miles (case 226). Police on scene.,101,us,,,,,,,
A-2033,2.0,OH,City 33,County 13,Highway 33,2016-02-08 07:39:07,Accident reported on Highway 33 causing major traffic backup for 4 miles (case 2033). Police on scene.,102,us,,,,,,,
A-1922,2.0,OH,City 22,County 2,Highway 22,2016-02-08 07:39:07,Accident reported on Highway 22 causing major traffic backup for 3 miles (case 1922). Police on scene.,102,us,,,,,,,
A-577,2.0,OH,City 27,County 17,Highway 77,2016-02-08 07:39:07,Accident reported on Highway 77 causing major traffic backup for 3 miles (case 577). Police on scene.,101,us,,,,,,,
A-1240,2.0,OH,City 40,County 0,Highway 40,2016-02-08 07:39:07,Accident reported on Highway 40 causing major traffic backup for 1 miles (case 1240). Police on scene.,102,us,,,,,,,
A-3788,2.0,OH,City 38,County 8,Highway 88,2016-02-08 07:39:07,Accident reported on Highway 88 causing major traffic backup for 4 miles (case 3788). Police on scene.,102,us,,,,,,,
A-3458,2.0,OH,City 8,County 18,Highway 58,2016-02-08 07:39:07,Accident reported on Highway 58 causing major traffic backup for 4 miles (case 3458). Police on scene.,102,us,,,,,,,
A-1338,2.0,OH,City 38,County 18,Highway 38,2016-02-08 07:39:07,Accident reported on Highway 38 causing major traffic backup for 4 miles (case 1338). Police on scene.,102,us,,,,,,,
A-2606,2.0,OH,City 6,County 6,Highway 6,2016-02-08 07:39:07,Accident reported on Highway 6 causing major traffic backup for 2 miles (case 2606). Police on scene.,101,us,,,,,,,
A-422,2.0,OH,City 22,County 2,Highway 22,2016-02-08 07:39:07,Accident reported on Highway 22 causing major traffic backup for 3 miles (case 422). Police on scene.,101,us,,,,,,,
A-4257,2.0,OH,City 7,County 17,Highway 57,2016-02-08 07:39:07,Accident reported on Highway 57 causing major traffic backup for 3 miles (case 4257). Police on scene.,102,us,,,,,,,
A-1108,2.0,OH,City 8,County 8,Highway 8,2016-02-08 07:39:07,Accident reported on Highway 8 causing major traffic backup for 4 miles (case 1108). Police on scene.,101,us,,,,,,,
A-261,2.0,OH,City 11,County 1,Highway 61,2016-02-08 07:39:07,Accident reported on Highway 61 causing major traffic backup for 2 miles (case 261). Police on scene.,101,us,,,,,,,
A-299,2.0,OH,City 49,County 19,Highway 99,2016-02-08 07:39:07,Accident reported on Highway 99 causing major traffic backup for 5 miles (case 299). Police on scene.,101,us,,,,,,,
A-3883,2.0,OH,City 33,County 3,Highway 83,2016-02-08 07:39:07,Accident reported on Highway 83 causing major traffic backup for 4 miles (case 3883). Police on scene.,102,us,,,,,,,
A-390,2.0,OH,City 40,County 10,Highway 90,2016-02-08 07:39:07,Accident reported on Highway 90 causing major traffic backup for 1 miles (case 390). Police on scene.,101,us,,,,,,,
A-4921,2.0,OH,City 21,County 1,Highway 21,2016-02-08 07:39:07,Accident reported on Highway 21 causing major traffic backup for 2 miles (case 4921). Police on scene.,102,us,,,,,,,
A-3088,2.0,OH,City 38,County 8,Highway 88,2016-02-08 07:39:07,Accident reported on Highway 88 causing major traffic backup for 4 miles (case 3088). Police on scene.,102,us,,,,,,,
A-2231,2.0,OH,City 31,County 11,Highway 31,2016-02-08 07:39:07,Accident reported on Highway 31 causing major traffic backup for 2 miles (case 2231). Police on scene.,102,us,,,,,,,
A-2273,2.0,OH,City 23,County 13,Highway 73,2016-02-08 07:39:07,Accident reported on Highway 73 causing major traffic backup for 4 miles (case 2273). Police on scene.,102,us,,,,,,,
A-4336,2.0,OH,City 36,County 16,Highway 36,2016-02-08 07:39:07,Accident reported on Highway 36 causing major traffic backup for 2 miles (case 4336). Police on scene.,102,us,,,,,,,
A-3513,2.0,OH,City 13,County 13,Highway 13,2016-02-08 07:39:07,Accident reported on Highway 13 causing major traffic backup for 4 miles (case 3513). Police on scene.,102,us,,,,,,,
A-1837,2.0,OH,City 37,County 17,Highway 37,2016-02-08 07:39:07,Accident reported on Highway 37 causing major traffic backup for 3 miles (case 1837). Police on scene.,102,us,,,,,,,
A-4385,2.0,OH,City 35,County 5,Highway 85,2016-02-08 07:39:07,Accident reported on Highway 85 causing major traffic backup for 1 miles (case 4385). Police on scene.,102,us,,,,,,,
A-1567,2.0,OH,City 17,County 7,Highway 67,2016-02-08 07:39:07,Accident reported on Highway 67 causing major traffic backup for 3 miles (case 1567). Police on scene.,102,us,,,,,,,
A-1890,2.0,OH,City 40,County 10,Highway 90,2016-02-08 07:39:07,Accident reported on Highway 90 causing major traffic backup for 1 miles (case 1890). Police on scene.,102,us,,,,,,,
A-1404,2.0,OH,City 4,County 4,Highway 4,2016-02-08 07:39:07,Accident reported on Highway 4 causing major traffic backup for 5 miles (case 1404). Police on scene.,101,us,,,,,,,
A-716,2.0,OH,City 16,County 16,Highway 16,2016-02-08 07:39:07,Accident reported on Highway 16 causing major traffic backup for 2 miles (case 716). Police on scene.,101,us,,,,,,,
A-2348,2.0,OH,City 48,County 8,Highway 48,2016-02-08 07:39:07,Accident reported on Highway 48 causing major traffic backup for 4 miles (case 2348). Police on scene.,102,us,,,,,,,
A-2529,2.0,OH,City 29,County 9,Highway 29,2016-02-08 07:39:07,Accident reported on Highway 29 causing major traffic backup for 5 miles (case 2529). Police on scene.,102,us,,,,,,,
A-213,2.0,OH,City 13,County 13,Highway 13,2016-02-08 07:39:07,Accident reported on Highway 13 causing major traffic backup for 4 miles (case 213). Police on scene.,101,us,,,,,,,
A-3940,2.0,OH,City 40,County 0,Highway 40,2016-02-08 07:39:07,Accident reported on Highway 40 causing major traffic backup for 1 miles (case 3940). Police on scene.,102,us,,,,,,,
A-1293,2.0,OH,City 43,County 13,Highway 93,2016-02-08 07:39:07,Accident reported on Highway 93 causing major traffic backup for 4 miles (case 1293). Police on scene.,102,us,,,,,,,
A-453,2.0,OH,City 3,County 13,Highway 53,2016-02-08 07:39:07,Accident reported on Highway 53 causing major traffic backup for 4 miles (case 453). Police on scene.,101,us,,,,,,,
A-4088,2.0,OH,City 38,County 8,Highway 88,2016-02-08 07:39:07,Accident reported on Highway 88 causing major traffic backup for 4 miles (case 4088). Police on scene.,102,us,,,,,,,
A-4440,2.0,OH,City 40,County 0,Highway 40,2016-02-08 07:39:07,Accident reported on Highway 40 causing major traffic backup for 1 miles (case 4440). Police on scene.,102,us,,,,,,,
A-1824,2.0,OH,City 24,County 4,Highway 24,2016-02-08 07:39:07,Accident reported on Highway 24 causing major traffic backup for 5 miles (case 1824). Police on scene.,102,us,,,,,,,
A-962,2.0,OH,City 12,County 2,Highway 62,2016-02-08 07:39:07,Accident reported on Highway 62 causing major traffic backup for 3 miles (case 962). Police on scene.,101,us,,,,,,,
A-1797,2.0,OH,City 47,County 17,Highway 97,2016-02-08 07:39:07,Accident reported on Highway 97 causing major traffic backup for 3 miles (case 1797). Police on scene.,102,us,,,,,,,
A-3605,2.0,OH,City 5,County 5,Highway 5,2016-02-08 07:39:07,Accident reported on Highway 5 causing major traffic backup for 1 miles (case 3605). Police on scene.,101,us,,,,,,,
A-658,2.0,OH,City 8,County 18,Highway 58,2016-02-08 07:39:07,Accident reported on Highway 58 causing major traffic backup for 4 miles (case 658). Police on scene.,101,us,,,,,,,
A-2406,2.0,OH,City 6,County 6,Highway 6,2016-02-08 07:39:07,Accident reported on Highway 6 causing major traffic backup for 2 miles (case 2406). Police on scene.,101,us,,,,,,,
A-3849,2.0,OH,City 49,County 9,Highway 49,2016-02-08 07:39:07,Accident reported on Highway 49 causing major traffic backup for 5 miles (case 3849). Police on scene.,102,us,,,,,,,
A-1992,2.0,OH,City 42,County 12,Highway 92,2016-02-08 07:39:07,Accident reported on Highway 92 causing major traffic backup for 3 miles (case 1992). Police on scene.,102,us,,,,,,,
A-1764,2.0,OH,City 14,County 4,Highway 64,2016-02-08 07:39:07,Accident reported on Highway 64 causing major traffic backup for 5 miles (case 1764). Police on scene.,102,us,,,,,,,
A-2519,2.0,OH,City 19,County 19,Highway 19,2016-02-08 07:39:07,Accident reported on Highway 19 causing major traffic backup for 5 miles (case 2519). Police on scene.,102,us,,,,,,,
A-3785,2.0,OH,City 35,County 5,Highway 85,2016-02-08 07:39:07,Accident reported on Highway 85 causing major traffic backup for 1 miles (case 3785). Police on scene.,102,us,,,,,,,
A-3555,2.0,OH,City 5,County 15,Highway 55,2016-02-08 07:39:07,Accident reported on Highway 55 causing major traffic backup for 1 miles (case 3555). Police on scene.,102,us,,,,,,,
A-415,2.0,OH,City 15,County 15,Highway 15,2016-02-08 07:39:07,Accident reported on Highway 15 causing major traffic backup for 1 miles (case 415). Police on scene.,101,us,,,,,,,
A-1778,2.0,OH,City 28,County 18,Highway 78,2016-02-08 07:39:07,Accident reported on Highway 78 causing major traffic backup for 4 miles (case 1778). Police on scene.,102,us,,,,,,,
A-1885,2.0,OH,City 35,County 5,Highway 85,2016-02-08 07:39:07,Accident reported on Highway 85 causing major traffic backup for 1 miles (case 1885). Police on scene.,102,us,,,,,,,
A-2186,2.0,OH,City 36,County 6,Highway 86,2016-02-08 07:39:07,Accident reported on Highway 86 causing major traffic backup for 2 miles (case 2186). Police on scene.,102,us,,,,,,,
A-2378,2.0,OH,City 28,County 18,Highway 78,2016-02-08 07:39:07,Accident reported on Highway 78 causing major traffic backup for 4 miles (case 2378). Police on scene.,102,us,,,,,,,
A-4193,2.0,OH,City 43,County 13,Highway 93,2016-02-08 07:39:07,Accident reported on Highway 93 causing major traffic backup for 4 miles (case 4193). Police on scene.,102,us,,,,,,,
A-4312,2.0,OH,City 12,County 12,Highway 12,2016-02-08 07:39:07,Accident reported on Highway 12 causing major traffic backup for 3 miles (case 4312). Police on scene.,102,us,,,,,,,
A-4774,2.0,OH,City 24,County 14,Highway 74,2016-02-08 07:39:07,Accident reported on Highway 74 causing major traffic backup for 5 miles (case 4774). Police on scene.,102,us,,,,,,,
A-4839,2.0,OH,City 39,County 19,Highway 39,2016-02-08 07:39:07,Accident reported on Highway 39 causing major traffic backup for 5 miles (case 4839). Police on scene.,102,us,,,,,,,
A-4579,2.0,OH,City 29,County 19,Highway 79,2016-02-08 07:39:07,Accident reported on Highway 79 causing major traffic backup for 5 miles (case 4579). Police on scene.,102,us,,,,,,,
A-2775,2.0,OH,City 25,County 15,Highway 75,2016-02-08 07:39:07,Accident reported on Highway 75 causing major traffic backup for 1 miles (case 2775). Police on scene.,102,us,,,,,,,
A-3556,2.0,OH,City 6,County 16,Highway 56,2016-02-08 07:39:07,Accident reported on Highway 56 causing major traffic backup for 2 miles (case 3556). Police on scene.,102,us,,,,,,,
A-3365,2.0,OH,City 15,County 5,Highway 65,2016-02-08 07:39:07,Accident reported on Highway 65 causing major traffic backup for 1 miles (case 3365). Police on scene.,102,us,,,,,,,
A-2798,2.0,OH,City 48,County 18,Highway 98,2016-02-08 07:39:07,Accident reported on Highway 98 causing major traffic backup for 4 miles (case 2798). Police on scene.,102,us,,,,,,,
A-3567,2.0,OH,City 17,County 7,Highway 67,2016-02-08 07:39:07,Accident reported on Highway 67 causing major traffic backup for 3 miles (case 3567). Police on scene.,102,us,,,,,,,
A-434,2.0,OH,City 34,County 14,Highway 34,2016-02-08 07:39:07,Accident reported on Highway 34 causing major traffic backup for 5 miles (case 434). Police on scene.,101,us,,,,,,,
A-2921,2.0,OH,City 21,County 1,Highway 21,2016-02-08 07:39:07,Accident reported on Highway 21 causing major traffic backup for 2 miles (case 2921). Police on scene.,102,us,,,,,,,
A-2025,2.0,OH,City 25,County 5,Highway 25,2016-02-08 07:39:07,Accident reported on Highway 25 causing major traffic backup for 1 miles (case 2025). Police on scene.,102,us,,,,,,,
A-1370,2.0,OH,City 20,County 10,Highway 70,2016-02-08 07:39:07,Accident reported on Highway 70 causing major traffic backup for 1 miles (case 1370). Police on scene.,102,us,,,,,,,
A-2690,2.0,OH,City 40,County 10,Highway 90,2016-02-08 07:39:07,Accident reported on Highway 90 causing major traffic backup for 1 miles (case 2690). Police on scene.,102,us,,,,,,,
A-2849,2.0,OH,City 49,County 9,Highway 49,2016-02-08 07:39:07,Accident reported on Highway 49 causing major traffic backup for 5 miles (case 2849). Police on scene.,102,us,,,,,,,
A-1180,2.0,OH,City 30,County 0,Highway 80,2016-02-08 07:39:07,Accident reported on Highway 80 causing major traffic backup for 1 miles (case 1180). Police on scene.,102,us,,,,,,,
A-3330,2.0,OH,City 30,County 10,Highway 30,2016-02-08 07:39:07,Accident reported on Highway 30 causing major traffic backup for 1 miles (case 3330). Police on scene.,102,us,,,,,,,
A-1480,2.0,OH,City 30,County 0,Highway 80,2016-02-08 07:39:07,Accident reported on Highway 80 causing major traffic backup for 1 miles (case 1480). Police on scene.,102,us,,,,,,,
A-4561,2.0,OH,City 11,County 1,Highway 61,2016-02-08 07:39:07,Accident reported on Highway 61 causing major traffic backup for 2 miles (case 4561). Police on scene.,102,us,,,,,,,
A-4216,2.0,OH,City 16,County 16,Highway 16,2016-02-08 07:39:07,Accident reported on Highway 16 causing major traffic backup for 2 miles (case 4216). Police on scene.,102,us,,,,,,,
A-106,2.0,OH,City 6,County 6,Highway 6,2016-02-08 07:39:07,Accident reported on Highway 6 causing major traffic backup for 2 miles (case 106). Police on scene.,100,us,,,,,,,
A-1913,2.0,OH,City 13,County 13,Highway 13,2016-02-08 07:39:07,Accident reported on Highway 13 causing major traffic backup for 4 miles (case 1913). Police on scene.,102,us,,,,,,,
A-1996,2.0,OH,City 46,County 16,Highway 96,2016-02-08 07:39:07,Accident reported on Highway 96 causing major traffic backup for 2 miles (case 1996). Police on scene.,102,us,,,,,,,
A-1267,2.0,OH,City 17,County 7,Highway 67,2016-02-08 07:39:07,Accident reported on Highway 67 causing major traffic backup for 3 miles (case 1267). Police on scene.,102,us,,,,,,,
A-3833,2.0,OH,City 33,County 13,Highway 33,2016-02-08 07:39:07,Accident reported on Highway 33 causing major traffic backup for 4 miles (case 3833). Police on scene.,102,us,,,,,,,
A-3136,2.0,OH,City 36,County 16,Highway 36,2016-02-08 07:39:07,Accident reported on Highway 36 causing major traffic backup for 2 miles (case 3136). Police on scene.,102,us,,,,,,,
A-2370,2.0,OH,City 20,County 10,Highway 70,2016-02-08 07:39:07,Accident reported on Highway 70 causing major traffic backup for 1 miles (case 2370). Police on scene.,102,us,,,,,,,
A-3059,2.0,OH,City 9,County 19,Highway 59,2016-02-08 07:39:07,Accident reported on Highway 59 causing major traffic backup for 5 miles (case 3059). Police on scene.,102,us,,,,,,,
A-2838,2.0,OH,City 38,County 18,Highway 38,2016-02-08 07:39:07,Accident reported on Highway 38 causing major traffic backup for 4 miles (case 2838). Police on scene.,102,us,,,,,,,
A-3998,2.0,OH,City 48,County 18,Highway 98,2016-02-08 07:39:07,Accident reported on Highway 98 causing major traffic backup for 4 miles (case 3998). Police on scene.,102,us,,,,,,,
A-3169,2.0,OH,City 19,County 9,Highway 69,2016-02-08 07:39:07,Accident reported on Highway 69 causing major traffic backup for 5 miles (case 3169). Police on scene.,102,us,,,,,,,
A-4553,2.0,OH,City 3,County 13,Highway 53,2016-02-08 07:39:07,Accident reported on Highway 53 causing major traffic backup for 4 miles (case 4553). Police on scene.,102,us,,,,,,,
A-1647,2.0,OH,City 47,County 7,Highway 47,2016-02-08 07:39:07,Accident reported on Highway 47 causing major traffic backup for 3 miles (case 1647). Police on scene.,102,us,,,,,,,
A-4506,2.0,OH,City 6,County 6,Highway 6,2016-02-08 07:39:07,Accident reported on Highway 6 causing major traffic backup for 2 miles (case 4506). Police on scene.,101,us,,,,,,,
A-3,2.0,OH,Cincinnati,Clermont,I-275 S,2016-02-08 06:49:27,Accident on I-275 Southbound at Exits 52 52B Loveland Madeira Rd.,65,us,,,,,,,
A-1584,2.0,OH,City 34,County 4,Highway 84,2016-02-08 07:39:07,Accident reported on Highway 84 causing major traffic backup for 5 miles (case 1584). Police on scene.,102,us,,,,,,,
A-4423,2.0,OH,City 23,County 3,Highway 23,2016-02-08 07:39:07,Accident reported on Highway 23 causing major traffic backup for 4 miles (case 4423). Police on scene.,102,us,,,,,,,
A-4117,2.0,OH,City 17,County 17,Highway 17,2016-02-08 07:39:07,Accident reported on Highway 17 causing major traffic backup for 3 miles (case 4117). Police on scene.,102,us,,,,,,,
A-1360,2.0,OH,City 10,County 0,Highway 60,2016-02-08 07:39:07,Accident reported on Highway 60 causing major traffic backup for 1 miles (case 1360). Police on scene.,102,us,,,,,,,
A-4984,2.0,OH,City 34,County 4,Highway 84,2016-02-08 07:39:07,Accident reported on Highway 84 causing major traffic backup for 5 miles (case 4984). Police on scene.,102,us,,,,,,,
A-2082,2.0,OH,City 32,County 2,Highway 82,2016-02-08 07:39:07,Accident reported on Highway 82 causing major traffic backup for 3 miles (case 2082). Police on scene.,102,us,,,,,,,
A-2485,2.0,OH,City 35,County 5,Highway 85,2016-02-08 07:39:07,Accident reported on Highway 85 causing major traffic backup for 1 miles (case 2485). Police on scene.,102,us,,,,,,,
A-2022,2.0,OH,City 22,County 2,Highway 22,2016-02-08 07:39:07,Accident reported on Highway 22 causing major traffic backup for 3 miles (case 2022). Police on scene.,102,us,,,,,,,
A-4484,2.0,OH,City 34,County 4,Highway 84,2016-02-08 07:39:07,Accident reported on Highway 84 causing major traffic backup for 5 miles (case 4484). Police on scene.,102,us,,,,,,,
A-400,2.0,OH,City 0,County 0,Highway 0,2016-02-08 07:39:07,Accident reported on Highway 0 causing major traffic backup for 1 miles (case 400). Police on scene.,100,us,,,,,,,
A-3459,2.0,OH,City 9,County 19,Highway 59,2016-02-08 07:39:07,Accident reported on Highway 59 causing major traffic backup for 5 miles (case 3459). Police on scene.,102,us,,,,,,,
A-1068,2.0,OH,City 18,County 8,Highway 68,2016-02-08 07:39:07,Accident reported on Highway 68 causing major traffic backup for 4 miles (case 1068). Police on scene.,102,us,,,,,,,
A-2584,2.0,OH,City 34,County 4,Highway 84,2016-02-08 07:39:07,Accident reported on Highway 84 causing major traffic backup for 5 miles (case 2584). Police on scene.,102,us,,,,,,,
A-2949,2.0,OH,City 49,County 9,Highway 49,2016-02-08 07:39:07,Accident reported on Highway 49 causing major traffic backup for 5 miles (case 2949). Police on scene.,102,us,,,,,,,
A-822,2.0,OH,City 22,County 2,Highway 22,2016-02-08 07:39:07,Accident reported on Highway 22 causing major traffic backup for 3 miles (case 822). Police on scene.,101,us,,,,,,,
A-1816,2.0,OH,City 16,County 16,Highway 16,2016-02-08 07:39:07,Accident reported on Highway 16 causing major traffic backup for 2 miles (case 1816). Police on scene.,102,us,,,,,,,
A-2551,2.0,OH,City 1,County 11,Highway 51,2016-02-08 07:39:07,Accident reported on Highway 51 causing major traffic backup for 2 miles (case 2551). Police on scene.,102,us,,,,,,,
A-1556,2.0,OH,City 6,County 16,Highway 56,2016-02-08 07:39:07,Accident reported on Highway 56 causing major traffic backup for 2 miles (case 1556). Police on scene.,102,us,,,,,,,
A-3118,2.0,OH,City 18,County 18,Highway 18,2016-02-08 07:39:07,Accident reported on Highway 18 causing major traffic backup for 4 miles (case 3118). Police on scene.,102,us,,,,,,,
A-820,2.0,OH,City 20,County 0,Highway 20,2016-02-08 07:39:07,Accident reported on Highway 20 causing major traffic backup for 1 miles (case 820). Police on scene.,101,us,,,,,,,
A-1576,2.0,OH,City 26,County 16,Highway 76,2016-02-08 07:39:07,Accident reported on Highway 76 causing major traffic backup for 2 miles (case 1576). Police on scene.,102,us,,,,,,,
A-3185,2.0,OH,City 35,County 5,Highway 85,2016-02-08 07:39:07,Accident reported on Highway 85 causing major traffic backup for 1 miles (case 3185). Police on scene.,102,us,,,,,,,
A-1804,2.0,OH,City 4,County 4,Highway 4,2016-02-08 07:39:07,Accident reported on Highway 4 causing major traffic backup for 5 miles (case 1804). Police on scene.,101,us,,,,,,,
A-4288,2.0,OH,City 38,County 8,Highway 88,2016-02-08 07:39:07,Accident reported on Highway 88 causing major traffic backup for 4 miles (case 4288). Police on scene.,102,us,,,,,,,
A-385,2.0,OH,City 35,County 5,Highway 85,2016-02-08 07:39:07,Accident reported on Highway 85 causing major traffic backup for 1 miles (case 385). Police on scene.,101,us,,,,,,,
A-3835,2.0,OH,City 35,County 15,Highway 35,2016-02-08 07:39:07,Accident reported on Highway 35 causing major traffic backup for 1 miles (case 3835). Police on scene.,102,us,,,,,,,
A-3820,2.0,OH,City 20,County 0,Highway 20,2016-02-08 07:39:07,Accident reported on Highway 20 causing major traffic backup for 1 miles (case 3820). Police on scene.,102,us,,,,,,,
A-2294,2.0,OH,City 44,County 14,Highway 94,2016-02-08 07:39:07,Accident reported on Highway 94 causing major traffic backup for 5 miles (case 2294). Police on scene.,102,us,,,,,,,
A-3501,2.0,OH,City 1,County 1,Highway 1,2016-02-08 07:39:07,Accident reported on Highway 1 causing major traffic backup for 2 miles (case 3501). Police on scene.,101,us,,,,,,,
A-3572,2.0,OH,City 22,County 12,Highway 72,2016-02-08 07:39:07,Accident reported on Highway 72 causing major traffic backup for 3 miles (case 3572). Police on scene.,102,us,,,,,,,
A-1784,2.0,OH,City 34,County 4,Highway 84,2016-02-08 07:39:07,Accident reported on Highway 84 causing major traffic backup for 5 miles (case 1784). Police on scene.,102,us,,,,,,,
A-2725,2.0,OH,City 25,County 5,Highway 25,2016-02-08 07:39:07,Accident reported on Highway 25 causing major traffic backup for 1 miles (case 2725). Police on scene.,102,us,,,,,,,
A-2436,2.0,OH,City 36,County 16,Highway 36,2016-02-08 07:39:07,Accident reported on Highway 36 causing major traffic backup for 2 miles (case 2436). Police on scene.,102,us,,,,,,,
A-2332,2.0,OH,City 32,County 12,Highway 32,2016-02-08 07:39:07,Accident reported on Highway 32 causing major traffic backup for 3 miles (case 2332). Police on scene.,102,us,,,,,,,
A-868,2.0,OH,City 18,County 8,Highway 68,2016-02-08 07:39:07,Accident reported on Highway 68 causing major traffic backup for 4 miles (case 868). Police on scene.,101,us,,,,,,,
A-3018,2.0,OH,City 18,County 18,Highway 18,2016-02-08 07:39:07,Accident reported on Highway 18 causing major traffic backup for 4 miles (case 3018). Police on scene.,102,us,,,,,,,
A-3162,2.0,OH,City 12,County 2,Highway 62,2016-02-08 07:39:07,Accident reported on Highway 62 causing major traffic backup for 3 miles (case 3162). Police on scene.,102,us,,,,,,,
A-558,2.0,OH,City 8,County 18,Highway 58,2016-02-08 07:39:07,Accident reported on Highway 58 causing major traffic backup for 4 miles (case 558). Police on scene.,101,us,,,,,,,
A-1163,2.0,OH,City 13,County 3,Highway 63,2016-02-08 07:39:07,Accident reported on Highway 63 causing major traffic backup for 4 miles (case 1163). Police on scene.,102,us,,,,,,,
A-1217,2.0,OH,City 17,County 17,Highway 17,2016-02-08 07:39:07,Accident reported on Highway 17 causing major traffic backup for 3 miles (case 1217). Police on scene.,102,us,,,,,,,
A-2391,2.0,OH,City 41,County 11,Highway 91,2016-02-08 07:39:07,Accident reported on Highway 91 causing major traffic backup for 2 miles (case 2391). Police on scene.,102,us,,,,,,,
A-3596,2.0,OH,City 46,County 16,Highway 96,2016-02-08 07:39:07,Accident reported on Highway 96 causing major traffic backup for 2 miles (case 3596). Police on scene.,102,us,,,,,,,
A-52,2.0,OH,City 2,County 12,Highway 52,2016-02-08 07:39:07,Accident reported on Highway 52 causing major traffic backup for 3 miles (case 52). Police on scene.,100,us,,,,,,,
A-4275,2.0,OH,City 25,County 15,Highway 75,2016-02-08 07:39:07,Accident reported on Highway 75 causing major traffic backup for 1 miles (case 4275). Police on scene.,102,us,,,,,,,
A-704,2.0,OH,City 4,County 4,Highway 4,2016-02-08 07:39:07,Accident reported on Highway 4 causing major traffic backup for 5 miles (case 704). Police on scene.,100,us,,,,,,,
A-656,2.0,OH,City 6,County 16,Highway 56,2016-02-08 07:39:07,Accident reported on Highway 56 causing major traffic backup for 2 miles (case 656). Police on scene.,101,us,,,,,,,
A-3154,2.0,OH,City 4,County 14,Highway 54,2016-02-08 07:39:07,Accident reported on Highway 54 causing major traffic backup for 5 miles (case 3154). Police on scene.,102,us,,,,,,,
A-3066,2.0,OH,City 16,County 6,Highway 66,2016-02-08 07:39:07,Accident reported on Highway 66 causing major traffic backup for 2 miles (case 3066). Police on scene.,102,us,,,,,,,
A-3309,2.0,OH,City 9,County 9,Highway 9,2016-02-08 07:39:07,Accident reported on Highway 9 causing major traffic backup for 5 miles (case 3309). Police on scene.,101,us,,,,,,,
A-752,2.0,OH,City 2,County 12,Highway 52,2016-02-08 07:39:07,Accident reported on Highway 52 causing major traffic backup for 3 miles (case 752). Police on scene.,101,us,,,,,,,
A-1459,2.0,OH,City 9,County 19,Highway 59,2016-02-08 07:39:07,Accident reported on Highway 59 causing major traffic backup for 5 miles (case 1459). Police on scene.,102,us,,,,,,,
A-4196,2.0,OH,City 46,County 16,Highway 96,2016-02-08 07:39:07,Accident reported on Highway 96 causing major traffic backup for 2 miles (case 4196). Police on scene.,102,us,,,,,,,
A-4199,2.0,OH,City 49,County 19,Highway 99,2016-02-08 07:39:07,Accident reported on Highway 99 causing major traffic backup for 5 miles (case 4199). Police on scene.,102,us,,,,,,,
A-3186,2.0,OH,City 36,County 6,Highway 86,2016-02-08 07:39:07,Accident reported on Highway 86 causing major traffic backup for 2 miles (case 3186). Police on scene.,102,us,,,,,,,
A-870,2.0,OH,City 20,County 10,Highway 70,2016-02-08 07:39:07,Accident reported on Highway 70 causing major traffic backup for 1 miles (case 870). Police on scene.,101,us,,,,,,,
A-756,2.0,OH,City 6,County 16,Highway 56,2016-02-08 07:39:07,Accident reported on Highway 56 causing major traffic backup for 2 miles (case 756). Police on scene.,101,us,,,,,,,
A-1648,2.0,OH,City 48,County 8,Highway 48,2016-02-08 07:39:07,Accident reported on Highway 48 causing major traffic backup for 4 miles (case 1648). Police on scene.,102,us,,,,,,,
A-96,2.0,OH,City 46,County 16,Highway 96,2016-02-08 07:39:07,Accident reported on Highway 96 causing major traffic backup for 2 miles (case 96). Police on scene.,100,us,,,,,,,
A-2822,2.0,OH,City 22,County 2,Highway 22,2016-02-08 07:39:07,Accident reported on Highway 22 causing major traffic backup for 3 miles (case 2822). Police on scene.,102,us,,,,,,,
A-3099,2.0,OH,City 49,County 19,Highway 99,2016-02-08 07:39:07,Accident reported on Highway 99 causing major traffic backup for 5 miles (case 3099). Police on scene.,102,us,,,,,,,
A-4589,2.0,OH,City 39,County 9,Highway 89,2016-02-08 07:39:07,Accident reported on Highway 89 causing major traffic backup for 5 miles (case 4589). Police on scene.,102,us,,,,,,,
A-3626,2.0,OH,City 26,County 6,Highway 26,2016-02-08 07:39:07,Accident reported on Highway 26 causing major traffic backup for 2 miles (case 3626). Police on scene.,102,us,,,,,,,
A-1494,2.0,OH,City 44,County 14,Highway 94,2016-02-08 07:39:07,Accident reported on Highway 94 causing major traffic backup for 5 miles (case 1494). Police on scene.,102,us,,,,,,,
A-2946,2.0,OH,City 46,County 6,Highway 46,2016-02-08 07:39:07,Accident reported on Highway 46 causing major traffic backup for 2 miles (case 2946). Police on scene.,102,us,,,,,,,
A-2177,2.0,OH,City 27,County 17,Highway 77,2016-02-08 07:39:07,Accident reported on Highway 77 causing major traffic backup for 3 miles (case 2177). Police on scene.,102,us,,,,,,,
A-733,2.0,OH,City 33,County 13,Highway 33,2016-02-08 07:39:07,Accident reported on Highway 33 causing major traffic backup for 4 miles (case 733). Police on scene.,101,us,,,,,,,
A-4181,2.0,OH,City 31,County 1,Highway 81,2016-02-08 07:39:07,Accident reported on Highway 81 causing major traffic backup for 2 miles (case 4181). Police on scene.,102,us,,,,,,,
A-2830,2.0,OH,City 30,County 10,Highway 30,2016-02-08 07:39:07,Accident reported on Highway 30 causing major traffic backup for 1 miles (case 2830). Police on scene.,102,us,,,,,,,
A-2242,2.0,OH,City 42,County 2,Highway 42,2016-02-08 07:39:07,Accident reported on Highway 42 causing major traffic backup for 3 miles (case 2242). Police on scene.,102,us,,,,,,,
A-1940,2.0,OH,City 40,County 0,Highway 40,2016-02-08 07:39:07,Accident reported on Highway 40 causing major traffic backup for 1 miles (case 1940). Police on scene.,102,us,,,,,,,
A-1749,2.0,OH,City 49,County 9,Highway 49,2016-02-08 07:39:07,Accident reported on Highway 49 causing major traffic backup for 5 miles (case 1749). Police on scene.,102,us,,,,,,,
A-2484,2.0,OH,City 34,County 4,Highway 84,2016-02-08 07:39:07,Accident reported on Highway 84 causing major traffic backup for 5 miles (case 2484). Police on scene.,102,us,,,,,,,
A-3875,2.0,OH,City 25,County 15,Highway 75,2016-02-08 07:39:07,Accident reported on Highway 75 causing major traffic backup for 1 miles (case 3875). Police on scene.,102,us,,,,,,,
A-3489,2.0,OH,City 39,County 9,Highway 89,2016-02-08 07:39:07,Accident reported on Highway 89 causing major traffic backup for 5 miles (case 3489). Police on scene.,102,us,,,,,,,
A-1114,2.0,OH,City 14,County 14,Highway 14,2016-02-08 07:39:07,Accident reported on Highway 14 causing major traffic backup for 5 miles (case 1114). Police on scene.,102,us,,,,,,,
A-3335,2.0,OH,City 35,County 15,Highway 35,2016-02-08 07:39:07,Accident reported on Highway 35 causing major traffic backup for 1 miles (case 3335). Police on scene.,102,us,,,,,,,
A-4029,2.0,OH,City 29,County 9,Highway 29,2016-02-08 07:39:07,Accident reported on Highway 29 causing major traffic backup for 5 miles (case 4029). Police on scene.,102,us,,,,,,,
A-4472,2.0,OH,City 22,County 12,Highway 72,2016-02-08 07:39:07,Accident reported on Highway 72 causing major traffic backup for 3 miles (case 4472). Police on scene.,102,us,,,,,,,
A-4158,2.0,OH,City 8,County 18,Highway 58,2016-02-08 07:39:07,Accident reported on Highway 58 causing major traffic backup for 4 miles (case 4158). Police on scene.,102,us,,,,,,,
A-350,2.0,OH,City 0,County 10,Highway 50,2016-02-08 07:39:07,Accident reported on Highway 50 causing major traffic backup for 1 miles (case 350). Police on scene.,101,us,,,,,,,
A-1189,2.0,OH,City 39,County 9,Highway 89,2016-02-08 07:39:07,Accident reported on Highway 89 causing major traffic backup for 5 miles (case 1189). Police on scene.,102,us,,,,,,,
A-4003,2.0,OH,City 3,County 3,Highway 3,2016-02-08 07:39:07,Accident reported on Highway 3 causing major traffic backup for 4 miles (case 4003). Police on scene.,101,us,,,,,,,
A-1519,2.0,OH,City 19,County 19,Highway 19,2016-02-08 07:39:07,Accident reported on Highway 19 causing major traffic backup for 5 miles (case 1519). Police on scene.,102,us,,,,,,,
A-4669,2.0,OH,City 19,County 9,Highway 69,2016-02-08 07:39:07,Accident reported on Highway 69 causing major traffic backup for 5 miles (case 4669). Police on scene.,102,us,,,,,,,
A-582,2.0,OH,City 32,County 2,Highway 82,2016-02-08 07:39:07,Accident reported on Highway 82 causing major traffic backup for 3 miles (case 582). Police on scene.,101,us,,,,,,,
A-79,2.0,OH,City 29,County 19,Highway 79,2016-02-08 07:39:07,Accident reported on Highway 79 causing major traffic backup for 5 miles (case 79). Police on scene.,100,us,,,,,,,
A-1433,2.0,OH,City 33,County 13,Highway 33,2016-02-08 07:39:07,Accident reported on Highway 33 causing major traffic backup for 4 miles (case 1433). Police on scene.,102,us,,,,,,,
A-4447,2.0,OH,City 47,County 7,Highway 47,2016-02-08 07:39:07,Accident reported on Highway 47 causing major traffic backup for 3 miles (case 4447). Police on scene.,102,us,,,,,,,
A-4431,2.0,OH,City 31,County 11,Highway 31,2016-02-08 07:39:07,Accident reported on Highway 31 causing major traffic backup for 2 miles (case 4431). Police on scene.,102,us,,,,,,,
A-2750,2.0,OH,City 0,County 10,Highway 50,2016-02-08 07:39:07,Accident reported on Highway 50 causing major traffic backup for 1 miles (case 2750). Police on scene.,102,us,,,,,,,
A-4952,2.0,OH,City 2,County 12,Highway 52,2016-02-08 07:39:07,Accident reported on Highway 52 causing major traffic backup for 3 miles (case 4952). Police on scene.,102,us,,,,,,,
A-1850,2.0,OH,City 0,County 10,Highway 50,2016-02-08 07:39:07,Accident reported on Highway 50 causing major traffic backup for 1 miles (case 1850). Police on scene.,102,us,,,,,,,
A-135,2.0,OH,City 35,County 15,Highway 35,2016-02-08 07:39:07,Accident reported on Highway 35 causing major traffic backup for 1 miles (case 135). Police on scene.,101,us,,,,,,,
A-182,2.0,OH,City 32,County 2,Highway 82,2016-02-08 07:39:07,Accident reported on Highway 82 causing major traffic backup for 3 miles (case 182). Police on scene.,101,us,,,,,,,
A-2897,2.0,OH,City 47,County 17,Highway 97,2016-02-08 07:39:07,Accident reported on Highway 97 causing major traffic backup for 3 miles (case 2897). Police on scene.,102,us,,,,,,,
A-4467,2.0,OH,City 17,County 7,Highway 67,2016-02-08 07:39:07,Accident reported on Highway 67 causing major traffic backup for 3 miles (case 4467). Police on scene.,102,us,,,,,,,
A-4895,2.0,OH,City 45,County 15,Highway 95,2016-02-08 07:39:07,Accident reported on Highway 95 causing major traffic backup for 1 miles (case 4895). Police on scene.,102,us,,,,,,,
A-2521,2.0,OH,City 21,County 1,Highway 21,2016-02-08 07:39:07,Accident reported on Highway 21 causing major traffic backup for 2 miles (case 2521). Police on scene.,102,us,,,,,,,
A-1846,2.0,OH,City 46,County 6,Highway 46,2016-02-08 07:39:07,Accident reported on Highway 46 causing major traffic backup for 2 miles (case 1846). Police on scene.,102,us,,,,,,,
A-2098,2.0,OH,City 48,County 18,Highway 98,2016-02-08 07:39:07,Accident reported on Highway 98 causing major traffic backup for 4 miles (case 2098). Police on scene.,102,us,,,,,,,
A-2537,2.0,OH,City 37,County 17,Highway 37,2016-02-08 07:39:07,Accident reported on Highway 37 causing major traffic backup for 3 miles (case 2537). Police on scene.,102,us,,,,,,,
A-4279,2.0,OH,City 29,County 19,Highway 79,2016-02-08 07:39:07,Accident reported on Highway 79 causing major traffic backup for 5 miles (case 4279). Police on scene.,102,us,,,,,,,
A-608,2.0,OH,City 8,County 8,Highway 8,2016-02-08 07:39:07,Accident reported on Highway 8 causing major traffic backup for 4 miles (case 608). Police on scene.,100,us,,,,,,,
A-2626,2.0,OH,City 26,County 6,Highway 26,2016-02-08 07:39:07,Accident reported on Highway 26 causing major traffic backup for 2 miles (case 2626). Police on scene.,102,us,,,,,,,
A-29,2.0,OH,City 29,County 9,Highway 29,2016-02-08 07:39:07,Accident reported on Highway 29 causing major traffic backup for 5 miles (case 29). Police on scene.,100,us,,,,,,,
A-662,2.0,OH,City 12,County 2,Highway 62,2016-02-08 07:39:07,Accident reported on Highway 62 causing major traffic backup for 3 miles (case 662). Police on scene.,101,us,,,,,,,
A-3326,2.0,OH,City 26,County 6,Highway 26,2016-02-08 07:39:07,Accident reported on Highway 26 causing major traffic backup for 2 miles (case 3326). Police on scene.,102,us,,,,,,,
A-3315,2.0,OH,City 15,County 15,Highway 15,2016-02-08 07:39:07,Accident reported on Highway 15 causing major traffic backup for 1 miles (case 3315). Police on scene.,102,us,,,,,,,
A-3974,2.0,OH,City 24,County 14,Highway 74,2016-02-08 07:39:07,Accident reported on Highway 74 causing major traffic backup for 5 miles (case 3974). Police on scene.,102,us,,,,,,,
A-177,2.0,OH,City 27,County 17,Highway 77,2016-02-08 07:39:07,Accident reported on Highway 77 causing major traffic backup for 3 miles (case 177). Police on scene.,101,us,,,,,,,
A-1615,2.0,OH,City 15,County 15,Highway 15,2016-02-08 07:39:07,Accident reported on Highway 15 causing major traffic backup for 1 miles (case 1615). Police on scene.,102,us,,,,,,,
A-441,2.0,OH,City 41,County 1,Highway 41,2016-02-08 07:39:07,Accident reported on Highway 41 causing major traffic backup for 2 miles (case 441). Police on scene.,101,us,,,,,,,
A-335,2.0,OH,City 35,County 15,Highway 35,2016-02-08 07:39:07,Accident reported on Highway 35 causing major traffic backup for 1 miles (case 335). Police on scene.,101,us,,,,,,,
A-3098,2.0,OH,City 48,County 18,Highway 98,2016-02-08 07:39:07,Accident reported on Highway 98 causing major traffic backup for 4 miles (case 3098). Police on scene.,102,us,,,,,,,
A-1458,2.0,OH,City 8,County 18,Highway 58,2016-02-08 07:39:07,Accident reported on Highway 58 causing major traffic backup for 4 miles (case 1458). Police on scene.,102,us,,,,,,,
A-346,2.0,OH,City 46,County 6,Highway 46,2016-02-08 07:39:07,Accident reported on Highway 46 causing major traffic backup for 2 miles (case 346). Police on scene.,101,us,,,,,,,
A-3196,2.0,OH,City 46,County 16,Highway 96,2016-02-08 07:39:07,Accident reported on Highway 96 causing major traffic backup for 2 miles (case 3196). Police on scene.,102,us,,,,,,,
A-2898,2.0,OH,City 48,County 18,Highway 98,2016-02-08 07:39:07,Accident reported on Highway 98 causing major traffic backup for 4 miles (case 2898). Police on scene.,102,us,,,,,,,
A-1092,2.0,OH,City 42,County 12,Highway 92,2016-02-08 07:39:07,Accident reported on Highway 92 causing major traffic backup for 3 miles (case 1092). Police on scene.,102,us,,,,,,,
A-483,2.0,OH,City 33,County 3,Highway 83,2016-02-08 07:39:07,Accident reported on Highway 83 causing major traffic backup for 4 miles (case 483). Police on scene.,101,us,,,,,,,
A-731,2.0,OH,City 31,County 11,Highway 31,2016-02-08 07:39:07,Accident reported on Highway 31 causing major traffic backup for 2 miles (case 731). Police on scene.,101,us,,,,,,,
A-3819,2.0,OH,City 19,County 19,Highway 19,2016-02-08 07:39:07,Accident reported on Highway 19 causing major traffic backup for 5 miles (case 3819). Police on scene.,102,us,,,,,,,
A-980,2.0,OH,City 30,County 0,Highway 80,2016-02-08 07:39:07,Accident reported on Highway 80 causing major traffic backup for 1 miles (case 980). Police on scene.,101,us,,,,,,,
A-2095,2.0,OH,City 45,County 15,Highway 95,2016-02-08 07:39:07,Accident reported on Highway 95 causing major traffic backup for 1 miles (case 2095). Police on scene.,102,us,,,,,,,
A-4687,2.0,OH,City 37,County 7,Highway 87,2016-02-08 07:39:07,Accident reported on Highway 87 causing major traffic backup for 3 miles (case 4687). Police on scene.,102,us,,,,,,,
A-1932,2.0,OH,City 32,County 12,Highway 32,2016-02-08 07:39:07,Accident reported on Highway 32 causing major traffic backup for 3 miles (case 1932). Police on scene.,102,us,,,,,,,
A-1472,2.0,OH,City 22,County 12,Highway 72,2016-02-08 07:39:07,Accident reported on Highway 72 causing major traffic backup for 3 miles (case 1472). Police on scene.,102,us,,,,,,,
A-1228,2.0,OH,City 28,County 8,Highway 28,2016-02-08 07:39:07,Accident reported on Highway 28 causing major traffic backup for 4 miles (case 1228). Police on scene.,102,us,,,,,,,
A-2161,2.0,OH,City 11,County 1,Highway 61,2016-02-08 07:39:07,Accident reported on Highway 61 causing major traffic backup for 2 miles (case 2161). Police on scene.,102,us,,,,,,,
A-1956,2.0,OH,City 6,County 16,Highway 56,2016-02-08 07:39:07,Accident reported on Highway 56 causing major traffic backup for 2 miles (case 1956). Police on scene.,102,us,,,,,,,
A-4830,2.0,OH,City 30,County 10,Highway 30,2016-02-08 07:39:07,Accident reported on Highway 30 causing major traffic backup for 1 miles (case 4830). Police on scene.,102,us,,,,,,,
A-3234,2.0,OH,City 34,County 14,Highway 34,2016-02-08 07:39:07,Accident reported on Highway 34 causing major traffic backup for 5 miles (case 3234). Police on scene.,102,us,,,,,,,
A-1896,2.0,OH,City 46,County 16,Highway 96,2016-02-08 07:39:07,Accident reported on Highway 96 causing major traffic backup for 2 miles (case 1896). Police on scene.,102,us,,,,,,,
A-1303,2.0,OH,City 3,County 3,Highway 3,2016-02-08 07:39:07,Accident reported on Highway 3 causing major traffic backup for 4 miles (case 1303). Police on scene.,101,us,,,,,,,
A-2988,2.0,OH,City 38,County 8,Highway 88,2016-02-08 07:39:07,Accident reported on Highway 88 causing major traffic backup for 4 miles (case 2988). Police on scene.,102,us,,,,,,,
A-4599,2.0,OH,City 49,County 19,Highway 99,2016-02-08 07:39:07,Accident reported on Highway 99 causing major traffic backup for 5 miles (case 4599). Police on scene.,102,us,,,,,,,
A-664,2.0,OH,City 14,County 4,Highway 64,2016-02-08 07:39:07,Accident reported on Highway 64 causing major traffic backup for 5 miles (case 664). Police on scene.,101,us,,,,,,,
A-4023,2.0,OH,City 23,County 3,Highway 23,2016-02-08 07:39:07,Accident reported on Highway 23 causing major traffic backup for 4 miles (case 4023). Police on scene.,102,us,,,,,,,
A-2393,2.0,OH,City 43,County 13,Highway 93,2016-02-08 07:39:07,Accident reported on Highway 93 causing major traffic backup for 4 miles (case 2393). Police on scene.,102,us,,,,,,,
A-2782,2.0,OH,City 32,County 2,Highway 82,2016-02-08 07:39:07,Accident reported on Highway 82 causing major traffic backup for 3 miles (case 2782). Police on scene.,102,us,,,,,,,
A-2974,2.0,OH,City 24,County 14,Highway 74,2016-02-08 07:39:07,Accident reported on Highway 74 causing major traffic backup for 5 miles (case 2974). Police on scene.,102,us,,,,,,,
A-3824,2.0,OH,City 24,County 4,Highway 24,2016-02-08 07:39:07,Accident reported on Highway 24 causing major traffic backup for 5 miles (case 3824). Police on scene.,102,us,,,,,,,
A-2190,2.0,OH,City 40,County 10,Highway 90,2016-02-08 07:39:07,Accident reported on Highway 90 causing major traffic backup for 1 miles (case 2190). Police on scene.,102,us,,,,,,,
A-3850,2.0,OH,City 0,County 10,Highway 50,2016-02-08 07:39:07,Accident reported on Highway 50 causing major traffic backup for 1 miles (case 3850). Police on scene.,102,us,,,,,,,
A-271,2.0,OH,City 21,County 11,Highway 71,2016-02-08 07:39:07,Accident reported on Highway 71 causing major traffic backup for 2 miles (case 271). Police on scene.,101,us,,,,,,,
A-2702,2.0,OH,City 2,County 2,Highway 2,2016-02-08 07:39:07,Accident reported on Highway 2 causing major traffic backup for 3 miles (case 2702). Police on scene.,101,us,,,,,,,
A-3005,2.0,OH,City 5,County 5,Highway 5,2016-02-08 07:39:07,Accident reported on Highway 5 causing major traffic backup for 1 miles (case 3005). Police on scene.,101,us,,,,,,,
A-4762,2.0,OH,City 12,County 2,Highway 62,2016-02-08 07:39:07,Accident reported on Highway 62 causing major traffic backup for 3 miles (case 4762). Police on scene.,102,us,,,,,,,
A-3593,2.0,OH,City 43,County 13,Highway 93,2016-02-08 07:39:07,Accident reported on Highway 93 causing major traffic backup for 4 miles (case 3593). Police on scene.,102,us,,,,,,,
A-3642,2.0,OH,City 42,County 2,Highway 42,2016-02-08 07:39:07,Accident reported on Highway 42 causing major traffic backup for 3 miles (case 3642). Police on scene.,102,us,,,,,,,
A-3720,2.0,OH,City 20,County 0,Highway 20,2016-02-08 07:39:07,Accident reported on Highway 20 causing major traffic backup for 1 miles (case 3720). Police on scene.,102,us,,,,,,,
A-3189,2.0,OH,City 39,County 9,Highway 89,2016-02-08 07:39:07,Accident reported on Highway 89 causing major traffic backup for 5 miles (case 3189). Police on scene.,102,us,,,,,,,
A-1282,2.0,OH,City 32,County 2,Highway 82,2016-02-08 07:39:07,Accident reported on Highway 82 causing major traffic backup for 3 miles (case 1282). Police on scene.,102,us,,,,,,,
A-4904,2.0,OH,City 4,County 4,Highway 4,2016-02-08 07:39:07,Accident reported on Highway 4 causing major traffic backup for 5 miles (case 4904). Police on scene.,101,us,,,,,,,
A-3068,2.0,OH,City 18,County 8,Highway 68,2016-02-08 07:39:07,Accident reported on Highway 68 causing major traffic backup for 4 miles (case 3068). Police on scene.,102,us,,,,,,,
A-2677,2.0,OH,City 27,County 17,Highway 77,2016-02-08 07:39:07,Accident reported on Highway 77 causing major traffic backup for 3 miles (case 2677). Police on scene.,102,us,,,,,,,
A-1625,2.0,OH,City 25,County 5,Highway 25,2016-02-08 07:39:07,Accident reported on Highway 25 causing major traffic backup for 1 miles (case 1625). Police on scene.,102,us,,,,,,,
A-4104,2.0,OH,City 4,County 4,Highway 4,2016-02-08 07:39:07,Accident reported on Highway 4 causing major traffic backup for 5 miles (case 4104). Police on scene.,101,us,,,,,,,
A-2855,2.0,OH,City 5,County 15,Highway 55,2016-02-08 07:39:07,Accident reported on Highway 55 causing major traffic backup for 1 miles (case 2855). Police on scene.,102,us,,,,,,,
A-1900,2.0,OH,City 0,County 0,Highway 0,2016-02-08 07:39:07,Accident reported on Highway 0 causing major traffic backup for 1 miles (case 1900). Police on scene.,101,us,,,,,,,
A-3921,2.0,OH,City 21,County 1,Highway 21,2016-02-08 07:39:07,Accident reported on Highway 21 causing major traffic backup for 2 miles (case 3921). Police on scene.,102,us,,,,,,,
A-3012,2.0,OH,City 12,County 12,Highway 12,2016-02-08 07:39:07,Accident reported on Highway 12 causing major traffic backup for 3 miles (case 3012). Police on scene.,102,us,,,,,,,
A-2829,2.0,OH,City 29,County 9,Highway 29,2016-02-08 07:39:07,Accident reported on Highway 29 causing major traffic backup for 5 miles (case 2829). Police on scene.,102,us,,,,,,,
A-71,2.0,OH,City 21,County 11,Highway 71,2016-02-08 07:39:07,Accident reported on Highway 71 causing major traffic backup for 2 miles (case 71). Police on scene.,100,us,,,,,,,
A-2579,2.0,OH,City 29,County 19,Highway 79,2016-02-08 07:39:07,Accident reported on Highway 79 causing major traffic backup for 5 miles (case 2579). Police on scene.,102,us,,,,,,,
A-4077,2.0,OH,City 27,County 17,Highway 77,2016-02-08 07:39:07,Accident reported on Highway 77 causing major traffic backup for 3 miles (case 4077). Police on scene.,102,us,,,,,,,
A-225,2.0,OH,City 25,County 5,Highway 25,2016-02-08 07:39:07,Accident reported on Highway 25 causing major traffic backup for 1 miles (case 225). Police on scene.,101,us,,,,,,,
A-337,2.0,OH,City 37,County 17,Highway 37,2016-02-08 07:39:07,Accident reported on Highway 37 causing major traffic backup for 3 miles (case 337). Police on scene.,101,us,,,,,,,
A-1982,2.0,OH,City 32,County 2,Highway 82,2016-02-08 07:39:07,Accident reported on Highway 82 causing major traffic backup for 3 miles (case 1982). Police on scene.,102,us,,,,,,,
A-4201,2.0,OH,City 1,County 1,Highway 1,2016-02-08 07:39:07,Accident reported on Highway 1 causing major traffic backup for 2 miles (case 4201). Police on scene.,101,us,,,,,,,
A-3787,2.0,OH,City 37,County 7,Highway 87,2016-02-08 07:39:07,Accident reported on Highway 87 causing major traffic backup for 3 miles (case 3787). Police on scene.,102,us,,,,,,,
A-824,2.0,OH,City 24,County 4,Highway 24,2016-02-08 07:39:07,Accident reported on Highway 24 causing major traffic backup for 5 miles (case 824). Police on scene.,101,us,,,,,,,
A-1230,2.0,OH,City 30,County 10,Highway 30,2016-02-08 07:39:07,Accident reported on Highway 30 causing major traffic backup for 1 miles (case 1230). Police on scene.,102,us,,,,,,,
A-2989,2.0,OH,City 39,County 9,Highway 89,2016-02-08 07:39:07,Accident reported on Highway 89 causing major traffic backup for 5 miles (case 2989). Police on scene.,102,us,,,,,,,
A-3952,2.0,OH,City 2,County 12,Highway 52,2016-02-08 07:39:07,Accident reported on Highway 52 causing major traffic backup for 3 miles (case 3952). Police on scene.,102,us,,,,,,,
A-3042,2.0,OH,City 42,County 2,Highway 42,2016-02-08 07:39:07,Accident reported on Highway 42 causing major traffic backup for 3 miles (case 3042). Police on scene.,102,us,,,,,,,
A-4458,2.0,OH,City 8,County 18,Highway 58,2016-02-08 07:39:07,Accident reported on Highway 58 causing major traffic backup for 4 miles (case 4458). Police on scene.,102,us,,,,,,,
A-4270,2.0,OH,City 20,County 10,Highway 70,2016-02-08 07:39:07,Accident reported on Highway 70 causing major traffic backup for 1 miles (case 4270). Police on scene.,102,us,,,,,,,
A-4630,2.0,OH,City 30,County 10,Highway 30,2016-02-08 07:39:07,Accident reported on Highway 30 causing major traffic backup for 1 miles (case 4630). Police on scene.,102,us,,,,,,,
A-1147,2.0,OH,City 47,County 7,Highway 47,2016-02-08 07:39:07,Accident reported on Highway 47 causing major traffic backup for 3 miles (case 1147). Police on scene.,102,us,,,,,,,
A-401,2.0,OH,City 1,County 1,Highway 1,2016-02-08 07:39:07,Accident reported on Highway 1 causing major traffic backup for 2 miles (case 401). Police on scene.,100,us,,,,,,,
A-2904,2.0,OH,City 4,County 4,Highway 4,2016-02-08 07:39:07,Accident reported on Highway 4 causing major traffic backup for 5 miles (case 2904). Police on scene.,101,us,,,,,,,
A-4454,2.0,OH,City 4,County 14,Highway 54,2016-02-08 07:39:07,Accident reported on Highway 54 causing major traffic backup for 5 miles (case 4454). Police on scene.,102,us,,,,,,,
A-2758,2.0,OH,City 8,County 18,Highway 58,2016-02-08 07:39:07,Accident reported on Highway 58 causing major traffic backup for 4 miles (case 2758). Police on scene.,102,us,,,,,,,
A-1402,2.0,OH,City 2,County 2,Highway 2,2016-02-08 07:39:07,Accident reported on Highway 2 causing major traffic backup for 3 miles (case 1402). Police on scene.,101,us,,,,,,,
A-1663,2.0,OH,City 13,County 3,Highway 63,2016-02-08 07:39:07,Accident reported on Highway 63 causing major traffic backup for 4 miles (case 1663). Police on scene.,102,us,,,,,,,
A-983,2.0,OH,City 33,County 3,Highway 83,2016-02-08 07:39:07,Accident reported on Highway 83 causing major traffic backup for 4 miles (case 983). Police on scene.,101,us,,,,,,,
A-1302,2.0,OH,City 2,County 2,Highway 2,2016-02-08 07:39:07,Accident reported on Highway 2 causing major traffic backup for 3 miles (case 1302). Police on scene.,101,us,,,,,,,
A-2263,2.0,OH,City 13,County 3,Highway 63,2016-02-08 07:39:07,Accident reported on Highway 63 causing major traffic backup for 4 miles (case 2263). Police on scene.,102,us,,,,,,,
A-86,2.0,OH,City 36,County 6,Highway 86,2016-02-08 07:39:07,Accident reported on Highway 86 causing major traffic backup for 2 miles (case 86). Police on scene.,100,us,,,,,,,
A-2525,2.0,OH,City 25,County 5,Highway 25,2016-02-08 07:39:07,Accident reported on Highway 25 causing major traffic backup for 1 miles (case 2525). Police on scene.,102,us,,,,,,,
A-3707,2.0,OH,City 7,County 7,Highway 7,2016-02-08 07:39:07,Accident reported on Highway 7 causing major traffic backup for 3 miles (case 3707). Police on scene.,101,us,,,,,,,
A-3736,2.0,OH,City 36,County 16,Highway 36,2016-02-08 07:39:07,Accident reported on Highway 36 causing major traffic backup for 2 miles (case 3736). Police on scene.,102,us,,,,,,,
A-3778,2.0,OH,City 28,County 18,Highway 78,2016-02-08 07:39:07,Accident reported on Highway 78 causing major traffic backup for 4 miles (case 3778). Police on scene.,102,us,,,,,,,
A-2288,2.0,OH,City 38,County 8,Highway 88,2016-02-08 07:39:07,Accident reported on Highway 88 causing major traffic backup for 4 miles (case 2288). Police on scene.,102,us,,,,,,,
A-427,2.0,OH,City 27,County 7,Highway 27,2016-02-08 07:39:07,Accident reported on Highway 27 causing major traffic backup for 3 miles (case 427). Police on scene.,101,us,,,,,,,
A-4340,2.0,OH,City 40,County 0,Highway 40,2016-02-08 07:39:07,Accident reported on Highway 40 causing major traffic backup for 1 miles (case 4340). Police on scene.,102,us,,,,,,,
A-1908,2.0,OH,City 8,County 8,Highway 8,2016-02-08 07:39:07,Accident reported on Highway 8 causing major traffic backup for 4 miles (case 1908). Police on scene.,101,us,,,,,,,
A-4539,2.0,OH,City 39,County 19,Highway 39,2016-02-08 07:39:07,Accident reported on Highway 39 causing major traffic backup for 5 miles (case 4539). Police on scene.,102,us,,,,,,,
A-3350,2.0,OH,City 0,County 10,Highway 50,2016-02-08 07:39:07,Accident reported on Highway 50 causing major traffic backup for 1 miles (case 3350). Police on scene.,102,us,,,,,,,
A-3100,2.0,OH,City 0,County 0,Highway 0,2016-02-08 07:39:07,Accident reported on Highway 0 causing major traffic backup for 1 miles (case 3100). Police on scene.,101,us,,,,,,,
A-1569,2.0,OH,City 19,County 9,Highway 69,2016-02-08 07:39:07,Accident reported on Highway 69 causing major traffic backup for 5 miles (case 1569). Police on scene.,102,us,,,,,,,
A-3353,2.0,OH,City 3,County 13,Highway 53,2016-02-08 07:39:07,Accident reported on Highway 53 causing major traffic backup for 4 miles (case 3353). Police on scene.,102,us,,,,,,,
A-843,2.0,OH,City 43,County 3,Highway 43,2016-02-08 07:39:07,Accident reported on Highway 43 causing major traffic backup for 4 miles (case 843). Police on scene.,101,us,,,,,,,
A-504,2.0,OH,City 4,County 4,Highway 4,2016-02-08 07:39:07,Accident reported on Highway 4 causing major traffic backup for 5 miles (case 504). Police on scene.,100,us,,,,,,,
A-145,2.0,OH,City 45,County 5,Highway 45,2016-02-08 07:39:07,Accident reported on Highway 45 causing major traffic backup for 1 miles (case 145). Police on scene.,101,us,,,,,,,
A-1381,2.0,OH,City 31,County 1,Highway 81,2016-02-08 07:39:07,Accident reported on Highway 81 causing major traffic backup for 2 miles (case 1381). Police on scene.,102,us,,,,,,,
A-3695,2.0,OH,City 45,County 15,Highway 95,2016-02-08 07:39:07,Accident reported on Highway 95 causing major traffic backup for 1 miles (case 3695). Police on scene.,102,us,,,,,,,
A-3376,2.0,OH,City 26,County 16,Highway 76,2016-02-08 07:39:07,Accident reported on Highway 76 causing major traffic backup for 2 miles (case 3376). Police on scene.,102,us,,,,,,,
A-1142,2.0,OH,City 42,County 2,Highway 42,2016-02-08 07:39:07,Accident reported on Highway 42 causing major traffic backup for 3 miles (case 1142). Police on scene.,102,us,,,,,,,
A-2596,2.0,OH,City 46,County 16,Highway 96,2016-02-08 07:39:07,Accident reported on Highway 96 causing major traffic backup for 2 miles (case 2596). Police on scene.,102,us,,,,,,,
A-1791,2.0,OH,City 41,County 11,Highway 91,2016-02-08 07:39:07,Accident reported on Highway 91 causing major traffic backup for 2 miles (case 1791). Police on scene.,102,us,,,,,,,
A-2565,2.0,OH,City 15,County 5,Highway 65,2016-02-08 07:39:07,Accident reported on Highway 65 causing major traffic backup for 1 miles (case 2565). Police on scene.,102,us,,,,,,,
A-554,2.0,OH,City 4,County 14,Highway 54,2016-02-08 07:39:07,Accident reported on Highway 54 causing major traffic backup for 5 miles (case 554). Police on scene.,101,us,,,,,,,
A-3843,2.0,OH,City 43,County 3,Highway 43,2016-02-08 07:39:07,Accident reported on Highway 43 causing major traffic backup for 4 miles (case 3843). Police on scene.,102,us,,,,,,,
A-2023,2.0,OH,City 23,County 3,Highway 23,2016-02-08 07:39:07,Accident reported on Highway 23 causing major traffic backup for 4 miles (case 2023). Police on scene.,102,us,,,,,,,
A-952,2.0,OH,City 2,County 12,Highway 52,2016-02-08 07:39:07,Accident reported on Highway 52 causing major traffic backup for 3 miles (case 952). Police on scene.,101,us,,,,,,,
A-2410,2.0,OH,City 10,County 10,Highway 10,2016-02-08 07:39:07,Accident reported on Highway 10 causing major traffic backup for 1 miles (case 2410). Police on scene.,102,us,,,,,,,
A-536,2.0,OH,City 36,County 16,Highway 36,2016-02-08 07:39:07,Accident reported on Highway 36 causing major traffic backup for 2 miles (case 536). Police on scene.,101,us,,,,,,,
A-1833,2.0,OH,City 33,County 13,Highway 33,2016-02-08 07:39:07,Accident reported on Highway 33 causing major traffic backup for 4 miles (case 1833). Police on scene.,102,us,,,,,,,
A-4937,2.0,OH,City 37,County 17,Highway 37,2016-02-08 07:39:07,Accident reported on Highway 37 causing major traffic backup for 3 miles (case 4937). Police on scene.,102,us,,,,,,,
A-4419,2.0,OH,City 19,County 19,Highway 19,2016-02-08 07:39:07,Accident reported on Highway 19 causing major traffic backup for 5 miles (case 4419). Police on scene.,102,us,,,,,,,
A-3868,2.0,OH,City 18,County 8,Highway 68,2016-02-08 07:39:07,Accident reported on Highway 68 causing major traffic backup for 4 miles (case 3868). Police on scene.,102,us,,,,,,,
A-1606,2.0,OH,City 6,County 6,Highway 6,2016-02-08 07:39:07,Accident reported on Highway 6 causing major traffic backup for 2 miles (case 1606). Police on scene.,101,us,,,,,,,
A-643,2.0,OH,City 43,County 3,Highway 43,2016-02-08 07:39:07,Accident reported on Highway 43 causing major traffic backup for 4 miles (case 643). Police on scene.,101,us,,,,,,,
A-4832,2.0,OH,City 32,County 12,Highway 32,2016-02-08 07:39:07,Accident reported on Highway 32 causing major traffic backup for 3 miles (case 4832). Police on scene.,102,us,,,,,,,
A-971,2.0,OH,City 21,County 11,Highway 71,2016-02-08 07:39:07,Accident reported on Highway 71 causing major traffic backup for 2 miles (case 971). Police on scene.,101,us,,,,,,,
A-4238,2.0,OH,City 38,County 18,Highway 38,2016-02-08 07:39:07,Accident reported on Highway 38 causing major traffic backup for 4 miles (case 4238). Police on scene.,102,us,,,,,,,
A-2624,2.0,OH,City 24,County 4,Highway 24,2016-02-08 07:39:07,Accident reported on Highway 24 causing major traffic backup for 5 miles (case 2624). Police on scene.,102,us,,,,,,,
A-1687,2.0,OH,City 37,County 7,Highway 87,2016-02-08 07:39:07,Accident reported on Highway 87 causing major traffic backup for 3 miles (case 1687). Police on scene.,102,us,,,,,,,
A-4471,2.0,OH,City 21,County 11,Highway 71,2016-02-08 07:39:07,Accident reported on Highway 71 causing major traffic backup for 2 miles (case 4471). Police on scene.,102,us,,,,,,,
A-2341,2.0,OH,City 41,County 1,Highway 41,2016-02-08 07:39:07,Accident reported on Highway 41 causing major traffic backup for 2 miles (case 2341). Police on scene.,102,us,,,,,,,
A-159,2.0,OH,City 9,County 19,Highway 59,2016-02-08 07:39:07,Accident reported on Highway 59 causing major traffic backup for 5 miles (case 159). Police on scene.,101,us,,,,,,,
A-4024,2.0,OH,City 24,County 4,Highway 24,2016-02-08 07:39:07,Accident reported on Highway 24 causing major traffic backup for 5 miles (case 4024). Police on scene.,102,us,,,,,,,
A-4220,2.0,OH,City 20,County 0,Highway 20,2016-02-08 07:39:07,Accident reported on Highway 20 causing major traffic backup for 1 miles (case 4220). Police on scene.,102,us,,,,,,,
A-1093,2.0,OH,City 43,County 13,Highway 93,2016-02-08 07:39:07,Accident reported on Highway 93 causing major traffic backup for 4 miles (case 1093). Police on scene.,102,us,,,,,,,
A-2654,2.0,OH,City 4,County 14,Highway 54,2016-02-08 07:39:07,Accident reported on Highway 54 causing major traffic backup for 5 miles (case 2654). Police on scene.,102,us,,,,,,,
A-4241,2.0,OH,City 41,County 1,Highway 41,2016-02-08 07:39:07,Accident reported on Highway 41 causing major traffic backup for 2 miles (case 4241). Police on scene.,102,us,,,,,,,
A-292,2.0,OH,City 42,County 12,Highway 92,2016-02-08 07:39:07,Accident reported on Highway 92 causing major traffic backup for 3 miles (case 292). Police on scene.,101,us,,,,,,,
A-934,2.0,OH,City 34,County 14,Highway 34,2016-02-08 07:39:07,Accident reported on Highway 34 causing major traffic backup for 5 miles (case 934). Police on scene.,101,us,,,,,,,
A-2618,2.0,OH,City 18,County 18,Highway 18,2016-02-08 07:39:07,Accident reported on Highway 18 causing major traffic backup for 4 miles (case 2618). Police on scene.,102,us,,,,,,,
A-2373,2.0,OH,City 23,County 13,Highway 73,2016-02-08 07:39:07,Accident reported on Highway 73 causing major traffic backup for 4 miles (case 2373). Police on scene.,102,us,,,,,,,
A-3369,2.0,OH,City 19,County 9,Highway 69,2016-02-08 07:39:07,Accident reported on Highway 69 causing major traffic backup for 5 miles (case 3369). Police on scene.,102,us,,,,,,,
A-4959,2.0,OH,City 9,County 19,Highway 59,2016-02-08 07:39:07,Accident reported on Highway 59 causing major traffic backup for 5 miles (case 4959). Police on scene.,102,us,,,,,,,
A-3289,2.0,OH,City 39,County 9,Highway 89,2016-02-08 07:39:07,Accident reported on Highway 89 causing major traffic backup for 5 miles (case 3289). Police on scene.,102,us,,,,,,,
A-946,2.0,OH,City 46,County 6,Highway 46,2016-02-08 07:39:07,Accident reported on Highway 46 causing major traffic backup for 2 miles (case 946). Police on scene.,101,us,,,,,,,
A-3856,2.0,OH,City 6,County 16,Highway 56,2016-02-08 07:39:07,Accident reported on Highway 56 causing major traffic backup for 2 miles (case 3856). Police on scene.,102,us,,,,,,,
A-4970,2.0,OH,City 20,County 10,Highway 70,2016-02-08 07:39:07,Accident reported on Highway 70 causing major traffic backup for 1 miles (case 4970). Police on scene.,102,us,,,,,,,
A-1702,2.0,OH,City 2,County 2,Highway 2,2016-02-08 07:39:07,Accident reported on Highway 2 causing major traffic backup for 3 miles (case 1702). Police on scene.,101,us,,,,,,,
A-4708,2.0,OH,City 8,County 8,Highway 8,2016-02-08 07:39:07,Accident reported on Highway 8 causing major traffic backup for 4 miles (case 4708). Police on scene.,101,us,,,,,,,
A-4680,2.0,OH,City 30,County 0,Highway 80,2016-02-08 07:39:07,Accident reported on Highway 80 causing major traffic backup for 1 miles (case 4680). Police on scene.,102,us,,,,,,,
A-4678,2.0,OH,City 28,County 18,Highway 78,2016-02-08 07:39:07,Accident reported on Highway 78 causing major traffic backup for 4 miles (case 4678). Police on scene.,102,us,,,,,,,
A-2809,2.0,OH,City 9,County 9,Highway 9,2016-02-08 07:39:07,Accident reported on Highway 9 causing major traffic backup for 5 miles (case 2809). Police on scene.,101,us,,,,,,,
A-989,2.0,OH,City 39,County 9,Highway 89,2016-02-08 07:39:07,Accident reported on Highway 89 causing major traffic backup for 5 miles (case 989). Police on scene.,101,us,,,,,,,
A-2771,2.0,OH,City 21,County 11,Highway 71,2016-02-08 07:39:07,Accident reported on Highway 71 causing major traffic backup for 2 miles (case 2771). Police on scene.,102,us,,,,,,,
A-2333,2.0,OH,City 33,County 13,Highway 33,2016-02-08 07:39:07,Accident reported on Highway 33 causing major traffic backup for 4 miles (case 2333). Police on scene.,102,us,,,,,,,
A-2224,2.0,OH,City 24,County 4,Highway 24,2016-02-08 07:39:07,Accident reported on Highway 24 causing major traffic backup for 5 miles (case 2224). Police on scene.,102,us,,,,,,,
A-4777,2.0,OH,City 27,County 17,Highway 77,2016-02-08 07:39:07,Accident reported on Highway 77 causing major traffic backup for 3 miles (case 4777). Police on scene.,102,us,,,,,,,
A-985,2.0,OH,City 35,County 5,Highway 85,2016-02-08 07:39:07,Accident reported on Highway 85 causing major traffic backup for 1 miles (case 985). Police on scene.,101,us,,,,,,,
A-2491,2.0,OH,City 41,County 11,Highway 91,2016-02-08 07:39:07,Accident reported on Highway 91 causing major traffic backup for 2 miles (case 2491). Police on scene.,102,us,,,,,,,
A-4151,2.0,OH,City 1,County 11,Highway 51,2016-02-08 07:39:07,Accident reported on Highway 51 causing major traffic backup for 2 miles (case 4151). Police on scene.,102,us,,,,,,,
A-3158,2.0,OH,City 8,County 18,Highway 58,2016-02-08 07:39:07,Accident reported on Highway 58 causing major traffic backup for 4 miles (case 3158). Police on scene.,102,us,,,,,,,
A-4564,2.0,OH,City 14,County 4,Highway 64,2016-02-08 07:39:07,Accident reported on Highway 64 causing major traffic backup for 5 miles (case 4564). Police on scene.,102,us,,,,,,,
A-3661,2.0,OH,City 11,County 1,Highway 61,2016-02-08 07:39:07,Accident reported on Highway 61 causing major traffic backup for 2 miles (case 3661). Police on scene.,102,us,,,,,,,
A-3842,2.0,OH,City 42,County 2,Highway 42,2016-02-08 07:39:07,Accident reported on Highway 42 causing major traffic backup for 3 miles (case 3842). Police on scene.,102,us,,,,,,,
A-1461,2.0,OH,City 11,County 1,Highway 61,2016-02-08 07:39:07,Accident reported on Highway 61 causing major traffic backup for 2 miles (case 1461). Police on scene.,102,us,,,,,,,
A-1399,2.0,OH,City 49,County 19,Highway 99,2016-02-08 07:39:07,Accident reported on Highway 99 causing major traffic backup for 5 miles (case 1399). Police on scene.,102,us,,,,,,,
A-268,2.0,OH,City 18,County 8,Highway 68,2016-02-08 07:39:07,Accident reported on Highway 68 causing major traffic backup for 4 miles (case 268). Police on scene.,101,us,,,,,,,
A-4988,2.0,OH,City 38,County 8,Highway 88,2016-02-08 07:39:07,Accident reported on Highway 88 causing major traffic backup for 4 miles (case 4988). Police on scene.,102,us,,,,,,,
A-933,2.0,OH,City 33,County 13,Highway 33,2016-02-08 07:39:07,Accident reported on Highway 33 causing major traffic backup for 4 miles (case 933). Police on scene.,101,us,,,,,,,
A-4540,2.0,OH,City 40,County 0,Highway 40,2016-02-08 07:39:07,Accident reported on Highway 40 causing major traffic backup for 1 miles (case 4540). Police on scene.,102,us,,,,,,,
A-4068,2.0,OH,City 18,County 8,Highway 68,2016-02-08 07:39:07,Accident reported on Highway 68 causing major traffic backup for 4 miles (case 4068). Police on scene.,102,us,,,,,,,
A-250,2.0,OH,City 0,County 10,Highway 50,2016-02-08 07:39:07,Accident reported on Highway 50 causing major traffic backup for 1 miles (case 250). Police on scene.,101,us,,,,,,,
A-3809,2.0,OH,City 9,County 9,Highway 9,2016-02-08 07:39:07,Accident reported on Highway 9 causing major traffic backup for 5 miles (case 3809). Police on scene.,101,us,,,,,,,
A-1762,2.0,OH,City 12,County 2,Highway 62,2016-02-08 07:39:07,Accident reported on Highway 62 causing major traffic backup for 3 miles (case 1762). Police on scene.,102,us,,,,,,,
A-4865,2.0,OH,City 15,County 5,Highway 65,2016-02-08 07:39:07,Accident reported on Highway 65 causing major traffic backup for 1 miles (case 4865). Police on scene.,102,us,,,,,,,
A-2808,2.0,OH,City 8,County 8,Highway 8,2016-02-08 07:39:07,Accident reported on Highway 8 causing major traffic backup for 4 miles (case 2808). Police on scene.,101,us,,,,,,,
A-927,2.0,OH,City 27,County 7,Highway 27,2016-02-08 07:39:07,Accident reported on Highway 27 causing major traffic backup for 3 miles (case 927). Police on scene.,101,us,,,,,,,
A-4337,2.0,OH,City 37,County 17,Highway 37,2016-02-08 07:39:07,Accident reported on Highway 37 causing major traffic backup for 3 miles (case 4337). Police on scene.,102,us,,,,,,,
A-272,2.0,OH,City 22,County 12,Highway 72,2016-02-08 07:39:07,Accident reported on Highway 72 causing major traffic backup for 3 miles (case 272). Police on scene.,101,us,,,,,,,
A-673,2.0,OH,City 23,County 13,Highway 73,2016-02-08 07:39:07,Accident reported on Highway 73 causing major traffic backup for 4 miles (case 673). Police on scene.,101,us,,,,,,,
A-4983,2.0,OH,City 33,County 3,Highway 83,2016-02-08 07:39:07,Accident reported on Highway 83 causing major traffic backup for 4 miles (case 4983). Police on scene.,102,us,,,,,,,
A-1914,2.0,OH,City 14,County 14,Highway 14,2016-02-08 07:39:07,Accident reported on Highway 14 causing major traffic backup for 5 miles (case 1914). Police on scene.,102,us,,,,,,,
A-4525,2.0,OH,City 25,County 5,Highway 25,2016-02-08 07:39:07,Accident reported on Highway 25 causing major traffic backup for 1 miles (case 4525). Police on scene.,102,us,,,,,,,
A-1156,2.0,OH,City 6,County 16,Highway 56,2016-02-08 07:39:07,Accident reported on Highway 56 causing major traffic backup for 2 miles (case 1156). Police on scene.,102,us,,,,,,,
A-4817,2.0,OH,City 17,County 17,Highway 17,2016-02-08 07:39:07,Accident reported on Highway 17 causing major traffic backup for 3 miles (case 4817). Police on scene.,102,us,,,,,,,
A-4113,2.0,OH,City 13,County 13,Highway 13,2016-02-08 07:39:07,Accident reported on Highway 13 causing major traffic backup for 4 miles (case 4113). Police on scene.,102,us,,,,,,,
A-4242,2.0,OH,City 42,County 2,Highway 42,2016-02-08 07:39:07,Accident reported on Highway 42 causing major traffic backup for 3 miles (case 4242). Police on scene.,102,us,,,,,,,
A-3874,2.0,OH,City 24,County 14,Highway 74,2016-02-08 07:39:07,Accident reported on Highway 74 causing major traffic backup for 5 miles (case 3874). Police on scene.,102,us,,,,,,,
A-2172,2.0,OH,City 22,County 12,Highway 72,2016-02-08 07:39:07,Accident reported on Highway 72 causing major traffic backup for 3 miles (case 2172). Police on scene.,102,us,,,,,,,
A-4798,2.0,OH,City 48,County 18,Highway 98,2016-02-08 07:39:07,Accident reported on Highway 98 causing major traffic backup for 4 miles (case 4798). Police on scene.,102,us,,,,,,,
A-1919,2.0,OH,City 19,County 19,Highway 19,2016-02-08 07:39:07,Accident reported on Highway 19 causing major traffic backup for 5 miles (case 1919). Police on scene.,102,us,,,,,,,
A-616,2.0,OH,City 16,County 16,Highway 16,2016-02-08 07:39:07,Accident reported on Highway 16 causing major traffic backup for 2 miles (case 616). Police on scene.,101,us,,,,,,,
A-3668,2.0,OH,City 18,County 8,Highway 68,2016-02-08 07:39:07,Accident reported on Highway 68 causing major traffic backup for 4 miles (case 3668). Police on scene.,102,us,,,,,,,
A-3528,2.0,OH,City 28,County 8,Highway 28,2016-02-08 07:39:07,Accident reported on Highway 28 causing major traffic backup for 4 miles (case 3528). Police on scene.,102,us,,,,,,,
A-1902,2.0,OH,City 2,County 2,Highway 2,2016-02-08 07:39:07,Accident reported on Highway 2 causing major traffic backup for 3 miles (case 1902). Police on scene.,101,us,,,,,,,
A-1653,2.0,OH,City 3,County 13,Highway 53,2016-02-08 07:39:07,Accident reported on Highway 53 causing major traffic backup for 4 miles (case 1653). Police on scene.,102,us,,,,,,,
A-2451,2.0,OH,City 1,County 11,Highway 51,2016-02-08 07:39:07,Accident reported on Highway 51 causing major traffic backup for 2 miles (case 2451). Police on scene.,102,us,,,,,,,
A-262,2.0,OH,City 12,County 2,Highway 62,2016-02-08 07:39:07,Accident reported on Highway 62 causing major traffic backup for 3 miles (case 262). Police on scene.,101,us,,,,,,,
A-851,2.0,OH,City 1,County 11,Highway 51,2016-02-08 07:39:07,Accident reported on Highway 51 causing major traffic backup for 2 miles (case 851). Police on scene.,101,us,,,,,,,
A-4252,2.0,OH,City 2,County 12,Highway 52,2016-02-08 07:39:07,Accident reported on Highway 52 causing major traffic backup for 3 miles (case 4252). Police on scene.,102,us,,,,,,,
A-1237,2.0,OH,City 37,County 17,Highway 37,2016-02-08 07:39:07,Accident reported on Highway 37 causing major traffic backup for 3 miles (case 1237). Police on scene.,102,us,,,,,,,
A-1131,2.0,OH,City 31,County 11,Highway 31,2016-02-08 07:39:07,Accident reported on Highway 31 causing major traffic backup for 2 miles (case 1131). Police on scene.,102,us,,,,,,,
A-1971,2.0,OH,City 21,County 11,Highway 71,2016-02-08 07:39:07,Accident reported on Highway 71 causing major traffic backup for 2 miles (case 1971). Police on scene.,102,us,,,,,,,
A-562,2.0,OH,City 12,County 2,Highway 62,2016-02-08 07:39:07,Accident reported on Highway 62 causing major traffic backup for 3 miles (case 562). Police on scene.,101,us,,,,,,,
A-3902,2.0,OH,City 2,County 2,Highway 2,2016-02-08 07:39:07,Accident reported on Highway 2 causing major traffic backup for 3 miles (case 3902). Police on scene.,101,us,,,,,,,
A-488,2.0,OH,City 38,County 8,Highway 88,2016-02-08 07:39:07,Accident reported on Highway 88 causing major traffic backup for 4 miles (case 488). Police on scene.,101,us,,,,,,,
A-1324,2.0,OH,City 24,County 4,Highway 24,2016-02-08 07:39:07,Accident reported on Highway 24 causing major traffic backup for 5 miles (case 1324). Police on scene.,102,us,,,,,,,
A-2352,2.0,OH,City 2,County 12,Highway 52,2016-02-08 07:39:07,Accident reported on Highway 52 causing major traffic backup for 3 miles (case 2352). Police on scene.,102,us,,,,,,,
A-11,2.0,OH,City 11,County 11,Highway 11,2016-02-08 07:39:07,Accident reported on Highway 11 causing major traffic backup for 2 miles (case 11). Police on scene.,100,us,,,,,,,
A-3277,2.0,OH,City 27,County 17,Highway 77,2016-02-08 07:39:07,Accident reported on Highway 77 causing major traffic backup for 3 miles (case 3277). Police on scene.,102,us,,,,,,,
A-4765,2.0,OH,City 15,County 5,Highway 65,2016-02-08 07:39:07,Accident reported on Highway 65 causing major traffic backup for 1 miles (case 4765). Police on scene.,102,us,,,,,,,
A-1454,2.0,OH,City 4,County 14,Highway 54,2016-02-08 07:39:07,Accident reported on Highway 54 causing major traffic backup for 5 miles (case 1454). Police on scene.,102,us,,,,,,,
A-3977,2.0,OH,City 27,County 17,Highway 77,2016-02-08 07:39:07,Accident reported on Highway 77 causing major traffic backup for 3 miles (case 3977). Police on scene.,102,us,,,,,,,
A-1818,2.0,OH,City 18,County 18,Highway 18,2016-02-08 07:39:07,Accident reported on Highway 18 causing major traffic backup for 4 miles (case 1818). Police on scene.,102,us,,,,,,,
A-777,2.0,OH,City 27,County 17,Highway 77,2016-02-08 07:39:07,Accident reported on Highway 77 causing major traffic backup for 3 miles (case 777). Police on scene.,101,us,,,,,,,
A-1015,2.0,OH,City 15,County 15,Highway 15,2016-02-08 07:39:07,Accident reported on Highway 15 causing major traffic backup for 1 miles (case 1015). Police on scene.,102,us,,,,,,,
A-2816,2.0,OH,City 16,County 16,Highway 16,2016-02-08 07:39:07,Accident reported on Highway 16 causing major traffic backup for 2 miles (case 2816). Police on scene.,102,us,,,,,,,
A-4129,2.0,OH,City 29,County 9,Highway 29,2016-02-08 07:39:07,Accident reported on Highway 29 causing major traffic backup for 5 miles (case 4129). Police on scene.,102,us,,,,,,,
A-1995,2.0,OH,City 45,County 15,Highway 95,2016-02-08 07:39:07,Accident reported on Highway 95 causing major traffic backup for 1 miles (case 1995). Police on scene.,102,us,,,,,,,
A-1281,2.0,OH,City 31,County 1,Highway 81,2016-02-08 07:39:07,Accident reported on Highway 81 causing major traffic backup for 2 miles (case 1281). Police on scene.,102,us,,,,,,,
A-1787,2.0,OH,City 37,County 7,Highway 87,2016-02-08 07:39:07,Accident reported on Highway 87 causing major traffic backup for 3 miles (case 1787). Police on scene.,102,us,,,,,,,
A-4906,2.0,OH,City 6,County 6,Highway 6,2016-02-08 07:39:07,Accident reported on Highway 6 causing major traffic backup for 2 miles (case 4906). Police on scene.,101,us,,,,,,,
A-450,2.0,OH,City 0,County 10,Highway 50,2016-02-08 07:39:07,Accident reported on Highway 50 causing major traffic backup for 1 miles (case 450). Police on scene.,101,us,,,,,,,
A-884,2.0,OH,City 34,County 4,Highway 84,2016-02-08 07:39:07,Accident reported on Highway 84 causing major traffic backup for 5 miles (case 884). Police on scene.,101,us,,,,,,,
A-4460,2.0,OH,City 10,County 0,Highway 60,2016-02-08 07:39:07,Accident reported on Highway 60 causing major traffic backup for 1 miles (case 4460). Police on scene.,102,us,,,,,,,
A-785,2.0,OH,City 35,County 5,Highway 85,2016-02-08 07:39:07,Accident reported on Highway 85 causing major traffic backup for 1 miles (case 785). Police on scene.,101,us,,,,,,,
A-1753,2.0,OH,City 3,County 13,Highway 53,2016-02-08 07:39:07,Accident reported on Highway 53 causing major traffic backup for 4 miles (case 1753). Police on scene.,102,us,,,,,,,
A-3386,2.0,OH,City 36,County 6,Highway 86,2016-02-08 07:39:07,Accident reported on Highway 86 causing major traffic backup for 2 miles (case 3386). Police on scene.,102,us,,,,,,,
A-4881,2.0,OH,City 31,County 1,Highway 81,2016-02-08 07:39:07,Accident reported on Highway 81 causing major traffic backup for 2 miles (case 4881). Police on scene.,102,us,,,,,,,
A-887,2.0,OH,City 37,County 7,Highway 87,2016-02-08 07:39:07,Accident reported on Highway 87 causing major traffic backup for 3 miles (case 887). Police on scene.,101,us,,,,,,,
A-2374,2.0,OH,City 24,County 14,Highway 74,2016-02-08 07:39:07,Accident reported on Highway 74 causing major traffic backup for 5 miles (case 2374). Police on scene.,102,us,,,,,,,
A-1095,2.0,OH,City 45,County 15,Highway 95,2016-02-08 07:39:07,Accident reported on Highway 95 causing major traffic backup for 1 miles (case 1095). Police on scene.,102,us,,,,,,,
A-2936,2.0,OH,City 36,County 16,Highway 36,2016-02-08 07:39:07,Accident reported on Highway 36 causing major traffic backup for 2 miles (case 2936). Police on scene.,102,us,,,,,,,
A-535,2.0,OH,City 35,County 15,Highway 35,2016-02-08 07:39:07,Accident reported on Highway 35 causing major traffic backup for 1 miles (case 535). Police on scene.,101,us,,,,,,,
A-4019,2.0,OH,City 19,County 19,Highway 19,2016-02-08 07:39:07,Accident reported on Highway 19 causing major traffic backup for 5 miles (case 4019). Police on scene.,102,us,,,,,,,
A-3322,2.0,OH,City 22,County 2,Highway 22,2016-02-08 07:39:07,Accident reported on Highway 22 causing major traffic backup for 3 miles (case 3322). Police on scene.,102,us,,,,,,,
A-4099,2.0,OH,City 49,County 19,Highway 99,2016-02-08 07:39:07,Accident reported on Highway 99 causing major traffic backup for 5 miles (case 4099). Police on scene.,102,us,,,,,,,
A-1731,2.0,OH,City 31,County 11,Highway 31,2016-02-08 07:39:07,Accident reported on Highway 31 causing major traffic backup for 2 miles (case 1731). Police on scene.,102,us,,,,,,,
A-614,2.0,OH,City 14,County 14,Highway 14,2016-02-08 07:39:07,Accident reported on Highway 14 causing major traffic backup for 5 miles (case 614). Police on scene.,101,us,,,,,,,
A-574,2.0,OH,City 24,County 14,Highway 74,2016-02-08 07:39:07,Accident reported on Highway 74 causing major traffic backup for 5 miles (case 574). Police on scene.,101,us,,,,,,,
A-2947,2.0,OH,City 47,County 7,Highway 47,2016-02-08 07:39:07,Accident reported on Highway 47 causing major traffic backup for 3 miles (case 2947). Police on scene.,102,us,,,,,,,
A-3026,2.0,OH,City 26,County 6,Highway 26,2016-02-08 07:39:07,Accident reported on Highway 26 causing major traffic backup for 2 miles (case 3026). Police on scene.,102,us,,,,,,,
A-347,2.0,OH,City 47,County 7,Highway 47,2016-02-08 07:39:07,Accident reported on Highway 47 causing major traffic backup for 3 miles (case 347). Police on scene.,101,us,,,,,,,
A-3950,2.0,OH,City 0,County 10,Highway 50,2016-02-08 07:39:07,Accident reported on Highway 50 causing major traffic backup for 1 miles (case 3950). Police on scene.,102,us,,,,,,,
A-3137,2.0,OH,City 37,County 17,Highway 37,2016-02-08 07:39:07,Accident reported on Highway 37 causing major traffic backup for 3 miles (case 3137). Police on scene.,102,us,,,,,,,
A-438,2.0,OH,City 38,County 18,Highway 38,2016-02-08 07:39:07,Accident reported on Highway 38 causing major traffic backup for 4 miles (case 438). Police on scene.,101,us,,,,,,,
A-1907,2.0,OH,City 7,County 7,Highway 7,2016-02-08 07:39:07,Accident reported on Highway 7 causing major traffic backup for 3 miles (case 1907). Police on scene.,101,us,,,,,,,
A-4109,2.0,OH,City 9,County 9,Highway 9,2016-02-08 07:39:07,Accident reported on Highway 9 causing major traffic backup for 5 miles (case 4109). Police on scene.,101,us,,,,,,,
A-3057,2.0,OH,City 7,County 17,Highway 57,2016-02-08 07:39:07,Accident reported on Highway 57 causing major traffic backup for 3 miles (case 3057). Police on scene.,102,us,,,,,,,
A-2073,2.0,OH,City 23,County 13,Highway 73,2016-02-08 07:39:07,Accident reported on Highway 73 causing major traffic backup for 4 miles (case 2073). Police on scene.,102,us,,,,,,,
A-1541,2.0,OH,City 41,County 1,Highway 41,2016-02-08 07:39:07,Accident reported on Highway 41 causing major traffic backup for 2 miles (case 1541). Police on scene.,102,us,,,,,,,
A-4428,2.0,OH,City 28,County 8,Highway 28,2016-02-08 07:39:07,Accident reported on Highway 28 causing major traffic backup for 4 miles (case 4428). Police on scene.,102,us,,,,,,,
A-2345,2.0,OH,City 45,County 5,Highway 45,2016-02-08 07:39:07,Accident reported on Highway 45 causing major traffic backup for 1 miles (case 2345). Police on scene.,102,us,,,,,,,
A-1521,2.0,OH,City 21,County 1,Highway 21,2016-02-08 07:39:07,Accident reported on Highway 21 causing major traffic backup for 2 miles (case 1521). Police on scene.,102,us,,,,,,,
A-969,2.0,OH,City 19,County 9,Highway 69,2016-02-08 07:39:07,Accident reported on Highway 69 causing major traffic backup for 5 miles (case 969). Police on scene.,101,us,,,,,,,
A-4407,2.0,OH,City 7,County 7,Highway 7,2016-02-08 07:39:07,Accident reported on Highway 7 causing major traffic backup for 3 miles (case 4407). Police on scene.,101,us,,,,,,,
A-532,2.0,OH,City 32,County 12,Highway 32,2016-02-08 07:39:07,Accident reported on Highway 32 causing major traffic backup for 3 miles (case 532). Police on scene.,101,us,,,,,,,
A-180,2.0,OH,City 30,County 0,Highway 80,2016-02-08 07:39:07,Accident reported on Highway 80 causing major traffic backup for 1 miles (case 180). Police on scene.,101,us,,,,,,,
A-4106,2.0,OH,City 6,County 6,Highway 6,2016-02-08 07:39:07,Accident reported on Highway 6 causing major traffic backup for 2 miles (case 4106). Police on scene.,101,us,,,,,,,
A-3989,2.0,OH,City 39,County 9,Highway 89,2016-02-08 07:39:07,Accident reported on Highway 89 causing major traffic backup for 5 miles (case 3989). Police on scene.,102,us,,,,,,,
A-4298,2.0,OH,City 48,County 18,Highway 98,2016-02-08 07:39:07,Accident reported on Highway 98 causing major traffic backup for 4 miles (case 4298). Police on scene.,102,us,,,,,,,
A-576,2.0,OH,City 26,County 16,Highway 76,2016-02-08 07:39:07,Accident reported on Highway 76 causing major traffic backup for 2 miles (case 576). Police on scene.,101,us,,,,,,,
A-2299,2.0,OH,City 49,County 19,Highway 99,2016-02-08 07:39:07,Accident reported on Highway 99 causing major traffic backup for 5 miles (case 2299). Police on scene.,102,us,,,,,,,
A-4092,2.0,OH,City 42,County 12,Highway 92,2016-02-08 07:39:07,Accident reported on Highway 92 causing major traffic backup for 3 miles (case 4092). Police on scene.,102,us,,,,,,,
A-4901,2.0,OH,City 1,County 1,Highway 1,2016-02-08 07:39:07,Accident reported on Highway 1 causing major traffic backup for 2 miles (case 4901). Police on scene.,101,us,,,,,,,
A-4134,2.0,OH,City 34,County 14,Highway 34,2016-02-08 07:39:07,Accident reported on Highway 34 causing major traffic backup for 5 miles (case 4134). Police on scene.,102,us,,,,,,,
A-2581,2.0,OH,City 31,County 1,Highway 81,2016-02-08 07:39:07,Accident reported on Highway 81 causing major traffic backup for 2 miles (case 2581). Police on scene.,102,us,,,,,,,
A-2212,2.0,OH,City 12,County 12,Highway 12,2016-02-08 07:39:07,Accident reported on Highway 12 causing major traffic backup for 3 miles (case 2212). Police on scene.,102,us,,,,,,,
A-3079,2.0,OH,City 29,County 19,Highway 79,2016-02-08 07:39:07,Accident reported on Highway 79 causing major traffic backup for 5 miles (case 3079). Police on scene.,102,us,,,,,,,
A-2754,2.0,OH,City 4,County 14,Highway 54,2016-02-08 07:39:07,Accident reported on Highway 54 causing major traffic backup for 5 miles (case 2754). Police on scene.,102,us,,,,,,,
A-387,2.0,OH,City 37,County 7,Highway 87,2016-02-08 07:39:07,Accident reported on Highway 87 causing major traffic backup for 3 miles (case 387). Police on scene.,101,us,,,,,,,
A-856,2.0,OH,City 6,County 16,Highway 56,2016-02-08 07:39:07,Accident reported on Highway 56 causing major traffic backup for 2 miles (case 856). Police on scene.,101,us,,,,,,,
A-1884,2.0,OH,City 34,County 4,Highway 84,2016-02-08 07:39:07,Accident reported on Highway 84 causing major traffic backup for 5 miles (case 1884). Police on scene.,102,us,,,,,,,
A-374,2.0,OH,City 24,County 14,Highway 74,2016-02-08 07:39:07,Accident reported on Highway 74 causing major traffic backup for 5 miles (case 374). Police on scene.,101,us,,,,,,,
A-2377,2.0,OH,City 27,County 17,Highway 77,2016-02-08 07:39:07,Accident reported on Highway 77 causing major traffic backup for 3 miles (case 2377). Police on scene.,102,us,,,,,,,
A-4324,2.0,OH,City 24,County 4,Highway 24,2016-02-08 07:39:07,Accident reported on Highway 24 causing major traffic backup for 5 miles (case 4324). Police on scene.,102,us,,,,,,,
A-1109,2.0,OH,City 9,County 9,Highway 9,2016-02-08 07:39:07,Accident reported on Highway 9 causing major traffic backup for 5 miles (case 1109). Police on scene.,101,us,,,,,,,
A-4940,2.0,OH,City 40,County 0,Highway 40,2016-02-08 07:39:07,Accident reported on Highway 40 causing major traffic backup for 1 miles (case 4940). Police on scene.,102,us,,,,,,,
A-3943,2.0,OH,City 43,County 3,Highway 43,2016-02-08 07:39:07,Accident reported on Highway 43 causing major traffic backup for 4 miles (case 3943). Police on scene.,102,us,,,,,,,
A-1340,2.0,OH,City 40,County 0,Highway 40,2016-02-08 07:39:07,Accident reported on Highway 40 causing major traffic backup for 1 miles (case 1340). Police on scene.,102,us,,,,,,,
A-2193,2.0,OH,City 43,County 13,Highway 93,2016-02-08 07:39:07,Accident reported on Highway 93 causing major traffic backup for 4 miles (case 2193). Police on scene.,102,us,,,,,,,
A-4595,2.0,OH,City 45,County 15,Highway 95,2016-02-08 07:39:07,Accident reported on Highway 95 causing major traffic backup for 1 miles (case 4595). Police on scene.,102,us,,,,,,,
A-2318,2.0,OH,City 18,County 18,Highway 18,2016-02-08 07:39:07,Accident reported on Highway 18 causing major traffic backup for 4 miles (case 2318). Police on scene.,102,us,,,,,,,
A-3325,2.0,OH,City 25,County 5,Highway 25,2016-02-08 07:39:07,Accident reported on Highway 25 causing major traffic backup for 1 miles (case 3325). Police on scene.,102,us,,,,,,,
A-2928,2.0,OH,City 28,County 8,Highway 28,2016-02-08 07:39:07,Accident reported on Highway 28 causing major traffic backup for 4 miles (case 2928). Police on scene.,102,us,,,,,,,
A-4848,2.0,OH,City 48,County 8,Highway 48,2016-02-08 07:39:07,Accident reported on Highway 48 causing major traffic backup for 4 miles (case 4848). Police on scene.,102,us,,,,,,,
A-1175,2.0,OH,City 25,County 15,Highway 75,2016-02-08 07:39:07,Accident reported on Highway 75 causing major traffic backup for 1 miles (case 1175). Police on scene.,102,us,,,,,,,
A-2592,2.0,OH,City 42,County 12,Highway 92,2016-02-08 07:39:07,Accident reported on Highway 92 causing major traffic backup for 3 miles (case 2592). Police on scene.,102,us,,,,,,,
A-2693,2.0,OH,City 43,County 13,Highway 93,2016-02-08 07:39:07,Accident reported on Highway 93 causing major traffic backup for 4 miles (case 2693). Police on scene.,102,us,,,,,,,
A-1426,2.0,OH,City 26,County 6,Highway 26,2016-02-08 07:39:07,Accident reported on Highway 26 causing major traffic backup for 2 miles (case 1426). Police on scene.,102,us,,,,,,,
A-4157,2.0,OH,City 7,County 17,Highway 57,2016-02-08 07:39:07,Accident reported on Highway 57 causing major traffic backup for 3 miles (case 4157). Police on scene.,102,us,,,,,,,
A-2650,2.0,OH,City 0,County 10,Highway 50,2016-02-08 07:39:07,Accident reported on Highway 50 causing major traffic backup for 1 miles (case 2650). Police on scene.,102,us,,,,,,,
A-4156,2.0,OH,City 6,County 16,Highway 56,2016-02-08 07:39:07,Accident reported on Highway 56 causing major traffic backup for 2 miles (case 4156). Police on scene.,102,us,,,,,,,
A-1468,2.0,OH,City 18,County 8,Highway 68,2016-02-08 07:39:07,Accident reported on Highway 68 causing major traffic backup for 4 miles (case 1468). Police on scene.,102,us,,,,,,,
A-878,2.0,OH,City 28,County 18,Highway 78,2016-02-08 07:39:07,Accident reported on Highway 78 causing major traffic backup for 4 miles (case 878). Police on scene.,101,us,,,,,,,
A-2323,2.0,OH,City 23,County 3,Highway 23,2016-02-08 07:39:07,Accident reported on Highway 23 causing major traffic backup for 4 miles (case 2323). Police on scene.,102,us,,,,,,,
A-4341,2.0,OH,City 41,County 1,Highway 41,2016-02-08 07:39:07,Accident reported on Highway 41 causing major traffic backup for 2 miles (case 4341). Police on scene.,102,us,,,,,,,
A-1255,2.0,OH,City 5,County 15,Highway 55,2016-02-08 07:39:07,Accident reported on Highway 55 causing major traffic backup for 1 miles (case 1255). Police on scene.,102,us,,,,,,,
A-4666,2.0,OH,City 16,County 6,Highway 66,2016-02-08 07:39:07,Accident reported on Highway 66 causing major traffic backup for 2 miles (case 4666). Police on scene.,102,us,,,,,,,
A-844,2.0,OH,City 44,County 4,Highway 44,2016-02-08 07:39:07,Accident reported on Highway 44 causing major traffic backup for 5 miles (case 844). Police on scene.,101,us,,,,,,,
A-3067,2.0,OH,City 17,County 7,Highway 67,2016-02-08 07:39:07,Accident reported on Highway 67 causing major traffic backup for 3 miles (case 3067). Police on scene.,102,us,,,,,,,
A-585,2.0,OH,City 35,County 5,Highway 85,2016-02-08 07:39:07,Accident reported on Highway 85 causing major traffic backup for 1 miles (case 585). Police on scene.,101,us,,,,,,,
A-208,2.0,OH,City 8,County 8,Highway 8,2016-02-08 07:39:07,Accident reported on Highway 8 causing major traffic backup for 4 miles (case 208). Police on scene.,100,us,,,,,,,
A-1645,2.0,OH,City 45,County 5,Highway 45,2016-02-08 07:39:07,Accident reported on Highway 45 causing major traffic backup for 1 miles (case 1645). Police on scene.,102,us,,,,,,,
A-2018,2.0,OH,City 18,County 18,Highway 18,2016-02-08 07:39:07,Accident reported on Highway 18 causing major traffic backup for 4 miles (case 2018). Police on scene.,102,us,,,,,,,
A-909,2.0,OH,City 9,County 9,Highway 9,2016-02-08 07:39:07,Accident reported on Highway 9 causing major traffic backup for 5 miles (case 909). Police on scene.,100,us,,,,,,,
A-635,2.0,OH,City 35,County 15,Highway 35,2016-02-08 07:39:07,Accident reported on Highway 35 causing major traffic backup for 1 miles (case 635). Police on scene.,101,us,,,,,,,
A-4598,2.0,OH,City 48,County 18,Highway 98,2016-02-08 07:39:07,Accident reported on Highway 98 causing major traffic backup for 4 miles (case 4598). Police on scene.,102,us,,,,,,,
A-1978,2.0,OH,City 28,County 18,Highway 78,2016-02-08 07:39:07,Accident reported on Highway 78 causing major traffic backup for 4 miles (case 1978). Police on scene.,102,us,,,,,,,
A-166,2.0,OH,City 16,County 6,Highway 66,2016-02-08 07:39:07,Accident reported on Highway 66 causing major traffic backup for 2 miles (case 166). Police on scene.,101,us,,,,,,,
A-3170,2.0,OH,City 20,County 10,Highway 70,2016-02-08 07:39:07,Accident reported on Highway 70 causing major traffic backup for 1 miles (case 3170). Police on scene.,102,us,,,,,,,
A-2862,2.0,OH,City 12,County 2,Highway 62,2016-02-08 07:39:07,Accident reported on Highway 62 causing major traffic backup for 3 miles (case 2862). Police on scene.,102,us,,,,,,,
A-4536,2.0,OH,City 36,County 16,Highway 36,2016-02-08 07:39:07,Accident reported on Highway 36 causing major traffic backup for 2 miles (case 4536). Police on scene.,102,us,,,,,,,
A-621,2.0,OH,City 21,County 1,Highway 21,2016-02-08 07:39:07,Accident reported on Highway 21 causing major traffic backup for 2 miles (case 621). Police on scene.,101,us,,,,,,,
A-4792,2.0,OH,City 42,County 12,Highway 92,2016-02-08 07:39:07,Accident reported on Highway 92 causing major traffic backup for 3 miles (case 4792). Police on scene.,102,us,,,,,,,
A-1435,2.0,OH,City 35,County 15,Highway 35,2016-02-08 07:39:07,Accident reported on Highway 35 causing major traffic backup for 1 miles (case 1435). Police on scene.,102,us,,,,,,,
A-551,2.0,OH,City 1,County 11,Highway 51,2016-02-08 07:39:07,Accident reported on Highway 51 causing major traffic backup for 2 miles (case 551). Police on scene.,101,us,,,,,,,
A-4935,2.0,OH,City 35,County 15,Highway 35,2016-02-08 07:39:07,Accident reported on Highway 35 causing major traffic backup for 1 miles (case 4935). Police on scene.,102,us,,,,,,,
A-4547,2.0,OH,City 47,County 7,Highway 47,2016-02-08 07:39:07,Accident reported on Highway 47 causing major traffic backup for 3 miles (case 4547). Police on scene.,102,us,,,,,,,
A-4224,2.0,OH,City 24,County 4,Highway 24,2016-02-08 07:39:07,Accident reported on Highway 24 causing major traffic backup for 5 miles (case 4224). Police on scene.,102,us,,,,,,,
A-3146,2.0,OH,City 46,County 6,Highway 46,2016-02-08 07:39:07,Accident reported on Highway 46 causing major traffic backup for 2 miles (case 3146). Police on scene.,102,us,,,,,,,
A-4715,2.0,OH,City 15,County 15,Highway 15,2016-02-08 07:39:07,Accident reported on Highway 15 causing major traffic backup for 1 miles (case 4715). Police on scene.,102,us,,,,,,,
A-2792,2.0,OH,City 42,County 12,Highway 92,2016-02-08 07:39:07,Accident reported on Highway 92 causing major traffic backup for 3 miles (case 2792). Police on scene.,102,us,,,,,,,
A-4062,2.0,OH,City 12,County 2,Highway 62,2016-02-08 07:39:07,Accident reported on Highway 62 causing major traffic backup for 3 miles (case 4062). Police on scene.,102,us,,,,,,,
A-1865,2.0,OH,City 15,County 5,Highway 65,2016-02-08 07:39:07,Accident reported on Highway 65 causing major traffic backup for 1 miles (case 1865). Police on scene.,102,us,,,,,,,
A-644,2.0,OH,City 44,County 4,Highway 44,2016-02-08 07:39:07,Accident reported on Highway 44 causing major traffic backup for 5 miles (case 644). Police on scene.,101,us,,,,,,,
A-4545,2.0,OH,City 45,County 5,Highway 45,2016-02-08 07:39:07,Accident reported on Highway 45 causing major traffic backup for 1 miles (case 4545). Police on scene.,102,us,,,,,,,
A-641,2.0,OH,City 41,County 1,Highway 41,2016-02-08 07:39:07,Accident reported on Highway 41 causing major traffic backup for 2 miles (case 641). Police on scene.,101,us,,,,,,,
A-3636,2.0,OH,City 36,County 16,Highway 36,2016-02-08 07:39:07,Accident reported on Highway 36 causing major traffic backup for 2 miles (case 3636). Police on scene.,102,us,,,,,,,
A-2984,2.0,OH,City 34,County 4,Highway 84,2016-02-08 07:39:07,Accident reported on Highway 84 causing major traffic backup for 5 miles (case 2984). Police on scene.,102,us,,,,,,,
A-2100,2.0,OH,City 0,County 0,Highway 0,2016-02-08 07:39:07,Accident reported on Highway 0 causing major traffic backup for 1 miles (case 2100). Police on scene.,101,us,,,,,,,
A-3247,2.0,OH,City 47,County 7,Highway 47,2016-02-08 07:39:07,Accident reported on Highway 47 causing major traffic backup for 3 miles (case 3247). Police on scene.,102,us,,,,,,,
A-4833,2.0,OH,City 33,County 13,Highway 33,2016-02-08 07:39:07,Accident reported on Highway 33 causing major traffic backup for 4 miles (case 4833). Police on scene.,102,us,,,,,,,
A-3672,2.0,OH,City 22,County 12,Highway 72,2016-02-08 07:39:07,Accident reported on Highway 72 causing major traffic backup for 3 miles (case 3672). Police on scene.,102,us,,,,,,,
A-2839,2.0,OH,City 39,County 19,Highway 39,2016-02-08 07:39:07,Accident reported on Highway 39 causing major traffic backup for 5 miles (case 2839). Police on scene.,102,us,,,,,,,
A-925,2.0,OH,City 25,County 5,Highway 25,2016-02-08 07:39:07,Accident reported on Highway 25 causing major traffic backup for 1 miles (case 925). Police on scene.,101,us,,,,,,,
A-550,2.0,OH,City 0,County 10,Highway 50,2016-02-08 07:39:07,Accident reported on Highway 50 causing major traffic backup for 1 miles (case 550). Police on scene.,101,us,,,,,,,
A-3664,2.0,OH,City 14,County 4,Highway 64,2016-02-08 07:39:07,Accident reported on Highway 64 causing major traffic backup for 5 miles (case 3664). Police on scene.,102,us,,,,,,,
A-1904,2.0,OH,City 4,County 4,Highway 4,2016-02-08 07:39:07,Accident reported on Highway 4 causing major traffic backup for 5 miles (case 1904). Police on scene.,101,us,,,,,,,
A-2032,2.0,OH,City 32,County 12,Highway 32,2016-02-08 07:39:07,Accident reported on Highway 32 causing major traffic backup for 3 miles (case 2032). Police on scene.,102,us,,,,,,,
A-2305,2.0,OH,City 5,County 5,Highway 5,2016-02-08 07:39:07,Accident reported on Highway 5 causing major traffic backup for 1 miles (case 2305). Police on scene.,101,us,,,,,,,
A-1889,2.0,OH,City 39,County 9,Highway 89,2016-02-08 07:39:07,Accident reported on Highway 89 causing major traffic backup for 5 miles (case 1889). Police on scene.,102,us,,,,,,,
A-1646,2.0,OH,City 46,County 6,Highway 46,2016-02-08 07:39:07,Accident reported on Highway 46 causing major traffic backup for 2 miles (case 1646). Police on scene.,102,us,,,,,,,
A-3507,2.0,OH,City 7,County 7,Highway 7,2016-02-08 07:39:07,Accident reported on Highway 7 causing major traffic backup for 3 miles (case 3507). Police on scene.,101,us,,,,,,,
A-4809,2.0,OH,City 9,County 9,Highway 9,2016-02-08 07:39:07,Accident reported on Highway 9 causing major traffic backup for 5 miles (case 4809). Police on scene.,101,us,,,,,,,
A-2101,2.0,OH,City 1,County 1,Highway 1,2016-02-08 07:39:07,Accident reported on Highway 1 causing major traffic backup for 2 miles (case 2101). Police on scene.,101,us,,,,,,,
A-4358,2.0,OH,City 8,County 18,Highway 58,2016-02-08 07:39:07,Accident reported on Highway 58 causing major traffic backup for 4 miles (case 4358). Police on scene.,102,us,,,,,,,
A-4965,2.0,OH,City 15,County 5,Highway 65,2016-02-08 07:39:07,Accident reported on Highway 65 causing major traffic backup for 1 miles (case 4965). Police on scene.,102,us,,,,,,,
A-4524,2.0,OH,City 24,County 4,Highway 24,2016-02-08 07:39:07,Accident reported on Highway 24 causing major traffic backup for 5 miles (case 4524). Police on scene.,102,us,,,,,,,
A-4967,2.0,OH,City 17,County 7,Highway 67,2016-02-08 07:39:07,Accident reported on Highway 67 causing major traffic backup for 3 miles (case 4967). Police on scene.,102,us,,,,,,,
A-840,2.0,OH,City 40,County 0,Highway 40,2016-02-08 07:39:07,Accident reported on Highway 40 causing major traffic backup for 1 miles (case 840). Police on scene.,101,us,,,,,,,
A-605,2.0,OH,City 5,County 5,Highway 5,2016-02-08 07:39:07,Accident reported on Highway 5 causing major traffic backup for 1 miles (case 605). Police on scene.,100,us,,,,,,,
A-2188,2.0,OH,City 38,County 8,Highway 88,2016-02-08 07:39:07,Accident reported on Highway 88 causing major traffic backup for 4 miles (case 2188). Police on scene.,102,us,,,,,,,
A-3862,2.0,OH,City 12,County 2,Highway 62,2016-02-08 07:39:07,Accident reported on Highway 62 causing major traffic backup for 3 miles (case 3862). Police on scene.,102,us,,,,,,,
A-2480,2.0,OH,City 30,County 0,Highway 80,2016-02-08 07:39:07,Accident reported on Highway 80 causing major traffic backup for 1 miles (case 2480). Police on scene.,102,us,,,,,,,
A-4308,2.0,OH,City 8,County 8,Highway 8,2016-02-08 07:39:07,Accident reported on Highway 8 causing major traffic backup for 4 miles (case 4308). Police on scene.,101,us,,,,,,,
A-1586,2.0,OH,City 36,County 6,Highway 86,2016-02-08 07:39:07,Accident reported on Highway 86 causing major traffic backup for 2 miles (case 1586). Police on scene.,102,us,,,,,,,
A-4267,2.0,OH,City 17,County 7,Highway 67,2016-02-08 07:39:07,Accident reported on Highway 67 causing major traffic backup for 3 miles (case 4267). Police on scene.,102,us,,,,,,,
A-2532,2.0,OH,City 32,County 12,Highway 32,2016-02-08 07:39:07,Accident reported on Highway 32 causing major traffic backup for 3 miles (case 2532). Police on scene.,102,us,,,,,,,
A-3264,2.0,OH,City 14,County 4,Highway 64,2016-02-08 07:39:07,Accident reported on Highway 64 causing major traffic backup for 5 miles (case 3264). Police on scene.,102,us,,,,,,,
A-1074,2.0,OH,City 24,County 14,Highway 74,2016-02-08 07:39:07,Accident reported on Highway 74 causing major traffic backup for 5 miles (case 1074). Police on scene.,102,us,,,,,,,
A-1779,2.0,OH,City 29,County 19,Highway 79,2016-02-08 07:39:07,Accident reported on Highway 79 causing major traffic backup for 5 miles (case 1779). Police on scene.,102,us,,,,,,,
A-4808,2.0,OH,City 8,County 8,Highway 8,2016-02-08 07:39:07,Accident reported on Highway 8 causing major traffic backup for 4 miles (case 4808). Police on scene.,101,us,,,,,,,
A-1287,2.0,OH,City 37,County 7,Highway 87,2016-02-08 07:39:07,Accident reported on Highway 87 causing major traffic backup for 3 miles (case 1287). Police on scene.,102,us,,,,,,,
A-3048,2.0,OH,City 48,County 8,Highway 48,2016-02-08 07:39:07,Accident reported on Highway 48 causing major traffic backup for 4 miles (case 3048). Police on scene.,102,us,,,,,,,
A-4753,2.0,OH,City 3,County 13,Highway 53,2016-02-08 07:39:07,Accident reported on Highway 53 causing major traffic backup for 4 miles (case 4753). Police on scene.,102,us,,,,,,,
A-1840,2.0,OH,City 40,County 0,Highway 40,2016-02-08 07:39:07,Accident reported on Highway 40 causing major traffic backup for 1 miles (case 1840). Police on scene.,102,us,,,,,,,
A-4243,2.0,OH,City 43,County 3,Highway 43,2016-02-08 07:39:07,Accident reported on Highway 43 causing major traffic backup for 4 miles (case 4243). Police on scene.,102,us,,,,,,,
A-1023,2.0,OH,City 23,County 3,Highway 23,2016-02-08 07:39:07,Accident reported on Highway 23 causing major traffic backup for 4 miles (case 1023). Police on scene.,102,us,,,,,,,
A-3203,2.0,OH,City 3,County 3,Highway 3,2016-02-08 07:39:07,Accident reported on Highway 3 causing major traffic backup for 4 miles (case 3203). Police on scene.,101,us,,,,,,,
A-1330,2.0,OH,City 30,County 10,Highway 30,2016-02-08 07:39:07,Accident reported on Highway 30 causing major traffic backup for 1 miles (case 1330). Police on scene.,102,us,,,,,,,
A-479,2.0,OH,City 29,County 19,Highway 79,2016-02-08 07:39:07,Accident reported on Highway 79 causing major traffic backup for 5 miles (case 479). Police on scene.,101,us,,,,,,,
A-3446,2.0,OH,City 46,County 6,Highway 46,2016-02-08 07:39:07,Accident reported on Highway 46 causing major traffic backup for 2 miles (case 3446). Police on scene.,102,us,,,,,,,
A-1655,2.0,OH,City 5,County 15,Highway 55,2016-02-08 07:39:07,Accident reported on Highway 55 causing major traffic backup for 1 miles (case 1655). Police on scene.,102,us,,,,,,,
A-4773,2.0,OH,City 23,County 13,Highway 73,2016-02-08 07:39:07,Accident reported on Highway 73 causing major traffic backup for 4 miles (case 4773). Police on scene.,102,us,,,,,,,
A-4812,2.0,OH,City 12,County 12,Highway 12,2016-02-08 07:39:07,Accident reported on Highway 12 causing major traffic backup for 3 miles (case 4812). Police on scene.,102,us,,,,,,,
A-2609,2.0,OH,City 9,County 9,Highway 9,2016-02-08 07:39:07,Accident reported on Highway 9 causing major traffic backup for 5 miles (case 2609). Police on scene.,101,us,,,,,,,
A-2475,2.0,OH,City 25,County 15,Highway 75,2016-02-08 07:39:07,Accident reported on Highway 75 causing major traffic backup for 1 miles (case 2475). Police on scene.,102,us,,,,,,,
A-2912,2.0,OH,City 12,County 12,Highway 12,2016-02-08 07:39:07,Accident reported on Highway 12 causing major traffic backup for 3 miles (case 2912). Police on scene.,102,us,,,,,,,
A-1377,2.0,OH,City 27,County 17,Highway 77,2016-02-08 07:39:07,Accident reported on Highway 77 causing major traffic backup for 3 miles (case 1377). Police on scene.,102,us,,,,,,,
A-743,2.0,OH,City 43,County 3,Highway 43,2016-02-08 07:39:07,Accident reported on Highway 43 causing major traffic backup for 4 miles (case 743). Police on scene.,101,us,,,,,,,
A-3616,2.0,OH,City 16,County 16,Highway 16,2016-02-08 07:39:07,Accident reported on Highway 16 causing major traffic backup for 2 miles (case 3616). Police on scene.,102,us,,,,,,,
A-4961,2.0,OH,City 11,County 1,Highway 61,2016-02-08 07:39:07,Accident reported on Highway 61 causing major traffic backup for 2 miles (case 4961). Police on scene.,102,us,,,,,,,
A-871,2.0,OH,City 21,County 11,Highway 71,2016-02-08 07:39:07,Accident reported on Highway 71 causing major traffic backup for 2 miles (case 871). Police on scene.,101,us,,,,,,,
A-1144,2.0,OH,City 44,County 4,Highway 44,2016-02-08 07:39:07,Accident reported on Highway 44 causing major traffic backup for 5 miles (case 1144). Police on scene.,102,us,,,,,,,
A-1001,2.0,OH,City 1,County 1,Highway 1,2016-02-08 07:39:07,Accident reported on Highway 1 causing major traffic backup for 2 miles (case 1001). Police on scene.,101,us,,,,,,,
A-1341,2.0,OH,City 41,County 1,Highway 41,2016-02-08 07:39:07,Accident reported on Highway 41 causing major traffic backup for 2 miles (case 1341). Police on scene.,102,us,,,,,,,
A-545,2.0,OH,City 45,County 5,Highway 45,2016-02-08 07:39:07,Accident reported on Highway 45 causing major traffic backup for 1 miles (case 545). Police on scene.,101,us,,,,,,,
A-1103,2.0,OH,City 3,County 3,Highway 3,2016-02-08 07:39:07,Accident reported on Highway 3 causing major traffic backup for 4 miles (case 1103). Police on scene.,101,us,,,,,,,
A-1136,2.0,OH,City 36,County 16,Highway 36,2016-02-08 07:39:07,Accident reported on Highway 36 causing major traffic backup for 2 miles (case 1136). Police on scene.,102,us,,,,,,,
A-4689,2.0,OH,City 39,County 9,Highway 89,2016-02-08 07:39:07,Accident reported on Highway 89 causing major traffic backup for 5 miles (case 4689). Police on scene.,102,us,,,,,,,
A-2714,2.0,OH,City 14,County 14,Highway 14,2016-02-08 07:39:07,Accident reported on Highway 14 causing major traffic backup for 5 miles (case 2714). Police on scene.,102,us,,,,,,,
A-2262,2.0,OH,City 12,County 2,Highway 62,2016-02-08 07:39:07,Accident reported on Highway 62 causing major traffic backup for 3 miles (case 2262). Police on scene.,102,us,,,,,,,
A-3984,2.0,OH,City 34,County 4,Highway 84,2016-02-08 07:39:07,Accident reported on Highway 84 causing major traffic backup for 5 miles (case 3984). Police on scene.,102,us,,,,,,,
A-63,2.0,OH,City 13,County 3,Highway 63,2016-02-08 07:39:07,Accident reported on Highway 63 causing major traffic backup for 4 miles (case 63). Police on scene.,100,us,,,,,,,
A-2881,2.0,OH,City 31,County 1,Highway 81,2016-02-08 07:39:07,Accident reported on Highway 81 causing major traffic backup for 2 miles (case 2881). Police on scene.,102,us,,,,,,,
A-1942,2.0,OH,City 42,County 2,Highway 42,2016-02-08 07:39:07,Accident reported on Highway 42 causing major traffic backup for 3 miles (case 1942). Police on scene.,102,us,,,,,,,
A-3411,2.0,OH,City 11,County 11,Highway 11,2016-02-08 07:39:07,Accident reported on Highway 11 causing major traffic backup for 2 miles (case 3411). Police on scene.,102,us,,,,,,,
A-4936,2.0,OH,City 36,County 16,Highway 36,2016-02-08 07:39:07,Accident reported on Highway 36 causing major traffic backup for 2 miles (case 4936). Police on scene.,102,us,,,,,,,
A-1082,2.0,OH,City 32,County 2,Highway 82,2016-02-08 07:39:07,Accident reported on Highway 82 causing major traffic backup for 3 miles (case 1082). Police on scene.,102,us,,,,,,,
A-4152,2.0,OH,City 2,County 12,Highway 52,2016-02-08 07:39:07,Accident reported on Highway 52 causing major traffic backup for 3 miles (case 4152). Police on scene.,102,us,,,,,,,
A-3125,2.0,OH,City 25,County 5,Highway 25,2016-02-08 07:39:07,Accident reported on Highway 25 causing major traffic backup for 1 miles (case 3125). Police on scene.,102,us,,,,,,,
A-2487,2.0,OH,City 37,County 7,Highway 87,2016-02-08 07:39:07,Accident reported on Highway 87 causing major traffic backup for 3 miles (case 2487). Police on scene.,102,us,,,,,,,
A-944,2.0,OH,City 44,County 4,Highway 44,2016-02-08 07:39:07,Accident reported on Highway 44 causing major traffic backup for 5 miles (case 944). Police on scene.,101,us,,,,,,,
A-1084,2.0,OH,City 34,County 4,Highway 84,2016-02-08 07:39:07,Accident reported on Highway 84 causing major traffic backup for 5 miles (case 1084). Police on scene.,102,us,,,,,,,
A-191,2.0,OH,City 41,County 11,Highway 91,2016-02-08 07:39:07,Accident reported on Highway 91 causing major traffic backup for 2 miles (case 191). Police on scene.,101,us,,,,,,,
A-2633,2.0,OH,City 33,County 13,Highway 33,2016-02-08 07:39:07,Accident reported on Highway 33 causing major traffic backup for 4 miles (case 2633). Police on scene.,102,us,,,,,,,
A-2089,2.0,OH,City 39,County 9,Highway 89,2016-02-08 07:39:07,Accident reported on Highway 89 causing major traffic backup for 5 miles (case 2089). Police on scene.,102,us,,,,,,,
A-2253,2.0,OH,City 3,County 13,Highway 53,2016-02-08 07:39:07,Accident reported on Highway 53 causing major traffic backup for 4 miles (case 2253). Police on scene.,102,us,,,,,,,
A-4890,2.0,OH,City 40,County 10,Highway 90,2016-02-08 07:39:07,Accident reported on Highway 90 causing major traffic backup for 1 miles (case 4890). Police on scene.,102,us,,,,,,,
A-2027,2.0,OH,City 27,County 7,Highway 27,2016-02-08 07:39:07,Accident reported on Highway 27 causing major traffic backup for 3 miles (case 2027). Police on scene.,102,us,,,,,,,
A-2681,2.0,OH,City 31,County 1,Highway 81,2016-02-08 07:39:07,Accident reported on Highway 81 causing major traffic backup for 2 miles (case 2681). Police on scene.,102,us,,,,,,,
A-4045,2.0,OH,City 45,County 5,Highway 45,2016-02-08 07:39:07,Accident reported on Highway 45 causing major traffic backup for 1 miles (case 4045). Police on scene.,102,us,,,,,,,
A-4069,2.0,OH,City 19,County 9,Highway 69,2016-02-08 07:39:07,Accident reported on Highway 69 causing major traffic backup for 5 miles (case 4069). Police on scene.,102,us,,,,,,,
A-230,2.0,OH,City 30,County 10,Highway 30,2016-02-08 07:39:07,Accident reported on Highway 30 causing major traffic backup for 1 miles (case 230). Police on scene.,101,us,,,,,,,
A-3302,2.0,OH,City 2,County 2,Highway 2,2016-02-08 07:39:07,Accident reported on Highway 2 causing major traffic backup for 3 miles (case 3302). Police on scene.,101,us,,,,,,,
A-1933,2.0,OH,City 33,County 13,Highway 33,2016-02-08 07:39:07,Accident reported on Highway 33 causing major traffic backup for 4 miles (case 1933). Police on scene.,102,us,,,,,,,
A-3053,2.0,OH,City 3,County 13,Highway 53,2016-02-08 07:39:07,Accident reported on Highway 53 causing major traffic backup for 4 miles (case 3053). Police on scene.,102,us,,,,,,,
A-4490,2.0,OH,City 40,County 10,Highway 90,2016-02-08 07:39:07,Accident reported on Highway 90 causing major traffic backup for 1 miles (case 4490). Police on scene.,102,us,,,,,,,
A-1408,2.0,OH,City 8,County 8,Highway 8,2016-02-08 07:39:07,Accident reported on Highway 8 causing major traffic backup for 4 miles (case 1408). Police on scene.,101,us,,,,,,,
A-2183,2.0,OH,City 33,County 3,Highway 83,2016-02-08 07:39:07,Accident reported on Highway 83 causing major traffic backup for 4 miles (case 2183). Police on scene.,102,us,,,,,,,
A-701,2.0,OH,City 1,County 1,Highway 1,2016-02-08 07:39:07,Accident reported on Highway 1 causing major traffic backup for 2 miles (case 701). Police on scene.,100,us,,,,,,,
A-1128,2.0,OH,City 28,County 8,Highway 28,2016-02-08 07:39:07,Accident reported on Highway 28 causing major traffic backup for 4 miles (case 1128). Police on scene.,102,us,,,,,,,
A-2793,2.0,OH,City 43,County 13,Highway 93,2016-02-08 07:39:07,Accident reported on Highway 93 causing major traffic backup for 4 miles (case 2793). Police on scene.,102,us,,,,,,,
A-3149,2.0,OH,City 49,County 9,Highway 49,2016-02-08 07:39:07,Accident reported on Highway 49 causing major traffic backup for 5 miles (case 3149). Police on scene.,102,us,,,,,,,
A-1782,2.0,OH,City 32,County 2,Highway 82,2016-02-08 07:39:07,Accident reported on Highway 82 causing major traffic backup for 3 miles (case 1782). Police on scene.,102,us,,,,,,,
A-3715,2.0,OH,City 15,County 15,Highway 15,2016-02-08 07:39:07,Accident reported on Highway 15 causing major traffic backup for 1 miles (case 3715). Police on scene.,102,us,,,,,,,
A-1041,2.0,OH,City 41,County 1,Highway 41,2016-02-08 07:39:07,Accident reported on Highway 41 causing major traffic backup for 2 miles (case 1041). Police on scene.,102,us,,,,,,,
A-4176,2.0,OH,City 26,County 16,Highway 76,2016-02-08 07:39:07,Accident reported on Highway 76 causing major traffic backup for 2 miles (case 4176). Police on scene.,102,us,,,,,,,
A-2260,2.0,OH,City 10,County 0,Highway 60,2016-02-08 07:39:07,Accident reported on Highway 60 causing major traffic backup for 1 miles (case 2260). Police on scene.,102,us,,,,,,,
A-317,2.0,OH,City 17,County 17,Highway 17,2016-02-08 07:39:07,Accident reported on Highway 17 causing major traffic backup for 3 miles (case 317). Police on scene.,101,us,,,,,,,
A-2285,2.0,OH,City 35,County 5,Highway 85,2016-02-08 07:39:07,Accident reported on Highway 85 causing major traffic backup for 1 miles (case 2285). Police on scene.,102,us,,,,,,,
A-1420,2.0,OH,City 20,County 0,Highway 20,2016-02-08 07:39:07,Accident reported on Highway 20 causing major traffic backup for 1 miles (case 1420). Police on scene.,102,us,,,,,,,
A-1040,2.0,OH,City 40,County 0,Highway 40,2016-02-08 07:39:07,Accident reported on Highway 40 causing major traffic backup for 1 miles (case 1040). Police on scene.,102,us,,,,,,,
A-2163,2.0,OH,City 13,County 3,Highway 63,2016-02-08 07:39:07,Accident reported on Highway 63 causing major traffic backup for 4 miles (case 2163). Police on scene.,102,us,,,,,,,
A-4164,2.0,OH,City 14,County 4,Highway 64,2016-02-08 07:39:07,Accident reported on Highway 64 causing major traffic backup for 5 miles (case 4164). Police on scene.,102,us,,,,,,,
A-1758,2.0,OH,City 8,County 18,Highway 58,2016-02-08 07:39:07,Accident reported on Highway 58 causing major traffic backup for 4 miles (case 1758). Police on scene.,102,us,,,,,,,
A-3110,2.0,OH,City 10,County 10,Highway 10,2016-02-08 07:39:07,Accident reported on Highway 10 causing major traffic backup for 1 miles (case 3110). Police on scene.,102,us,,,,,,,
A-2811,2.0,OH,City 11,County 11,Highway 11,2016-02-08 07:39:07,Accident reported on Highway 11 causing major traffic backup for 2 miles (case 2811). Police on scene.,102,us,,,,,,,
A-4870,2.0,OH,City 20,County 10,Highway 70,2016-02-08 07:39:07,Accident reported on Highway 70 causing major traffic backup for 1 miles (case 4870). Police on scene.,102,us,,,,,,,
A-3366,2.0,OH,City 16,County 6,Highway 66,2016-02-08 07:39:07,Accident reported on Highway 66 causing major traffic backup for 2 miles (case 3366). Police on scene.,102,us,,,,,,,
A-3343,2.0,OH,City 43,County 3,Highway 43,2016-02-08 07:39:07,Accident reported on Highway 43 causing major traffic backup for 4 miles (case 3343). Police on scene.,102,us,,,,,,,
A-3429,2.0,OH,City 29,County 9,Highway 29,2016-02-08 07:39:07,Accident reported on Highway 29 causing major traffic backup for 5 miles (case 3429). Police on scene.,102,us,,,,,,,
A-1510,2.0,OH,City 10,County 10,Highway 10,2016-02-08 07:39:07,Accident reported on Highway 10 causing major traffic backup for 1 miles (case 1510). Police on scene.,102,us,,,,,,,
A-1927,2.0,OH,City 27,County 7,Highway 27,2016-02-08 07:39:07,Accident reported on Highway 27 causing major traffic backup for 3 miles (case 1927). Police on scene.,102,us,,,,,,,
A-452,2.0,OH,City 2,County 12,Highway 52,2016-02-08 07:39:07,Accident reported on Highway 52 causing major traffic backup for 3 miles (case 452). Police on scene.,101,us,,,,,,,
A-2442,2.0,OH,City 42,County 2,Highway 42,2016-02-08 07:39:07,Accident reported on Highway 42 causing major traffic backup for 3 miles (case 2442). Police on scene.,102,us,,,,,,,
A-4035,2.0,OH,City 35,County 15,Highway 35,2016-02-08 07:39:07,Accident reported on Highway 35 causing major traffic backup for 1 miles (case 4035). Police on scene.,102,us,,,,,,,
A-4969,2.0,OH,City 19,County 9,Highway 69,2016-02-08 07:39:07,Accident reported on Highway 69 causing major traffic backup for 5 miles (case 4969). Police on scene.,102,us,,,,,,,
A-2563,2.0,OH,City 13,County 3,Highway 63,2016-02-08 07:39:07,Accident reported on Highway 63 causing major traffic backup for 4 miles (case 2563). Police on scene.,102,us,,,,,,,
A-365,2.0,OH,City 15,County 5,Highway 65,2016-02-08 07:39:07,Accident reported on Highway 65 causing major traffic backup for 1 miles (case 365). Police on scene.,101,us,,,,,,,
A-2187,2.0,OH,City 37,County 7,Highway 87,2016-02-08 07:39:07,Accident reported on Highway 87 causing major traffic backup for 3 miles (case 2187). Police on scene.,102,us,,,,,,,
A-1138,2.0,OH,City 38,County 18,Highway 38,2016-02-08 07:39:07,Accident reported on Highway 38 causing major traffic backup for 4 miles (case 1138). Police on scene.,102,us,,,,,,,
A-3877,2.0,OH,City 27,County 17,Highway 77,2016-02-08 07:39:07,Accident reported on Highway 77 causing major traffic backup for 3 miles (case 3877). Police on scene.,102,us,,,,,,,
A-2159,2.0,OH,City 9,County 19,Highway 59,2016-02-08 07:39:07,Accident reported on Highway 59 causing major traffic backup for 5 miles (case 2159). Police on scene.,102,us,,,,,,,
A-1834,2.0,OH,City 34,County 14,Highway 34,2016-02-08 07:39:07,Accident reported on Highway 34 causing major traffic backup for 5 miles (case 1834). Police on scene.,102,us,,,,,,,
A-1057,2.0,OH,City 7,County 17,Highway 57,2016-02-08 07:39:07,Accident reported on Highway 57 causing major traffic backup for 3 miles (case 1057). Police on scene.,102,us,,,,,,,
A-26,2.0,OH,City 26,County 6,Highway 26,2016-02-08 07:39:07,Accident reported on Highway 26 causing major traffic backup for 2 miles (case 26). Police on scene.,100,us,,,,,,,
A-2070,2.0,OH,City 20,County 10,Highway 70,2016-02-08 07:39:07,Accident reported on Highway 70 causing major traffic backup for 1 miles (case 2070). Police on scene.,102,us,,,,,,,
A-1657,2.0,OH,City 7,County 17,Highway 57,2016-02-08 07:39:07,Accident reported on Highway 57 causing major traffic backup for 3 miles (case 1657). Police on scene.,102,us,,,,,,,
A-3463,2.0,OH,City 13,County 3,Highway 63,2016-02-08 07:39:07,Accident reported on Highway 63 causing major traffic backup for 4 miles (case 3463). Police on scene.,102,us,,,,,,,
A-3208,2.0,OH,City 8,County 8,Highway 8,2016-02-08 07:39:07,Accident reported on Highway 8 causing major traffic backup for 4 miles (case 3208). Police on scene.,101,us,,,,,,,
A-2999,2.0,OH,City 49,County 19,Highway 99,2016-02-08 07:39:07,Accident reported on Highway 99 causing major traffic backup for 5 miles (case 2999). Police on scene.,102,us,,,,,,,
A-4860,2.0,OH,City 10,County 0,Highway 60,2016-02-08 07:39:07,Accident reported on Highway 60 causing major traffic backup for 1 miles (case 4860). Police on scene.,102,us,,,,,,,
A-2329,2.0,OH,City 29,County 9,Highway 29,2016-02-08 07:39:07,Accident reported on Highway 29 causing major traffic backup for 5 miles (case 2329). Police on scene.,102,us,,,,,,,
A-464,2.0,OH,City 14,County 4,Highway 64,2016-02-08 07:39:07,Accident reported on Highway 64 causing major traffic backup for 5 miles (case 464). Police on scene.,101,us,,,,,,,
A-1071,2.0,OH,City 21,County 11,Highway 71,2016-02-08 07:39:07,Accident reported on Highway 71 causing major traffic backup for 2 miles (case 1071). Police on scene.,102,us,,,,,,,
A-91,2.0,OH,City 41,County 11,Highway 91,2016-02-08 07:39:07,Accident reported on Highway 91 causing major traffic backup for 2 miles (case 91). Police on scene.,100,us,,,,,,,
A-1434,2.0,OH,City 34,County 14,Highway 34,2016-02-08 07:39:07,Accident reported on Highway 34 causing major traffic backup for 5 miles (case 1434). Police on scene.,102,us,,,,,,,
A-2646,2.0,OH,City 46,County 6,Highway 46,2016-02-08 07:39:07,Accident reported on Highway 46 causing major traffic backup for 2 miles (case 2646). Police on scene.,102,us,,,,,,,
A-286,2.0,OH,City 36,County 6,Highway 86,2016-02-08 07:39:07,Accident reported on Highway 86 causing major traffic backup for 2 miles (case 286). Police on scene.,101,us,,,,,,,
A-466,2.0,OH,City 16,County 6,Highway 66,2016-02-08 07:39:07,Accident reported on Highway 66 causing major traffic backup for 2 miles (case 466). Police on scene.,101,us,,,,,,,
A-216,2.0,OH,City 16,County 16,Highway 16,2016-02-08 07:39:07,Accident reported on Highway 16 causing major traffic backup for 2 miles (case 216). Police on scene.,101,us,,,,,,,
A-2663,2.0,OH,City 13,County 3,Highway 63,2016-02-08 07:39:07,Accident reported on Highway 63 causing major traffic backup for 4 miles (case 2663). Police on scene.,102,us,,,,,,,
A-1372,2.0,OH,City 22,County 12,Highway 72,2016-02-08 07:39:07,Accident reported on Highway 72 causing major traffic backup for 3 miles (case 1372). Police on scene.,102,us,,,,,,,
A-238,2.0,OH,City 38,County 18,Highway 38,2016-02-08 07:39:07,Accident reported on Highway 38 causing major traffic backup for 4 miles (case 238). Police on scene.,101,us,,,,,,,
A-2769,2.0,OH,City 19,County 9,Highway 69,2016-02-08 07:39:07,Accident reported on Highway 69 causing major traffic backup for 5 miles (case 2769). Police on scene.,102,us,,,,,,,
A-601,2.0,OH,City 1,County 1,Highway 1,2016-02-08 07:39:07,Accident reported on Highway 1 causing major traffic backup for 2 miles (case 601). Police on scene.,100,us,,,,,,,
A-4421,2.0,OH,City 21,County 1,Highway 21,2016-02-08 07:39:07,Accident reported on Highway 21 causing major traffic backup for 2 miles (case 4421). Police on scene.,102,us,,,,,,,
A-2254,2.0,OH,City 4,County 14,Highway 54,2016-02-08 07:39:07,Accident reported on Highway 54 causing major traffic backup for 5 miles (case 2254). Police on scene.,102,us,,,,,,,
A-4028,2.0,OH,City 28,County 8,Highway 28,2016-02-08 07:39:07,Accident reported on Highway 28 causing major traffic backup for 4 miles (case 4028). Police on scene.,102,us,,,,,,,
A-2287,2.0,OH,City 37,County 7,Highway 87,2016-02-08 07:39:07,Accident reported on Highway 87 causing major traffic backup for 3 miles (case 2287). Police on scene.,102,us,,,,,,,
A-666,2.0,OH,City 16,County 6,Highway 66,2016-02-08 07:39:07,Accident reported on Highway 66 causing major traffic backup for 2 miles (case 666). Police on scene.,101,us,,,,,,,
A-4963,2.0,OH,City 13,County 3,Highway 63,2016-02-08 07:39:07,Accident reported on Highway 63 causing major traffic backup for 4 miles (case 4963). Police on scene.,102,us,,,,,,,
A-2289,2.0,OH,City 39,County 9,Highway 89,2016-02-08 07:39:07,Accident reported on Highway 89 causing major traffic backup for 5 miles (case 2289). Police on scene.,102,us,,,,,,,
A-4716,2.0,OH,City 16,County 16,Highway 16,2016-02-08 07:39:07,Accident reported on Highway 16 causing major traffic backup for 2 miles (case 4716). Police on scene.,102,us,,,,,,,
A-3191,2.0,OH,City 41,County 11,Highway 91,2016-02-08 07:39:07,Accident reported on Highway 91 causing major traffic backup for 2 miles (case 3191). Police on scene.,102,us,,,,,,,
A-2502,2.0,OH,City 2,County 2,Highway 2,2016-02-08 07:39:07,Accident reported on Highway 2 causing major traffic backup for 3 miles (case 2502). Police on scene.,101,us,,,,,,,
A-3430,2.0,OH,City 30,County 10,Highway 30,2016-02-08 07:39:07,Accident reported on Highway 30 causing major traffic backup for 1 miles (case 3430). Police on scene.,102,us,,,,,,,
A-783,2.0,OH,City 33,County 3,Highway 83,2016-02-08 07:39:07,Accident reported on Highway 83 causing major traffic backup for 4 miles (case 783). Police on scene.,101,us,,,,,,,
A-3374,2.0,OH,City 24,County 14,Highway 74,2016-02-08 07:39:07,Accident reported on Highway 74 causing major traffic backup for 5 miles (case 3374). Police on scene.,102,us,,,,,,,
A-3975,2.0,OH,City 25,County 15,Highway 75,2016-02-08 07:39:07,Accident reported on Highway 75 causing major traffic backup for 1 miles (case 3975). Police on scene.,102,us,,,,,,,
A-4073,2.0,OH,City 23,County 13,Highway 73,2016-02-08 07:39:07,Accident reported on Highway 73 causing major traffic backup for 4 miles (case 4073). Police on scene.,102,us,,,,,,,
A-3910,2.0,OH,City 10,County 10,Highway 10,2016-02-08 07:39:07,Accident reported on Highway 10 causing major traffic backup for 1 miles (case 3910). Police on scene.,102,us,,,,,,,
A-4835,2.0,OH,City 35,County 15,Highway 35,2016-02-08 07:39:07,Accident reported on Highway 35 causing major traffic backup for 1 miles (case 4835). Police on scene.,102,us,,,,,,,
A-689,2.0,OH,City 39,County 9,Highway 89,2016-02-08 07:39:07,Accident reported on Highway 89 causing major traffic backup for 5 miles (case 689). Police on scene.,101,us,,,,,,,
A-3167,2.0,OH,City 17,County 7,Highway 67,2016-02-08 07:39:07,Accident reported on Highway 67 causing major traffic backup for 3 miles (case 3167). Police on scene.,102,us,,,,,,,
A-2746,2.0,OH,City 46,County 6,Highway 46,2016-02-08 07:39:07,Accident reported on Highway 46 causing major traffic backup for 2 miles (case 2746). Police on scene.,102,us,,,,,,,
A-3432,2.0,OH,City 32,County 12,Highway 32,2016-02-08 07:39:07,Accident reported on Highway 32 causing major traffic backup for 3 miles (case 3432). Police on scene.,102,us,,,,,,,
A-2175,2.0,OH,City 25,County 15,Highway 75,2016-02-08 07:39:07,Accident reported on Highway 75 causing major traffic backup for 1 miles (case 2175). Police on scene.,102,us,,,,,,,
A-2666,2.0,OH,City 16,County 6,Highway 66,2016-02-08 07:39:07,Accident reported on Highway 66 causing major traffic backup for 2 miles (case 2666). Police on scene.,102,us,,,,,,,
A-1854,2.0,OH,City 4,County 14,Highway 54,2016-02-08 07:39:07,Accident reported on Highway 54 causing major traffic backup for 5 miles (case 1854). Police on scene.,102,us,,,,,,,
A-491,2.0,OH,City 41,County 11,Highway 91,2016-02-08 07:39:07,Accident reported on Highway 91 causing major traffic backup for 2 miles (case 491). Police on scene.,101,us,,,,,,,
A-1692,2.0,OH,City 42,County 12,Highway 92,2016-02-08 07:39:07,Accident reported on Highway 92 causing major traffic backup for 3 miles (case 1692). Police on scene.,102,us,,,,,,,
A-2234,2.0,OH,City 34,County 14,Highway 34,2016-02-08 07:39:07,Accident reported on Highway 34 causing major traffic backup for 5 miles (case 2234). Police on scene.,102,us,,,,,,,
A-3262,2.0,OH,City 12,County 2,Highway 62,2016-02-08 07:39:07,Accident reported on Highway 62 causing major traffic backup for 3 miles (case 3262). Police on scene.,102,us,,,,,,,
A-2324,2.0,OH,City 24,County 4,Highway 24,2016-02-08 07:39:07,Accident reported on Highway 24 causing major traffic backup for 5 miles (case 2324). Police on scene.,102,us,,,,,,,
A-786,2.0,OH,City 36,County 6,Highway 86,2016-02-08 07:39:07,Accident reported on Highway 86 causing major traffic backup for 2 miles (case 786). Police on scene.,101,us,,,,,,,
A-525,2.0,OH,City 25,County 5,Highway 25,2016-02-08 07:39:07,Accident reported on Highway 25 causing major traffic backup for 1 miles (case 525). Police on scene.,101,us,,,,,,,
A-526,2.0,OH,City 26,County 6,Highway 26,2016-02-08 07:39:07,Accident reported on Highway 26 causing major traffic backup for 2 miles (case 526). Police on scene.,101,us,,,,,,,
A-4439,2.0,OH,City 39,County 19,Highway 39,2016-02-08 07:39:07,Accident reported on Highway 39 causing major traffic backup for 5 miles (case 4439). Police on scene.,102,us,,,,,,,
A-3949,2.0,OH,City 49,County 9,Highway 49,2016-02-08 07:39:07,Accident reported on Highway 49 causing major traffic backup for 5 miles (case 3949). Police on scene.,102,us,,,,,,,
A-2402,2.0,OH,City 2,County 2,Highway 2,2016-02-08 07:39:07,Accident reported on Highway 2 causing major traffic backup for 3 miles (case 2402). Police on scene.,101,us,,,,,,,
A-2211,2.0,OH,City 11,County 11,Highway 11,2016-02-08 07:39:07,Accident reported on Highway 11 causing major traffic backup for 2 miles (case 2211). Police on scene.,102,us,,,,,,,
A-3475,2.0,OH,City 25,County 15,Highway 75,2016-02-08 07:39:07,Accident reported on Highway 75 causing major traffic backup for 1 miles (case 3475). Police on scene.,102,us,,,,,,,
A-4594,2.0,OH,City 44,County 14,Highway 94,2016-02-08 07:39:07,Accident reported on Highway 94 causing major traffic backup for 5 miles (case 4594). Police on scene.,102,us,,,,,,,
A-4604,2.0,OH,City 4,County 4,Highway 4,2016-02-08 07:39:07,Accident reported on Highway 4 causing major traffic backup for 5 miles (case 4604). Police on scene.,101,us,,,,,,,
A-4601,2.0,OH,City 1,County 1,Highway 1,2016-02-08 07:39:07,Accident reported on Highway 1 causing major traffic backup for 2 miles (case 4601). Police on scene.,101,us,,,,,,,
A-1515,2.0,OH,City 15,County 15,Highway 15,2016-02-08 07:39:07,Accident reported on Highway 15 causing major traffic backup for 1 miles (case 1515). Police on scene.,102,us,,,,,,,
A-1886,2.0,OH,City 36,County 6,Highway 86,2016-02-08 07:39:07,Accident reported on Highway 86 causing major traffic backup for 2 miles (case 1886). Police on scene.,102,us,,,,,,,
A-655,2.0,OH,City 5,County 15,Highway 55,2016-02-08 07:39:07,Accident reported on Highway 55 causing major traffic backup for 1 miles (case 655). Police on scene.,101,us,,,,,,,
A-2784,2.0,OH,City 34,County 4,Highway 84,2016-02-08 07:39:07,Accident reported on Highway 84 causing major traffic backup for 5 miles (case 2784). Police on scene.,102,us,,,,,,,
A-3200,2.0,OH,City 0,County 0,Highway 0,2016-02-08 07:39:07,Accident reported on Highway 0 causing major traffic backup for 1 miles (case 3200). Police on scene.,101,us,,,,,,,
A-373,2.0,OH,City 23,County 13,Highway 73,2016-02-08 07:39:07,Accident reported on Highway 73 causing major traffic backup for 4 miles (case 373). Police on scene.,101,us,,,,,,,
A-2638,2.0,OH,City 38,County 18,Highway 38,2016-02-08 07:39:07,Accident reported on Highway 38 causing major traffic backup for 4 miles (case 2638). Police on scene.,102,us,,,,,,,
A-122,2.0,OH,City 22,County 2,Highway 22,2016-02-08 07:39:07,Accident reported on Highway 22 causing major traffic backup for 3 miles (case 122). Police on scene.,101,us,,,,,,,
A-4355,2.0,OH,City 5,County 15,Highway 55,2016-02-08 07:39:07,Accident reported on Highway 55 causing major traffic backup for 1 miles (case 4355). Police on scene.,102,us,,,,,,,
A-3716,2.0,OH,City 16,County 16,Highway 16,2016-02-08 07:39:07,Accident reported on Highway 16 causing major traffic backup for 2 miles (case 3716). Police on scene.,102,us,,,,,,,
A-2220,2.0,OH,City 20,County 0,Highway 20,2016-02-08 07:39:07,Accident reported on Highway 20 causing major traffic backup for 1 miles (case 2220). Police on scene.,102,us,,,,,,,
A-3540,2.0,OH,City 40,County 0,Highway 40,2016-02-08 07:39:07,Accident reported on Highway 40 causing major traffic backup for 1 miles (case 3540). Police on scene.,102,us,,,,,,,
A-1617,2.0,OH,City 17,County 17,Highway 17,2016-02-08 07:39:07,Accident reported on Highway 17 causing major traffic backup for 3 miles (case 1617). Police on scene.,102,us,,,,,,,
A-2911,2.0,OH,City 11,County 11,Highway 11,2016-02-08 07:39:07,Accident reported on Highway 11 causing major traffic backup for 2 miles (case 2911). Police on scene.,102,us,,,,,,,
A-966,2.0,OH,City 16,County 6,Highway 66,2016-02-08 07:39:07,Accident reported on Highway 66 causing major traffic backup for 2 miles (case 966). Police on scene.,101,us,,,,,,,
A-2514,2.0,OH,City 14,County 14,Highway 14,2016-02-08 07:39:07,Accident reported on Highway 14 causing major traffic backup for 5 miles (case 2514). Police on scene.,102,us,,,,,,,
A-3545,2.0,OH,City 45,County 5,Highway 45,2016-02-08 07:39:07,Accident reported on Highway 45 causing major traffic backup for 1 miles (case 3545). Police on scene.,102,us,,,,,,,
A-2821,2.0,OH,City 21,County 1,Highway 21,2016-02-08 07:39:07,Accident reported on Highway 21 causing major traffic backup for 2 miles (case 2821). Police on scene.,102,us,,,,,,,
A-3443,2.0,OH,City 43,County 3,Highway 43,2016-02-08 07:39:07,Accident reported on Highway 43 causing major traffic backup for 4 miles (case 3443). Police on scene.,102,us,,,,,,,
A-3030,2.0,OH,City 30,County 10,Highway 30,2016-02-08 07:39:07,Accident reported on Highway 30 causing major traffic backup for 1 miles (case 3030). Police on scene.,102,us,,,,,,,
A-2419,2.0,OH,City 19,County 19,Highway 19,2016-02-08 07:39:07,Accident reported on Highway 19 causing major traffic backup for 5 miles (case 2419). Police on scene.,102,us,,,,,,,
A-4654,2.0,OH,City 4,County 14,Highway 54,2016-02-08 07:39:07,Accident reported on Highway 54 causing major traffic backup for 5 miles (case 4654). Police on scene.,102,us,,,,,,,
A-4237,2.0,OH,City 37,County 17,Highway 37,2016-02-08 07:39:07,Accident reported on Highway 37 causing major traffic backup for 3 miles (case 4237). Police on scene.,102,us,,,,,,,
A-2189,2.0,OH,City 39,County 9,Highway 89,2016-02-08 07:39:07,Accident reported on Highway 89 causing major traffic backup for 5 miles (case 2189). Police on scene.,102,us,,,,,,,
A-2819,2.0,OH,City 19,County 19,Highway 19,2016-02-08 07:39:07,Accident reported on Highway 19 causing major traffic backup for 5 miles (case 2819). Police on scene.,102,us,,,,,,,
A-2041,2.0,OH,City 41,County 1,Highway 41,2016-02-08 07:39:07,Accident reported on Highway 41 causing major traffic backup for 2 miles (case 2041). Police on scene.,102,us,,,,,,,
A-4262,2.0,OH,City 12,County 2,Highway 62,2016-02-08 07:39:07,Accident reported on Highway 62 causing major traffic backup for 3 miles (case 4262). Police on scene.,102,us,,,,,,,
A-776,2.0,OH,City 26,County 16,Highway 76,2016-02-08 07:39:07,Accident reported on Highway 76 causing major traffic backup for 2 miles (case 776). Police on scene.,101,us,,,,,,,
A-1288,2.0,OH,City 38,County 8,Highway 88,2016-02-08 07:39:07,Accident reported on Highway 88 causing major traffic backup for 4 miles (case 1288). Police on scene.,102,us,,,,,,,
A-4603,2.0,OH,City 3,County 3,Highway 3,2016-02-08 07:39:07,Accident reported on Highway 3 causing major traffic backup for 4 miles (case 4603). Police on scene.,101,us,,,,,,,
A-4736,2.0,OH,City 36,County 16,Highway 36,2016-02-08 07:39:07,Accident reported on Highway 36 causing major traffic backup for 2 miles (case 4736). Police on scene.,102,us,,,,,,,
A-1418,2.0,OH,City 18,County 18,Highway 18,2016-02-08 07:39:07,Accident reported on Highway 18 causing major traffic backup for 4 miles (case 1418). Police on scene.,102,us,,,,,,,
A-1238,2.0,OH,City 38,County 18,Highway 38,2016-02-08 07:39:07,Accident reported on Highway 38 causing major traffic backup for 4 miles (case 1238). Police on scene.,102,us,,,,,,,
A-2698,2.0,OH,City 48,County 18,Highway 98,2016-02-08 07:39:07,Accident reported on Highway 98 causing major traffic backup for 4 miles (case 2698). Police on scene.,102,us,,,,,,,
A-439,2.0,OH,City 39,County 19,Highway 39,2016-02-08 07:39:07,Accident reported on Highway 39 causing major traffic backup for 5 miles (case 439). Police on scene.,101,us,,,,,,,
A-1678,2.0,OH,City 28,County 18,Highway 78,2016-02-08 07:39:07,Accident reported on Highway 78 causing major traffic backup for 4 miles (case 1678). Police on scene.,102,us,,,,,,,
A-369,2.0,OH,City 19,County 9,Highway 69,2016-02-08 07:39:07,Accident reported on Highway 69 causing major traffic backup for 5 miles (case 369). Police on scene.,101,us,,,,,,,
A-2648,2.0,OH,City 48,County 8,Highway 48,2016-02-08 07:39:07,Accident reported on Highway 48 causing major traffic backup for 4 miles (case 2648). Police on scene.,102,us,,,,,,,
A-235,2.0,OH,City 35,County 15,Highway 35,2016-02-08 07:39:07,Accident reported on Highway 35 causing major traffic backup for 1 miles (case 235). Police on scene.,101,us,,,,,,,
A-4268,2.0,OH,City 18,County 8,Highway 68,2016-02-08 07:39:07,Accident reported on Highway 68 causing major traffic backup for 4 miles (case 4268). Police on scene.,102,us,,,,,,,
A-4038,2.0,OH,City 38,County 18,Highway 38,2016-02-08 07:39:07,Accident reported on Highway 38 causing major traffic backup for 4 miles (case 4038). Police on scene.,102,us,,,,,,,
A-4400,2.0,OH,City 0,County 0,Highway 0,2016-02-08 07:39:07,Accident reported on Highway 0 causing major traffic backup for 1 miles (case 4400). Police on scene.,101,us,,,,,,,
A-411,2.0,OH,City 11,County 11,Highway 11,2016-02-08 07:39:07,Accident reported on Highway 11 causing major traffic backup for 2 miles (case 411). Police on scene.,101,us,,,,,,,
A-2094,2.0,OH,City 44,County 14,Highway 94,2016-02-08 07:39:07,Accident reported on Highway 94 causing major traffic backup for 5 miles (case 2094). Police on scene.,102,us,,,,,,,
A-90,2.0,OH,City 40,County 10,Highway 90,2016-02-08 07:39:07,Accident reported on Highway 90 causing major traffic backup for 1 miles (case 90). Police on scene.,100,us,,,,,,,
A-848,2.0,OH,City 48,County 8,Highway 48,2016-02-08 07:39:07,Accident reported on Highway 48 causing major traffic backup for 4 miles (case 848). Police on scene.,101,us,,,,,,,
A-1035,2.0,OH,City 35,County 15,Highway 35,2016-02-08 07:39:07,Accident reported on Highway 35 causing major traffic backup for 1 miles (case 1035). Police on scene.,102,us,,,,,,,
A-3960,2.0,OH,City 10,County 0,Highway 60,2016-02-08 07:39:07,Accident reported on Highway 60 causing major traffic backup for 1 miles (case 3960). Police on scene.,102,us,,,,,,,
A-4263,2.0,OH,City 13,County 3,Highway 63,2016-02-08 07:39:07,Accident reported on Highway 63 causing major traffic backup for 4 miles (case 4263). Police on scene.,102,us,,,,,,,
A-4841,2.0,OH,City 41,County 1,Highway 41,2016-02-08 07:39:07,Accident reported on Highway 41 causing major traffic backup for 2 miles (case 4841). Police on scene.,102,us,,,,,,,
A-3689,2.0,OH,City 39,County 9,Highway 89,2016-02-08 07:39:07,Accident reported on Highway 89 causing major traffic backup for 5 miles (case 3689). Police on scene.,102,us,,,,,,,
A-2657,2.0,OH,City 7,County 17,Highway 57,2016-02-08 07:39:07,Accident reported on Highway 57 causing major traffic backup for 3 miles (case 2657). Police on scene.,102,us,,,,,,,
A-859,2.0,OH,City 9,County 19,Highway 59,2016-02-08 07:39:07,Accident reported on Highway 59 causing major traffic backup for 5 miles (case 859). Police on scene.,101,us,,,,,,,
A-82,2.0,OH,City 32,County 2,Highway 82,2016-02-08 07:39:07,Accident reported on Highway 82 causing major traffic backup for 3 miles (case 82). Police on scene.,100,us,,,,,,,
A-2251,2.0,OH,City 1,County 11,Highway 51,2016-02-08 07:39:07,Accident reported on Highway 51 causing major traffic backup for 2 miles (case 2251). Police on scene.,102,us,,,,,,,
A-4571,2.0,OH,City 21,County 11,Highway 71,2016-02-08 07:39:07,Accident reported on Highway 71 causing major traffic backup for 2 miles (case 4571). Police on scene.,102,us,,,,,,,
A-3654,2.0,OH,City 4,County 14,Highway 54,2016-02-08 07:39:07,Accident reported on Highway 54 causing major traffic backup for 5 miles (case 3654). Police on scene.,102,us,,,,,,,
A-2910,2.0,OH,City 10,County 10,Highway 10,2016-02-08 07:39:07,Accident reported on Highway 10 causing major traffic backup for 1 miles (case 2910). Police on scene.,102,us,,,,,,,
A-3438,2.0,OH,City 38,County 18,Highway 38,2016-02-08 07:39:07,Accident reported on Highway 38 causing major traffic backup for 4 miles (case 3438). Police on scene.,102,us,,,,,,,
A-2283,2.0,OH,City 33,County 3,Highway 83,2016-02-08 07:39:07,Accident reported on Highway 83 causing major traffic backup for 4 miles (case 2283). Police on scene.,102,us,,,,,,,
A-4326,2.0,OH,City 26,County 6,Highway 26,2016-02-08 07:39:07,Accident reported on Highway 26 causing major traffic backup for 2 miles (case 4326). Police on scene.,102,us,,,,,,,
A-4332,2.0,OH,City 32,County 12,Highway 32,2016-02-08 07:39:07,Accident reported on Highway 32 causing major traffic backup for 3 miles (case 4332). Police on scene.,102,us,,,,,,,
A-4697,2.0,OH,City 47,County 17,Highway 97,2016-02-08 07:39:07,Accident reported on Highway 97 causing major traffic backup for 3 miles (case 4697). Police on scene.,102,us,,,,,,,
A-3426,2.0,OH,City 26,County 6,Highway 26,2016-02-08 07:39:07,Accident reported on Highway 26 causing major traffic backup for 2 miles (case 3426). Police on scene.,102,us,,,,,,,
A-2180,2.0,OH,City 30,County 0,Highway 80,2016-02-08 07:39:07,Accident reported on Highway 80 causing major traffic backup for 1 miles (case 2180). Police on scene.,102,us,,,,,,,
A-428,2.0,OH,City 28,County 8,Highway 28,2016-02-08 07:39:07,Accident reported on Highway 28 causing major traffic backup for 4 miles (case 428). Police on scene.,101,us,,,,,,,
A-396,2.0,OH,City 46,County 16,Highway 96,2016-02-08 07:39:07,Accident reported on Highway 96 causing major traffic backup for 2 miles (case 396). Police on scene.,101,us,,,,,,,
A-4726,2.0,OH,City 26,County 6,Highway 26,2016-02-08 07:39:07,Accident reported on Highway 26 causing major traffic backup for 2 miles (case 4726). Police on scene.,102,us,,,,,,,
A-3413,2.0,OH,City 13,County 13,Highway 13,2016-02-08 07:39:07,Accident reported on Highway 13 causing major traffic backup for 4 miles (case 3413). Police on scene.,102,us,,,,,,,
A-108,2.0,OH,City 8,County 8,Highway 8,2016-02-08 07:39:07,Accident reported on Highway 8 causing major traffic backup for 4 miles (case 108). Police on scene.,100,us,,,,,,,
A-3095,2.0,OH,City 45,County 15,Highway 95,2016-02-08 07:39:07,Accident reported on Highway 95 causing major traffic backup for 1 miles (case 3095). Police on scene.,102,us,,,,,,,
A-3134,2.0,OH,City 34,County 14,Highway 34,2016-02-08 07:39:07,Accident reported on Highway 34 causing major traffic backup for 5 miles (case 3134). Police on scene.,102,us,,,,,,,
A-1952,2.0,OH,City 2,County 12,Highway 52,2016-02-08 07:39:07,Accident reported on Highway 52 causing major traffic backup for 3 miles (case 1952). Police on scene.,102,us,,,,,,,
A-1463,2.0,OH,City 13,County 3,Highway 63,2016-02-08 07:39:07,Accident reported on Highway 63 causing major traffic backup for 4 miles (case 1463). Police on scene.,102,us,,,,,,,
A-4605,2.0,OH,City 5,County 5,Highway 5,2016-02-08 07:39:07,Accident reported on Highway 5 causing major traffic backup for 1 miles (case 4605). Police on scene.,101,us,,,,,,,
A-4303,2.0,OH,City 3,County 3,Highway 3,2016-02-08 07:39:07,Accident reported on Highway 3 causing major traffic backup for 4 miles (case 4303). Police on scene.,101,us,,,,,,,
A-4674,2.0,OH,City 24,County 14,Highway 74,2016-02-08 07:39:07,Accident reported on Highway 74 causing major traffic backup for 5 miles (case 4674). Police on scene.,102,us,,,,,,,
A-4789,2.0,OH,City 39,County 9,Highway 89,2016-02-08 07:39:07,Accident reported on Highway 89 causing major traffic backup for 5 miles (case 4789). Police on scene.,102,us,,,,,,,
A-1591,2.0,OH,City 41,County 11,Highway 91,2016-02-08 07:39:07,Accident reported on Highway 91 causing major traffic backup for 2 miles (case 1591). Police on scene.,102,us,,,,,,,
A-3657,2.0,OH,City 7,County 17,Highway 57,2016-02-08 07:39:07,Accident reported on Highway 57 causing major traffic backup for 3 miles (case 3657). Police on scene.,102,us,,,,,,,
A-1735,2.0,OH,City 35,County 15,Highway 35,2016-02-08 07:39:07,Accident reported on Highway 35 causing major traffic backup for 1 miles (case 1735). Police on scene.,102,us,,,,,,,
A-4764,2.0,OH,City 14,County 4,Highway 64,2016-02-08 07:39:07,Accident reported on Highway 64 causing major traffic backup for 5 miles (case 4764). Police on scene.,102,us,,,,,,,
A-3711,2.0,OH,City 11,County 11,Highway 11,2016-02-08 07:39:07,Accident reported on Highway 11 causing major traffic backup for 2 miles (case 3711). Police on scene.,102,us,,,,,,,
A-4347,2.0,OH,City 47,County 7,Highway 47,2016-02-08 07:39:07,Accident reported on Highway 47 causing major traffic backup for 3 miles (case 4347). Police on scene.,102,us,,,,,,,
A-1795,2.0,OH,City 45,County 15,Highway 95,2016-02-08 07:39:07,Accident reported on Highway 95 causing major traffic backup for 1 miles (case 1795). Police on scene.,102,us,,,,,,,
A-2359,2.0,OH,City 9,County 19,Highway 59,2016-02-08 07:39:07,Accident reported on Highway 59 causing major traffic backup for 5 miles (case 2359). Police on scene.,102,us,,,,,,,
A-1944,2.0,OH,City 44,County 4,Highway 44,2016-02-08 07:39:07,Accident reported on Highway 44 causing major traffic backup for 5 miles (case 1944). Police on scene.,102,us,,,,,,,
A-706,2.0,OH,City 6,County 6,Highway 6,2016-02-08 07:39:07,Accident reported on Highway 6 causing major traffic backup for 2 miles (case 706). Police on scene.,100,us,,,,,,,
A-2446,2.0,OH,City 46,County 6,Highway 46,2016-02-08 07:39:07,Accident reported on Highway 46 causing major traffic backup for 2 miles (case 2446). Police on scene.,102,us,,,,,,,
A-4941,2.0,OH,City 41,County 1,Highway 41,2016-02-08 07:39:07,Accident reported on Highway 41 causing major traffic backup for 2 miles (case 4941). Police on scene.,102,us,,,,,,,
A-500,2.0,OH,City 0,County 0,Highway 0,2016-02-08 07:39:07,Accident reported on Highway 0 causing major traffic backup for 1 miles (case 500). Police on scene.,100,us,,,,,,,
A-468,2.0,OH,City 18,County 8,Highway 68,2016-02-08 07:39:07,Accident reported on Highway 68 causing major traffic backup for 4 miles (case 468). Police on scene.,101,us,,,,,,,
A-4112,2.0,OH,City 12,County 12,Highway 12,2016-02-08 07:39:07,Accident reported on Highway 12 causing major traffic backup for 3 miles (case 4112). Police on scene.,102,us,,,,,,,
A-4512,2.0,OH,City 12,County 12,Highway 12,2016-02-08 07:39:07,Accident reported on Highway 12 causing major traffic backup for 3 miles (case 4512). Police on scene.,102,us,,,,,,,
A-176,2.0,OH,City 26,County 16,Highway 76,2016-02-08 07:39:07,Accident reported on Highway 76 causing major traffic backup for 2 miles (case 176). Police on scene.,101,us,,,,,,,
A-4350,2.0,OH,City 0,County 10,Highway 50,2016-02-08 07:39:07,Accident reported on Highway 50 causing major traffic backup for 1 miles (case 4350). Police on scene.,102,us,,,,,,,
A-4796,2.0,OH,City 46,County 16,Highway 96,2016-02-08 07:39:07,Accident reported on Highway 96 causing major traffic backup for 2 miles (case 4796). Police on scene.,102,us,,,,,,,
A-2544,2.0,OH,City 44,County 4,Highway 44,2016-02-08 07:39:07,Accident reported on Highway 44 causing major traffic backup for 5 miles (case 2544). Police on scene.,102,us,,,,,,,
A-3260,2.0,OH,City 10,County 0,Highway 60,2016-02-08 07:39:07,Accident reported on Highway 60 causing major traffic backup for 1 miles (case 3260). Police on scene.,102,us,,,,,,,
A-2948,2.0,OH,City 48,County 8,Highway 48,2016-02-08 07:39:07,Accident reported on Highway 48 causing major traffic backup for 4 miles (case 2948). Police on scene.,102,us,,,,,,,
A-2264,2.0,OH,City 14,County 4,Highway 64,2016-02-08 07:39:07,Accident reported on Highway 64 causing major traffic backup for 5 miles (case 2264). Police on scene.,102,us,,,,,,,
A-2116,2.0,OH,City 16,County 16,Highway 16,2016-02-08 07:39:07,Accident reported on Highway 16 causing major traffic backup for 2 miles (case 2116). Police on scene.,102,us,,,,,,,
A-904,2.0,OH,City 4,County 4,Highway 4,2016-02-08 07:39:07,Accident reported on Highway 4 causing major traffic backup for 5 miles (case 904). Police on scene.,100,us,,,,,,,
A-1450,2.0,OH,City 0,County 10,Highway 50,2016-02-08 07:39:07,Accident reported on Highway 50 causing major traffic backup for 1 miles (case 1450). Police on scene.,102,us,,,,,,,
A-3571,2.0,OH,City 21,County 11,Highway 71,2016-02-08 07:39:07,Accident reported on Highway 71 causing major traffic backup for 2 miles (case 3571). Police on scene.,102,us,,,,,,,
A-745,2.0,OH,City 45,County 5,Highway 45,2016-02-08 07:39:07,Accident reported on Highway 45 causing major traffic backup for 1 miles (case 745). Police on scene.,101,us,,,,,,,
A-2297,2.0,OH,City 47,County 17,Highway 97,2016-02-08 07:39:07,Accident reported on Highway 97 causing major traffic backup for 3 miles (case 2297). Police on scene.,102,us,,,,,,,
A-2456,2.0,OH,City 6,County 16,Highway 56,2016-02-08 07:39:07,Accident reported on Highway 56 causing major traffic backup for 2 miles (case 2456). Police on scene.,102,us,,,,,,,
A-2621,2.0,OH,City 21,County 1,Highway 21,2016-02-08 07:39:07,Accident reported on Highway 21 causing major traffic backup for 2 miles (case 2621). Police on scene.,102,us,,,,,,,
A-4075,2.0,OH,City 25,County 15,Highway 75,2016-02-08 07:39:07,Accident reported on Highway 75 causing major traffic backup for 1 miles (case 4075). Police on scene.,102,us,,,,,,,
A-1210,2.0,OH,City 10,County 10,Highway 10,2016-02-08 07:39:07,Accident reported on Highway 10 causing major traffic backup for 1 miles (case 1210). Police on scene.,102,us,,,,,,,
A-513,2.0,OH,City 13,County 13,Highway 13,2016-02-08 07:39:07,Accident reported on Highway 13 causing major traffic backup for 4 miles (case 513). Police on scene.,101,us,,,,,,,
A-2619,2.0,OH,City 19,County 19,Highway 19,2016-02-08 07:39:07,Accident reported on Highway 19 causing major traffic backup for 5 miles (case 2619). Police on scene.,102,us,,,,,,,
A-2800,2.0,OH,City 0,County 0,Highway 0,2016-02-08 07:39:07,Accident reported on Highway 0 causing major traffic backup for 1 miles (case 2800). Police on scene.,101,us,,,,,,,
A-3311,2.0,OH,City 11,County 11,Highway 11,2016-02-08 07:39:07,Accident reported on Highway 11 causing major traffic backup for 2 miles (case 3311). Police on scene.,102,us,,,,,,,
A-1553,2.0,OH,City 3,County 13,Highway 53,2016-02-08 07:39:07,Accident reported on Highway 53 causing major traffic backup for 4 miles (case 1553). Police on scene.,102,us,,,,,,,
A-4664,2.0,OH,City 14,County 4,Highway 64,2016-02-08 07:39:07,Accident reported on Highway 64 causing major traffic backup for 5 miles (case 4664). Police on scene.,102,us,,,,,,,
A-2206,2.0,OH,City 6,County 6,Highway 6,2016-02-08 07:39:07,Accident reported on Highway 6 causing major traffic backup for 2 miles (case 2206). Police on scene.,101,us,,,,,,,
A-2570,2.0,OH,City 20,County 10,Highway 70,2016-02-08 07:39:07,Accident reported on Highway 70 causing major traffic backup for 1 miles (case 2570). Police on scene.,102,us,,,,,,,
A-3498,2.0,OH,City 48,County 18,Highway 98,2016-02-08 07:39:07,Accident reported on Highway 98 causing major traffic backup for 4 miles (case 3498). Police on scene.,102,us,,,,,,,
A-2048,2.0,OH,City 48,County 8,Highway 48,2016-02-08 07:39:07,Accident reported on Highway 48 causing major traffic backup for 4 miles (case 2048). Police on scene.,102,us,,,,,,,
A-771,2.0,OH,City 21,County 11,Highway 71,2016-02-08 07:39:07,Accident reported on Highway 71 causing major traffic backup for 2 miles (case 771). Police on scene.,101,us,,,,,,,
A-4872,2.0,OH,City 22,County 12,Highway 72,2016-02-08 07:39:07,Accident reported on Highway 72 causing major traffic backup for 3 miles (case 4872). Police on scene.,102,us,,,,,,,
A-3735,2.0,OH,City 35,County 15,Highway 35,2016-02-08 07:39:07,Accident reported on Highway 35 causing major traffic backup for 1 miles (case 3735). Police on scene.,102,us,,,,,,,
A-425,2.0,OH,City 25,County 5,Highway 25,2016-02-08 07:39:07,Accident reported on Highway 25 causing major traffic backup for 1 miles (case 425). Police on scene.,101,us,,,,,,,
A-127,2.0,OH,City 27,County 7,Highway 27,2016-02-08 07:39:07,Accident reported on Highway 27 causing major traffic backup for 3 miles (case 127). Police on scene.,101,us,,,,,,,
A-4163,2.0,OH,City 13,County 3,Highway 63,2016-02-08 07:39:07,Accident reported on Highway 63 causing major traffic backup for 4 miles (case 4163). Police on scene.,102,us,,,,,,,
A-2627,2.0,OH,City 27,County 7,Highway 27,2016-02-08 07:39:07,Accident reported on Highway 27 causing major traffic backup for 3 miles (case 2627). Police on scene.,102,us,,,,,,,
A-823,2.0,OH,City 23,County 3,Highway 23,2016-02-08 07:39:07,Accident reported on Highway 23 causing major traffic backup for 4 miles (case 823). Police on scene.,101,us,,,,,,,
A-1407,2.0,OH,City 7,County 7,Highway 7,2016-02-08 07:39:07,Accident reported on Highway 7 causing major traffic backup for 3 miles (case 1407). Police on scene.,101,us,,,,,,,
A-1386,2.0,OH,City 36,County 6,Highway 86,2016-02-08 07:39:07,Accident reported on Highway 86 causing major traffic backup for 2 miles (case 1386). Police on scene.,102,us,,,,,,,
A-2152,2.0,OH,City 2,County 12,Highway 52,2016-02-08 07:39:07,Accident reported on Highway 52 causing major traffic backup for 3 miles (case 2152). Police on scene.,102,us,,,,,,,
A-1579,2.0,OH,City 29,County 19,Highway 79,2016-02-08 07:39:07,Accident reported on Highway 79 causing major traffic backup for 5 miles (case 1579). Police on scene.,102,us,,,,,,,
A-1642,2.0,OH,City 42,County 2,Highway 42,2016-02-08 07:39:07,Accident reported on Highway 42 causing major traffic backup for 3 miles (case 1642). Police on scene.,102,us,,,,,,,
A-1799,2.0,OH,City 49,County 19,Highway 99,2016-02-08 07:39:07,Accident reported on Highway 99 causing major traffic backup for 5 miles (case 1799). Police on scene.,102,us,,,,,,,
A-4815,2.0,OH,City 15,County 15,Highway 15,2016-02-08 07:39:07,Accident reported on Highway 15 causing major traffic backup for 1 miles (case 4815). Police on scene.,102,us,,,,,,,
A-403,2.0,OH,City 3,County 3,Highway 3,2016-02-08 07:39:07,Accident reported on Highway 3 causing major traffic backup for 4 miles (case 403). Police on scene.,100,us,,,,,,,
A-2314,2.0,OH,City 14,County 14,Highway 14,2016-02-08 07:39:07,Accident reported on Highway 14 causing major traffic backup for 5 miles (case 2314). Police on scene.,102,us,,,,,,,
A-886,2.0,OH,City 36,County 6,Highway 86,2016-02-08 07:39:07,Accident reported on Highway 86 causing major traffic backup for 2 miles (case 886). Police on scene.,101,us,,,,,,,
A-4973,2.0,OH,City 23,County 13,Highway 73,2016-02-08 07:39:07,Accident reported on Highway 73 causing major traffic backup for 4 miles (case 4973). Police on scene.,102,us,,,,,,,
A-3086,2.0,OH,City 36,County 6,Highway 86,2016-02-08 07:39:07,Accident reported on Highway 86 causing major traffic backup for 2 miles (case 3086). Police on scene.,102,us,,,,,,,
A-1356,2.0,OH,City 6,County 16,Highway 56,2016-02-08 07:39:07,Accident reported on Highway 56 causing major traffic backup for 2 miles (case 1356). Police on scene.,102,us,,,,,,,
A-3557,2.0,OH,City 7,County 17,Highway 57,2016-02-08 07:39:07,Accident reported on Highway 57 causing major traffic backup for 3 miles (case 3557). Police on scene.,102,us,,,,,,,
A-4551,2.0,OH,City 1,County 11,Highway 51,2016-02-08 07:39:07,Accident reported on Highway 51 causing major traffic backup for 2 miles (case 4551). Police on scene.,102,us,,,,,,,
A-2134,2.0,OH,City 34,County 14,Highway 34,2016-02-08 07:39:07,Accident reported on Highway 34 causing major traffic backup for 5 miles (case 2134). Police on scene.,102,us,,,,,,,
A-986,2.0,OH,City 36,County 6,Highway 86,2016-02-08 07:39:07,Accident reported on Highway 86 causing major traffic backup for 2 miles (case 986). Police on scene.,101,us,,,,,,,
A-460,2.0,OH,City 10,County 0,Highway 60,2016-02-08 07:39:07,Accident reported on Highway 60 causing major traffic backup for 1 miles (case 460). Police on scene.,101,us,,,,,,,
A-3529,2.0,OH,City 29,County 9,Highway 29,2016-02-08 07:39:07,Accident reported on Highway 29 causing major traffic backup for 5 miles (case 3529). Police on scene.,102,us,,,,,,,
A-1083,2.0,OH,City 33,County 3,Highway 83,2016-02-08 07:39:07,Accident reported on Highway 83 causing major traffic backup for 4 miles (case 1083). Police on scene.,102,us,,,,,,,
A-1954,2.0,OH,City 4,County 14,Highway 54,2016-02-08 07:39:07,Accident reported on Highway 54 causing major traffic backup for 5 miles (case 1954). Police on scene.,102,us,,,,,,,
A-4315,2.0,OH,City 15,County 15,Highway 15,2016-02-08 07:39:07,Accident reported on Highway 15 causing major traffic backup for 1 miles (case 4315). Police on scene.,102,us,,,,,,,
A-693,2.0,OH,City 43,County 13,Highway 93,2016-02-08 07:39:07,Accident reported on Highway 93 causing major traffic backup for 4 miles (case 693). Police on scene.,101,us,,,,,,,
A-2433,2.0,OH,City 33,County 13,Highway 33,2016-02-08 07:39:07,Accident reported on Highway 33 causing major traffic backup for 4 miles (case 2433). Police on scene.,102,us,,,,,,,
A-645,2.0,OH,City 45,County 5,Highway 45,2016-02-08 07:39:07,Accident reported on Highway 45 causing major traffic backup for 1 miles (case 645). Police on scene.,101,us,,,,,,,
A-2396,2.0,OH,City 46,County 16,Highway 96,2016-02-08 07:39:07,Accident reported on Highway 96 causing major traffic backup for 2 miles (case 2396). Police on scene.,102,us,,,,,,,
A-1957,2.0,OH,City 7,County 17,Highway 57,2016-02-08 07:39:07,Accident reported on Highway 57 causing major traffic backup for 3 miles (case 1957). Police on scene.,102,us,,,,,,,
A-2747,2.0,OH,City 47,County 7,Highway 47,2016-02-08 07:39:07,Accident reported on Highway 47 causing major traffic backup for 3 miles (case 2747). Police on scene.,102,us,,,,,,,
A-3891,2.0,OH,City 41,County 11,Highway 91,2016-02-08 07:39:07,Accident reported on Highway 91 causing major traffic backup for 2 miles (case 3891). Police on scene.,102,us,,,,,,,
A-3433,2.0,OH,City 33,County 13,Highway 33,2016-02-08 07:39:07,Accident reported on Highway 33 causing major traffic backup for 4 miles (case 3433). Police on scene.,102,us,,,,,,,
A-4444,2.0,OH,City 44,County 4,Highway 44,2016-02-08 07:39:07,Accident reported on Highway 44 causing major traffic backup for 5 miles (case 4444). Police on scene.,102,us,,,,,,,
A-4766,2.0,OH,City 16,County 6,Highway 66,2016-02-08 07:39:07,Accident reported on Highway 66 causing major traffic backup for 2 miles (case 4766). Police on scene.,102,us,,,,,,,
A-2929,2.0,OH,City 29,County 9,Highway 29,2016-02-08 07:39:07,Accident reported on Highway 29 causing major traffic backup for 5 miles (case 2929). Police on scene.,102,us,,,,,,,
A-1888,2.0,OH,City 38,County 8,Highway 88,2016-02-08 07:39:07,Accident reported on Highway 88 causing major traffic backup for 4 miles (case 1888). Police on scene.,102,us,,,,,,,
A-393,2.0,OH,City 43,County 13,Highway 93,2016-02-08 07:39:07,Accident reported on Highway 93 causing major traffic backup for 4 miles (case 393). Police on scene.,101,us,,,,,,,
A-2498,2.0,OH,City 48,County 18,Highway 98,2016-02-08 07:39:07,Accident reported on Highway 98 causing major traffic backup for 4 miles (case 2498). Police on scene.,102,us,,,,,,,
A-3495,2.0,OH,City 45,County 15,Highway 95,2016-02-08 07:39:07,Accident reported on Highway 95 causing major traffic backup for 1 miles (case 3495). Police on scene.,102,us,,,,,,,
A-3861,2.0,OH,City 11,County 1,Highway 61,2016-02-08 07:39:07,Accident reported on Highway 61 causing major traffic backup for 2 miles (case 3861). Police on scene.,102,us,,,,,,,
A-849,2.0,OH,City 49,County 9,Highway 49,2016-02-08 07:39:07,Accident reported on Highway 49 causing major traffic backup for 5 miles (case 849). Police on scene.,101,us,,,,,,,
A-546,2.0,OH,City 46,County 6,Highway 46,2016-02-08 07:39:07,Accident reported on Highway 46 causing major traffic backup for 2 miles (case 546). Police on scene.,101,us,,,,,,,
A-95,2.0,OH,City 45,County 15,Highway 95,2016-02-08 07:39:07,Accident reported on Highway 95 causing major traffic backup for 1 miles (case 95). Police on scene.,100,us,,,,,,,
A-3886,2.0,OH,City 36,County 6,Highway 86,2016-02-08 07:39:07,Accident reported on Highway 86 causing major traffic backup for 2 miles (case 3886). Police on scene.,102,us,,,,,,,
A-1983,2.0,OH,City 33,County 3,Highway 83,2016-02-08 07:39:07,Accident reported on Highway 83 causing major traffic backup for 4 miles (case 1983). Police on scene.,102,us,,,,,,,
A-3971,2.0,OH,City 21,County 11,Highway 71,2016-02-08 07:39:07,Accident reported on Highway 71 causing major traffic backup for 2 miles (case 3971). Police on scene.,102,us,,,,,,,
A-4079,2.0,OH,City 29,County 19,Highway 79,2016-02-08 07:39:07,Accident reported on Highway 79 causing major traffic backup for 5 miles (case 4079). Police on scene.,102,us,,,,,,,
A-3379,2.0,OH,City 29,County 19,Highway 79,2016-02-08 07:39:07,Accident reported on Highway 79 causing major traffic backup for 5 miles (case 3379). Police on scene.,102,us,,,,,,,
A-2533,2.0,OH,City 33,County 13,Highway 33,2016-02-08 07:39:07,Accident reported on Highway 33 causing major traffic backup for 4 miles (case 2533). Police on scene.,102,us,,,,,,,
A-1680,2.0,OH,City 30,County 0,Highway 80,2016-02-08 07:39:07,Accident reported on Highway 80 causing major traffic backup for 1 miles (case 1680). Police on scene.,102,us,,,,,,,
A-1052,2.0,OH,City 2,County 12,Highway 52,2016-02-08 07:39:07,Accident reported on Highway 52 causing major traffic backup for 3 miles (case 1052). Police on scene.,102,us,,,,,,,
A-1964,2.0,OH,City 14,County 4,Highway 64,2016-02-08 07:39:07,Accident reported on Highway 64 causing major traffic backup for 5 miles (case 1964). Police on scene.,102,us,,,,,,,
A-2534,2.0,OH,City 34,County 14,Highway 34,2016-02-08 07:39:07,Accident reported on Highway 34 causing major traffic backup for 5 miles (case 2534). Police on scene.,102,us,,,,,,,
A-2780,2.0,OH,City 30,County 0,Highway 80,2016-02-08 07:39:07,Accident reported on Highway 80 causing major traffic backup for 1 miles (case 2780). Police on scene.,102,us,,,,,,,
A-241,2.0,OH,City 41,County 1,Highway 41,2016-02-08 07:39:07,Accident reported on Highway 41 causing major traffic backup for 2 miles (case 241). Police on scene.,101,us,,,,,,,
A-2964,2.0,OH,City 14,County 4,Highway 64,2016-02-08 07:39:07,Accident reported on Highway 64 causing major traffic backup for 5 miles (case 2964). Police on scene.,102,us,,,,,,,
A-3486,2.0,OH,City 36,County 6,Highway 86,2016-02-08 07:39:07,Accident reported on Highway 86 causing major traffic backup for 2 miles (case 3486). Police on scene.,102,us,,,,,,,
A-1137,2.0,OH,City 37,County 17,Highway 37,2016-02-08 07:39:07,Accident reported on Highway 37 causing major traffic backup for 3 miles (case 1137). Police on scene.,102,us,,,,,,,
A-1809,2.0,OH,City 9,County 9,Highway 9,2016-02-08 07:39:07,Accident reported on Highway 9 causing major traffic backup for 5 miles (case 1809). Police on scene.,101,us,,,,,,,
A-4144,2.0,OH,City 44,County 4,Highway 44,2016-02-08 07:39:07,Accident reported on Highway 44 causing major traffic backup for 5 miles (case 4144). Police on scene.,102,us,,,,,,,
A-167,2.0,OH,City 17,County 7,Highway 67,2016-02-08 07:39:07,Accident reported on Highway 67 causing major traffic backup for 3 miles (case 167). Police on scene.,101,us,,,,,,,
A-4448,2.0,OH,City 48,County 8,Highway 48,2016-02-08 07:39:07,Accident reported on Highway 48 causing major traffic backup for 4 miles (case 4448). Police on scene.,102,us,,,,,,,
A-4709,2.0,OH,City 9,County 9,Highway 9,2016-02-08 07:39:07,Accident reported on Highway 9 causing major traffic backup for 5 miles (case 4709). Police on scene.,101,us,,,,,,,
A-3341,2.0,OH,City 41,County 1,Highway 41,2016-02-08 07:39:07,Accident reported on Highway 41 causing major traffic backup for 2 miles (case 3341). Police on scene.,102,us,,,,,,,
A-3451,2.0,OH,City 1,County 11,Highway 51,2016-02-08 07:39:07,Accident reported on Highway 51 causing major traffic backup for 2 miles (case 3451). Police on scene.,102,us,,,,,,,
A-3197,2.0,OH,City 47,County 17,Highway 97,2016-02-08 07:39:07,Accident reported on Highway 97 causing major traffic backup for 3 miles (case 3197). Police on scene.,102,us,,,,,,,
A-3632,2.0,OH,City 32,County 12,Highway 32,2016-02-08 07:39:07,Accident reported on Highway 32 causing major traffic backup for 3 miles (case 3632). Police on scene.,102,us,,,,,,,
A-3936,2.0,OH,City 36,County 16,Highway 36,2016-02-08 07:39:07,Accident reported on Highway 36 causing major traffic backup for 2 miles (case 3936). Police on scene.,102,us,,,,,,,
A-1815,2.0,OH,City 15,County 15,Highway 15,2016-02-08 07:39:07,Accident reported on Highway 15 causing major traffic backup for 1 miles (case 1815). Police on scene.,102,us,,,,,,,
A-3388,2.0,OH,City 38,County 8,Highway 88,2016-02-08 07:39:07,Accident reported on Highway 88 causing major traffic backup for 4 miles (case 3388). Police on scene.,102,us,,,,,,,
A-3147,2.0,OH,City 47,County 7,Highway 47,2016-02-08 07:39:07,Accident reported on Highway 47 causing major traffic backup for 3 miles (case 3147). Police on scene.,102,us,,,,,,,
A-1432,2.0,OH,City 32,County 12,Highway 32,2016-02-08 07:39:07,Accident reported on Highway 32 causing major traffic backup for 3 miles (case 1432). Police on scene.,102,us,,,,,,,
A-3611,2.0,OH,City 11,County 11,Highway 11,2016-02-08 07:39:07,Accident reported on Highway 11 causing major traffic backup for 2 miles (case 3611). Police on scene.,102,us,,,,,,,
A-3019,2.0,OH,City 19,County 19,Highway 19,2016-02-08 07:39:07,Accident reported on Highway 19 causing major traffic backup for 5 miles (case 3019). Police on scene.,102,us,,,,,,,
A-3597,2.0,OH,City 47,County 17,Highway 97,2016-02-08 07:39:07,Accident reported on Highway 97 causing major traffic backup for 3 miles (case 3597). Police on scene.,102,us,,,,,,,
A-4461,2.0,OH,City 11,County 1,Highway 61,2016-02-08 07:39:07,Accident reported on Highway 61 causing major traffic backup for 2 miles (case 4461). Police on scene.,102,us,,,,,,,
A-4649,2.0,OH,City 49,County 9,Highway 49,2016-02-08 07:39:07,Accident reported on Highway 49 causing major traffic backup for 5 miles (case 4649). Police on scene.,102,us,,,,,,,
A-4376,2.0,OH,City 26,County 16,Highway 76,2016-02-08 07:39:07,Accident reported on Highway 76 causing major traffic backup for 2 miles (case 4376). Police on scene.,102,us,,,,,,,
A-1456,2.0,OH,City 6,County 16,Highway 56,2016-02-08 07:39:07,Accident reported on Highway 56 causing major traffic backup for 2 miles (case 1456). Police on scene.,102,us,,,,,,,
A-597,2.0,OH,City 47,County 17,Highway 97,2016-02-08 07:39:07,Accident reported on Highway 97 causing major traffic backup for 3 miles (case 597). Police on scene.,101,us,,,,,,,
A-45,2.0,OH,City 45,County 5,Highway 45,2016-02-08 07:39:07,Accident reported on Highway 45 causing major traffic backup for 1 miles (case 45). Police on scene.,100,us,,,,,,,
A-564,2.0,OH,City 14,County 4,Highway 64,2016-02-08 07:39:07,Accident reported on Highway 64 causing major traffic backup for 5 miles (case 564). Police on scene.,101,us,,,,,,,
A-3708,2.0,OH,City 8,County 8,Highway 8,2016-02-08 07:39:07,Accident reported on Highway 8 causing major traffic backup for 4 miles (case 3708). Police on scene.,101,us,,,,,,,
A-3039,2.0,OH,City 39,County 19,Highway 39,2016-02-08 07:39:07,Accident reported on Highway 39 causing major traffic backup for 5 miles (case 3039). Police on scene.,102,us,,,,,,,
A-247,2.0,OH,City 47,County 7,Highway 47,2016-02-08 07:39:07,Accident reported on Highway 47 causing major traffic backup for 3 miles (case 247). Police on scene.,101,us,,,,,,,
A-1343,2.0,OH,City 43,County 3,Highway 43,2016-02-08 07:39:07,Accident reported on Highway 43 causing major traffic backup for 4 miles (case 1343). Police on scene.,102,us,,,,,,,
A-4574,2.0,OH,City 24,County 14,Highway 74,2016-02-08 07:39:07,Accident reported on Highway 74 causing major traffic backup for 5 miles (case 4574). Police on scene.,102,us,,,,,,,
A-2959,2.0,OH,City 9,County 19,Highway 59,2016-02-08 07:39:07,Accident reported on Highway 59 causing major traffic backup for 5 miles (case 2959). Police on scene.,102,us,,,,,,,
A-3796,2.0,OH,City 46,County 16,Highway 96,2016-02-08 07:39:07,Accident reported on Highway 96 causing major traffic backup for 2 miles (case 3796). Police on scene.,102,us,,,,,,,
A-1446,2.0,OH,City 46,County 6,Highway 46,2016-02-08 07:39:07,Accident reported on Highway 46 causing major traffic backup for 2 miles (case 1446). Police on scene.,102,us,,,,,,,
A-265,2.0,OH,City 15,County 5,Highway 65,2016-02-08 07:39:07,Accident reported on Highway 65 causing major traffic backup for 1 miles (case 265). Police on scene.,101,us,,,,,,,
A-2763,2.0,OH,City 13,County 3,Highway 63,2016-02-08 07:39:07,Accident reported on Highway 63 causing major traffic backup for 4 miles (case 2763). Police on scene.,102,us,,,,,,,
A-1693,2.0,OH,City 43,County 13,Highway 93,2016-02-08 07:39:07,Accident reported on Highway 93 causing major traffic backup for 4 miles (case 1693). Police on scene.,102,us,,,,,,,
A-1729,2.0,OH,City 29,County 9,Highway 29,2016-02-08 07:39:07,Accident reported on Highway 29 causing major traffic backup for 5 miles (case 1729). Police on scene.,102,us,,,,,,,
A-4058,2.0,OH,City 8,County 18,Highway 58,2016-02-08 07:39:07,Accident reported on Highway 58 causing major traffic backup for 4 miles (case 4058). Police on scene.,102,us,,,,,,,
A-838,2.0,OH,City 38,County 18,Highway 38,2016-02-08 07:39:07,Accident reported on Highway 38 causing major traffic backup for 4 miles (case 838). Police on scene.,101,us,,,,,,,
A-1870,2.0,OH,City 20,County 10,Highway 70,2016-02-08 07:39:07,Accident reported on Highway 70 causing major traffic backup for 1 miles (case 1870). Police on scene.,102,us,,,,,,,
A-2500,2.0,OH,City 0,County 0,Highway 0,2016-02-08 07:39:07,Accident reported on Highway 0 causing major traffic backup for 1 miles (case 2500). Police on scene.,101,us,,,,,,,
A-2014,2.0,OH,City 14,County 14,Highway 14,2016-02-08 07:39:07,Accident reported on Highway 14 causing major traffic backup for 5 miles (case 2014). Police on scene.,102,us,,,,,,,
A-344,2.0,OH,City 44,County 4,Highway 44,2016-02-08 07:39:07,Accident reported on Highway 44 causing major traffic backup for 5 miles (case 344). Police on scene.,101,us,,,,,,,
A-4516,2.0,OH,City 16,County 16,Highway 16,2016-02-08 07:39:07,Accident reported on Highway 16 causing major traffic backup for 2 miles (case 4516). Police on scene.,102,us,,,,,,,
A-1605,2.0,OH,City 5,County 5,Highway 5,2016-02-08 07:39:07,Accident reported on Highway 5 causing major traffic backup for 1 miles (case 1605). Police on scene.,101,us,,,,,,,
A-3001,2.0,OH,City 1,County 1,Highway 1,2016-02-08 07:39:07,Accident reported on Highway 1 causing major traffic backup for 2 miles (case 3001). Police on scene.,101,us,,,,,,,
A-4694,2.0,OH,City 44,County 14,Highway 94,2016-02-08 07:39:07,Accident reported on Highway 94 causing major traffic backup for 5 miles (case 4694). Police on scene.,102,us,,,,,,,
A-484,2.0,OH,City 34,County 4,Highway 84,2016-02-08 07:39:07,Accident reported on Highway 84 causing major traffic backup for 5 miles (case 484). Police on scene.,101,us,,,,,,,
A-2823,2.0,OH,City 23,County 3,Highway 23,2016-02-08 07:39:07,Accident reported on Highway 23 causing major traffic backup for 4 miles (case 2823). Police on scene.,102,us,,,,,,,
A-3897,2.0,OH,City 47,County 17,Highway 97,2016-02-08 07:39:07,Accident reported on Highway 97 causing major traffic backup for 3 miles (case 3897). Police on scene.,102,us,,,,,,,
A-3392,2.0,OH,City 42,County 12,Highway 92,2016-02-08 07:39:07,Accident reported on Highway 92 causing major traffic backup for 3 miles (case 3392). Police on scene.,102,us,,,,,,,
A-4638,2.0,OH,City 38,County 18,Highway 38,2016-02-08 07:39:07,Accident reported on Highway 38 causing major traffic backup for 4 miles (case 4638). Police on scene.,102,us,,,,,,,
A-3044,2.0,OH,City 44,County 4,Highway 44,2016-02-08 07:39:07,Accident reported on Highway 44 causing major traffic backup for 5 miles (case 3044). Police on scene.,102,us,,,,,,,
A-3987,2.0,OH,City 37,County 7,Highway 87,2016-02-08 07:39:07,Accident reported on Highway 87 causing major traffic backup for 3 miles (case 3987). Police on scene.,102,us,,,,,,,
A-1770,2.0,OH,City 20,County 10,Highway 70,2016-02-08 07:39:07,Accident reported on Highway 70 causing major traffic backup for 1 miles (case 1770). Police on scene.,102,us,,,,,,,
A-4474,2.0,OH,City 24,County 14,Highway 74,2016-02-08 07:39:07,Accident reported on Highway 74 causing major traffic backup for 5 miles (case 4474). Police on scene.,102,us,,,,,,,
A-2457,2.0,OH,City 7,County 17,Highway 57,2016-02-08 07:39:07,Accident reported on Highway 57 causing major traffic backup for 3 miles (case 2457). Police on scene.,102,us,,,,,,,
A-4855,2.0,OH,City 5,County 15,Highway 55,2016-02-08 07:39:07,Accident reported on Highway 55 causing major traffic backup for 1 miles (case 4855). Police on scene.,102,us,,,,,,,
A-3812,2.0,OH,City 12,County 12,Highway 12,2016-02-08 07:39:07,Accident reported on Highway 12 causing major traffic backup for 3 miles (case 3812). Police on scene.,102,us,,,,,,,
A-4013,2.0,OH,City 13,County 13,Highway 13,2016-02-08 07:39:07,Accident reported on Highway 13 causing major traffic backup for 4 miles (case 4013). Police on scene.,102,us,,,,,,,
A-4677,2.0,OH,City 27,County 17,Highway 77,2016-02-08 07:39:07,Accident reported on Highway 77 causing major traffic backup for 3 miles (case 4677). Police on scene.,102,us,,,,,,,
A-3677,2.0,OH,City 27,County 17,Highway 77,2016-02-08 07:39:07,Accident reported on Highway 77 causing major traffic backup for 3 miles (case 3677). Police on scene.,102,us,,,,,,,
A-1275,2.0,OH,City 25,County 15,Highway 75,2016-02-08 07:39:07,Accident reported on Highway 75 causing major traffic backup for 1 miles (case 1275). Police on scene.,102,us,,,,,,,
A-3075,2.0,OH,City 25,County 15,Highway 75,2016-02-08 07:39:07,Accident reported on Highway 75 causing major traffic backup for 1 miles (case 3075). Police on scene.,102,us,,,,,,,
A-4502,2.0,OH,City 2,County 2,Highway 2,2016-02-08 07:39:07,Accident reported on Highway 2 causing major traffic backup for 3 miles (case 4502). Police on scene.,101,us,,,,,,,
A-3853,2.0,OH,City 3,County 13,Highway 53,2016-02-08 07:39:07,Accident reported on Highway 53 causing major traffic backup for 4 miles (case 3853). Police on scene.,102,us,,,,,,,
A-4143,2.0,OH,City 43,County 3,Highway 43,2016-02-08 07:39:07,Accident reported on Highway 43 causing major traffic backup for 4 miles (case 4143). Police on scene.,102,us,,,,,,,
A-351,2.0,OH,City 1,County 11,Highway 51,2016-02-08 07:39:07,Accident reported on Highway 51 causing major traffic backup for 2 miles (case 351). Police on scene.,101,us,,,,,,,
A-3953,2.0,OH,City 3,County 13,Highway 53,2016-02-08 07:39:07,Accident reported on Highway 53 causing major traffic backup for 4 miles (case 3953). Police on scene.,102,us,,,,,,,
A-4623,2.0,OH,City 23,County 3,Highway 23,2016-02-08 07:39:07,Accident reported on Highway 23 causing major traffic backup for 4 miles (case 4623). Police on scene.,102,us,,,,,,,
A-2566,2.0,OH,City 16,County 6,Highway 66,2016-02-08 07:39:07,Accident reported on Highway 66 causing major traffic backup for 2 miles (case 2566). Police on scene.,102,us,,,,,,,
A-4591,2.0,OH,City 41,County 11,Highway 91,2016-02-08 07:39:07,Accident reported on Highway 91 causing major traffic backup for 2 miles (case 4591). Police on scene.,102,us,,,,,,,
A-1427,2.0,OH,City 27,County 7,Highway 27,2016-02-08 07:39:07,Accident reported on Highway 27 causing major traffic backup for 3 miles (case 1427). Police on scene.,102,us,,,,,,,
A-660,2.0,OH,City 10,County 0,Highway 60,2016-02-08 07:39:07,Accident reported on Highway 60 causing major traffic backup for 1 miles (case 660). Police on scene.,101,us,,,,,,,
A-2106,2.0,OH,City 6,County 6,Highway 6,2016-02-08 07:39:07,Accident reported on Highway 6 causing major traffic backup for 2 miles (case 2106). Police on scene.,101,us,,,,,,,
A-636,2.0,OH,City 36,County 16,Highway 36,2016-02-08 07:39:07,Accident reported on Highway 36 causing major traffic backup for 2 miles (case 636). Police on scene.,101,us,,,,,,,
A-2890,2.0,OH,City 40,County 10,Highway 90,2016-02-08 07:39:07,Accident reported on Highway 90 causing major traffic backup for 1 miles (case 2890). Police on scene.,102,us,,,,,,,
A-2497,2.0,OH,City 47,County 17,Highway 97,2016-02-08 07:39:07,Accident reported on Highway 97 causing major traffic backup for 3 miles (case 2497). Police on scene.,102,us,,,,,,,
A-2669,2.0,OH,City 19,County 9,Highway 69,2016-02-08 07:39:07,Accident reported on Highway 69 causing major traffic backup for 5 miles (case 2669). Police on scene.,102,us,,,,,,,
A-3213,2.0,OH,City 13,County 13,Highway 13,2016-02-08 07:39:07,Accident reported on Highway 13 causing major traffic backup for 4 miles (case 3213). Police on scene.,102,us,,,,,,,
A-3660,2.0,OH,City 10,County 0,Highway 60,2016-02-08 07:39:07,Accident reported on Highway 60 causing major traffic backup for 1 miles (case 3660). Police on scene.,102,us,,,,,,,
A-4508,2.0,OH,City 8,County 8,Highway 8,2016-02-08 07:39:07,Accident reported on Highway 8 causing major traffic backup for 4 miles (case 4508). Police on scene.,101,us,,,,,,,
A-4010,2.0,OH,City 10,County 10,Highway 10,2016-02-08 07:39:07,Accident reported on Highway 10 causing major traffic backup for 1 miles (case 4010). Police on scene.,102,us,,,,,,,
A-3592,2.0,OH,City 42,County 12,Highway 92,2016-02-08 07:39:07,Accident reported on Highway 92 causing major traffic backup for 3 miles (case 3592). Police on scene.,102,us,,,,,,,
A-2504,2.0,OH,City 4,County 4,Highway 4,2016-02-08 07:39:07,Accident reported on Highway 4 causing major traffic backup for 5 miles (case 2504). Police on scene.,101,us,,,,,,,
A-1469,2.0,OH,City 19,County 9,Highway 69,2016-02-08 07:39:07,Accident reported on Highway 69 causing major traffic backup for 5 miles (case 1469). Police on scene.,102,us,,,,,,,
A-2831,2.0,OH,City 31,County 11,Highway 31,2016-02-08 07:39:07,Accident reported on Highway 31 causing major traffic backup for 2 miles (case 2831). Police on scene.,102,us,,,,,,,
A-119,2.0,OH,City 19,County 19,Highway 19,2016-02-08 07:39:07,Accident reported on Highway 19 causing major traffic backup for 5 miles (case 119). Police on scene.,101,us,,,,,,,
A-1825,2.0,OH,City 25,County 5,Highway 25,2016-02-08 07:39:07,Accident reported on Highway 25 causing major traffic backup for 1 miles (case 1825). Police on scene.,102,us,,,,,,,
A-1498,2.0,OH,City 48,County 18,Highway 98,2016-02-08 07:39:07,Accident reported on Highway 98 causing major traffic backup for 4 miles (case 1498). Police on scene.,102,us,,,,,,,
A-2405,2.0,OH,City 5,County 5,Highway 5,2016-02-08 07:39:07,Accident reported on Highway 5 causing major traffic backup for 1 miles (case 2405). Police on scene.,101,us,,,,,,,
A-1236,2.0,OH,City 36,County 16,Highway 36,2016-02-08 07:39:07,Accident reported on Highway 36 causing major traffic backup for 2 miles (case 1236). Police on scene.,102,us,,,,,,,
A-2665,2.0,OH,City 15,County 5,Highway 65,2016-02-08 07:39:07,Accident reported on Highway 65 causing major traffic backup for 1 miles (case 2665). Police on scene.,102,us,,,,,,,
A-3818,2.0,OH,City 18,County 18,Highway 18,2016-02-08 07:39:07,Accident reported on Highway 18 causing major traffic backup for 4 miles (case 3818). Police on scene.,102,us,,,,,,,
A-1157,2.0,OH,City 7,County 17,Highway 57,2016-02-08 07:39:07,Accident reported on Highway 57 causing major traffic backup for 3 miles (case 1157). Police on scene.,102,us,,,,,,,
A-3845,2.0,OH,City 45,County 5,Highway 45,2016-02-08 07:39:07,Accident reported on Highway 45 causing major traffic backup for 1 miles (case 3845). Police on scene.,102,us,,,,,,,
A-61,2.0,OH,City 11,County 1,Highway 61,2016-02-08 07:39:07,Accident reported on Highway 61 causing major traffic backup for 2 miles (case 61). Police on scene.,100,us,,,,,,,
A-4020,2.0,OH,City 20,County 0,Highway 20,2016-02-08 07:39:07,Accident reported on Highway 20 causing major traffic backup for 1 miles (case 4020). Police on scene.,102,us,,,,,,,
A-4468,2.0,OH,City 18,County 8,Highway 68,2016-02-08 07:39:07,Accident reported on Highway 68 causing major traffic backup for 4 miles (case 4468). Police on scene.,102,us,,,,,,,
A-4945,2.0,OH,City 45,County 5,Highway 45,2016-02-08 07:39:07,Accident reported on Highway 45 causing major traffic backup for 1 miles (case 4945). Police on scene.,102,us,,,,,,,
A-1739,2.0,OH,City 39,County 19,Highway 39,2016-02-08 07:39:07,Accident reported on Highway 39 causing major traffic backup for 5 miles (case 1739). Police on scene.,102,us,,,,,,,
A-2200,2.0,OH,City 0,County 0,Highway 0,2016-02-08 07:39:07,Accident reported on Highway 0 causing major traffic backup for 1 miles (case 2200). Police on scene.,101,us,,,,,,,
A-3828,2.0,OH,City 28,County 8,Highway 28,2016-02-08 07:39:07,Accident reported on Highway 28 causing major traffic backup for 4 miles (case 3828). Police on scene.,102,us,,,,,,,
A-2479,2.0,OH,City 29,County 19,Highway 79,2016-02-08 07:39:07,Accident reported on Highway 79 causing major traffic backup for 5 miles (case 2479). Police on scene.,102,us,,,,,,,
A-2568,2.0,OH,City 18,County 8,Highway 68,2016-02-08 07:39:07,Accident reported on Highway 68 causing major traffic backup for 4 miles (case 2568). Police on scene.,102,us,,,,,,,
A-3737,2.0,OH,City 37,County 17,Highway 37,2016-02-08 07:39:07,Accident reported on Highway 37 causing major traffic backup for 3 miles (case 3737). Police on scene.,102,us,,,,,,,
A-4211,2.0,OH,City 11,County 11,Highway 11,2016-02-08 07:39:07,Accident reported on Highway 11 causing major traffic backup for 2 miles (case 4211). Police on scene.,102,us,,,,,,,
A-3653,2.0,OH,City 3,County 13,Highway 53,2016-02-08 07:39:07,Accident reported on Highway 53 causing major traffic backup for 4 miles (case 3653). Police on scene.,102,us,,,,,,,
A-711,2.0,OH,City 11,County 11,Highway 11,2016-02-08 07:39:07,Accident reported on Highway 11 causing major traffic backup for 2 miles (case 711). Police on scene.,101,us,,,,,,,
A-4281,2.0,OH,City 31,County 1,Highway 81,2016-02-08 07:39:07,Accident reported on Highway 81 causing major traffic backup for 2 miles (case 4281). Police on scene.,102,us,,,,,,,
A-1097,2.0,OH,City 47,County 17,Highway 97,2016-02-08 07:39:07,Accident reported on Highway 97 causing major traffic backup for 3 miles (case 1097). Police on scene.,102,us,,,,,,,
A-3559,2.0,OH,City 9,County 19,Highway 59,2016-02-08 07:39:07,Accident reported on Highway 59 causing major traffic backup for 5 miles (case 3559). Police on scene.,102,us,,,,,,,
A-1380,2.0,OH,City 30,County 0,Highway 80,2016-02-08 07:39:07,Accident reported on Highway 80 causing major traffic backup for 1 miles (case 1380). Police on scene.,102,us,,,,,,,
A-4913,2.0,OH,City 13,County 13,Highway 13,2016-02-08 07:39:07,Accident reported on Highway 13 causing major traffic backup for 4 miles (case 4913). Police on scene.,102,us,,,,,,,
A-76,2.0,OH,City 26,County 16,Highway 76,2016-02-08 07:39:07,Accident reported on Highway 76 causing major traffic backup for 2 miles (case 76). Police on scene.,100,us,,,,,,,
A-1926,2.0,OH,City 26,County 6,Highway 26,2016-02-08 07:39:07,Accident reported on Highway 26 causing major traffic backup for 2 miles (case 1926). Police on scene.,102,us,,,,,,,
A-3171,2.0,OH,City 21,County 11,Highway 71,2016-02-08 07:39:07,Accident reported on Highway 71 causing major traffic backup for 2 miles (case 3171). Police on scene.,102,us,,,,,,,
A-1768,2.0,OH,City 18,County 8,Highway 68,2016-02-08 07:39:07,Accident reported on Highway 68 causing major traffic backup for 4 miles (case 1768). Police on scene.,102,us,,,,,,,
A-747,2.0,OH,City 47,County 7,Highway 47,2016-02-08 07:39:07,Accident reported on Highway 47 causing major traffic backup for 3 miles (case 747). Police on scene.,101,us,,,,,,,
A-4834,2.0,OH,City 34,County 14,Highway 34,2016-02-08 07:39:07,Accident reported on Highway 34 causing major traffic backup for 5 miles (case 4834). Police on scene.,102,us,,,,,,,
A-1009,2.0,OH,City 9,County 9,Highway 9,2016-02-08 07:39:07,Accident reported on Highway 9 causing major traffic backup for 5 miles (case 1009). Police on scene.,101,us,,,,,,,
A-2672,2.0,OH,City 22,County 12,Highway 72,2016-02-08 07:39:07,Accident reported on Highway 72 causing major traffic backup for 3 miles (case 2672). Police on scene.,102,us,,,,,,,
A-1194,2.0,OH,City 44,County 14,Highway 94,2016-02-08 07:39:07,Accident reported on Highway 94 causing major traffic backup for 5 miles (case 1194). Police on scene.,102,us,,,,,,,
A-3188,2.0,OH,City 38,County 8,Highway 88,2016-02-08 07:39:07,Accident reported on Highway 88 causing major traffic backup for 4 miles (case 3188). Police on scene.,102,us,,,,,,,
A-2605,2.0,OH,City 5,County 5,Highway 5,2016-02-08 07:39:07,Accident reported on Highway 5 causing major traffic backup for 1 miles (case 2605). Police on scene.,101,us,,,,,,,
A-1129,2.0,OH,City 29,County 9,Highway 29,2016-02-08 07:39:07,Accident reported on Highway 29 causing major traffic backup for 5 miles (case 1129). Police on scene.,102,us,,,,,,,
A-1245,2.0,OH,City 45,County 5,Highway 45,2016-02-08 07:39:07,Accident reported on Highway 45 causing major traffic backup for 1 miles (case 1245). Police on scene.,102,us,,,,,,,
A-2847,2.0,OH,City 47,County 7,Highway 47,2016-02-08 07:39:07,Accident reported on Highway 47 causing major traffic backup for 3 miles (case 2847). Police on scene.,102,us,,,,,,,
A-4131,2.0,OH,City 31,County 11,Highway 31,2016-02-08 07:39:07,Accident reported on Highway 31 causing major traffic backup for 2 miles (case 4131). Police on scene.,102,us,,,,,,,
A-4737,2.0,OH,City 37,County 17,Highway 37,2016-02-08 07:39:07,Accident reported on Highway 37 causing major traffic backup for 3 miles (case 4737). Police on scene.,102,us,,,,,,,
A-1002,2.0,OH,City 2,County 2,Highway 2,2016-02-08 07:39:07,Accident reported on Highway 2 causing major traffic backup for 3 miles (case 1002). Police on scene.,101,us,,,,,,,
A-3384,2.0,OH,City 34,County 4,Highway 84,2016-02-08 07:39:07,Accident reported on Highway 84 causing major traffic backup for 5 miles (case 3384). Police on scene.,102,us,,,,,,,
A-2688,2.0,OH,City 38,County 8,Highway 88,2016-02-08 07:39:07,Accident reported on Highway 88 causing major traffic backup for 4 miles (case 2688). Police on scene.,102,us,,,,,,,
A-1581,2.0,OH,City 31,County 1,Highway 81,2016-02-08 07:39:07,Accident reported on Highway 81 causing major traffic backup for 2 miles (case 1581). Police on scene.,102,us,,,,,,,
A-4790,2.0,OH,City 40,County 10,Highway 90,2016-02-08 07:39:07,Accident reported on Highway 90 causing major traffic backup for 1 miles (case 4790). Police on scene.,102,us,,,,,,,
A-1830,2.0,OH,City 30,County 10,Highway 30,2016-02-08 07:39:07,Accident reported on Highway 30 causing major traffic backup for 1 miles (case 1830). Police on scene.,102,us,,,,,,,
A-3290,2.0,OH,City 40,County 10,Highway 90,2016-02-08 07:39:07,Accident reported on Highway 90 causing major traffic backup for 1 miles (case 3290). Police on scene.,102,us,,,,,,,
A-4989,2.0,OH,City 39,County 9,Highway 89,2016-02-08 07:39:07,Accident reported on Highway 89 causing major traffic backup for 5 miles (case 4989). Police on scene.,102,us,,,,,,,
A-4320,2.0,OH,City 20,County 0,Highway 20,2016-02-08 07:39:07,Accident reported on Highway 20 causing major traffic backup for 1 miles (case 4320). Police on scene.,102,us,,,,,,,
A-444,2.0,OH,City 44,County 4,Highway 44,2016-02-08 07:39:07,Accident reported on Highway 44 causing major traffic backup for 5 miles (case 444). Police on scene.,101,us,,,,,,,
A-4951,2.0,OH,City 1,County 11,Highway 51,2016-02-08 07:39:07,Accident reported on Highway 51 causing major traffic backup for 2 miles (case 4951). Police on scene.,102,us,,,,,,,
A-1104,2.0,OH,City 4,County 4,Highway 4,2016-02-08 07:39:07,Accident reported on Highway 4 causing major traffic backup for 5 miles (case 1104). Police on scene.,101,us,,,,,,,
A-4007,2.0,OH,City 7,County 7,Highway 7,2016-02-08 07:39:07,Accident reported on Highway 7 causing major traffic backup for 3 miles (case 4007). Police on scene.,101,us,,,,,,,
A-3751,2.0,OH,City 1,County 11,Highway 51,2016-02-08 07:39:07,Accident reported on Highway 51 causing major traffic backup for 2 miles (case 3751). Police on scene.,102,us,,,,,,,
A-653,2.0,OH,City 3,County 13,Highway 53,2016-02-08 07:39:07,Accident reported on Highway 53 causing major traffic backup for 4 miles (case 653). Police on scene.,101,us,,,,,,,
A-1550,2.0,OH,City 0,County 10,Highway 50,2016-02-08 07:39:07,Accident reported on Highway 50 causing major traffic backup for 1 miles (case 1550). Police on scene.,102,us,,,,,,,
A-3536,2.0,OH,City 36,County 16,Highway 36,2016-02-08 07:39:07,Accident reported on Highway 36 causing major traffic backup for 2 miles (case 3536). Police on scene.,102,us,,,,,,,
A-3558,2.0,OH,City 8,County 18,Highway 58,2016-02-08 07:39:07,Accident reported on Highway 58 causing major traffic backup for 4 miles (case 3558). Police on scene.,102,us,,,,,,,
A-3866,2.0,OH,City 16,County 6,Highway 66,2016-02-08 07:39:07,Accident reported on Highway 66 causing major traffic backup for 2 miles (case 3866). Police on scene.,102,us,,,,,,,
A-3738,2.0,OH,City 38,County 18,Highway 38,2016-02-08 07:39:07,Accident reported on Highway 38 causing major traffic backup for 4 miles (case 3738). Police on scene.,102,us,,,,,,,
A-634,2.0,OH,City 34,County 14,Highway 34,2016-02-08 07:39:07,Accident reported on Highway 34 causing major traffic backup for 5 miles (case 634). Police on scene.,101,us,,,,,,,
A-676,2.0,OH,City 26,County 16,Highway 76,2016-02-08 07:39:07,Accident reported on Highway 76 causing major traffic backup for 2 miles (case 676). Police on scene.,101,us,,,,,,,
A-1253,2.0,OH,City 3,County 13,Highway 53,2016-02-08 07:39:07,Accident reported on Highway 53 causing major traffic backup for 4 miles (case 1253). Police on scene.,102,us,,,,,,,
A-486,2.0,OH,City 36,County 6,Highway 86,2016-02-08 07:39:07,Accident reported on Highway 86 causing major traffic backup for 2 miles (case 486). Police on scene.,101,us,,,,,,,
A-1588,2.0,OH,City 38,County 8,Highway 88,2016-02-08 07:39:07,Accident reported on Highway 88 causing major traffic backup for 4 miles (case 1588). Police on scene.,102,us,,,,,,,
A-4159,2.0,OH,City 9,County 19,Highway 59,2016-02-08 07:39:07,Accident reported on Highway 59 causing major traffic backup for 5 miles (case 4159). Police on scene.,102,us,,,,,,,
A-4627,2.0,OH,City 27,County 7,Highway 27,2016-02-08 07:39:07,Accident reported on Highway 27 causing major traffic backup for 3 miles (case 4627). Police on scene.,102,us,,,,,,,
A-3036,2.0,OH,City 36,County 16,Highway 36,2016-02-08 07:39:07,Accident reported on Highway 36 causing major traffic backup for 2 miles (case 3036). Police on scene.,102,us,,,,,,,
A-1466,2.0,OH,City 16,County 6,Highway 66,2016-02-08 07:39:07,Accident reported on Highway 66 causing major traffic backup for 2 miles (case 1466). Police on scene.,102,us,,,,,,,
A-3926,2.0,OH,City 26,County 6,Highway 26,2016-02-08 07:39:07,Accident reported on Highway 26 causing major traffic backup for 2 miles (case 3926). Police on scene.,102,us,,,,,,,
A-3619,2.0,OH,City 19,County 19,Highway 19,2016-02-08 07:39:07,Accident reported on Highway 19 causing major traffic backup for 5 miles (case 3619). Police on scene.,102,us,,,,,,,
A-2582,2.0,OH,City 32,County 2,Highway 82,2016-02-08 07:39:07,Accident reported on Highway 82 causing major traffic backup for 3 miles (case 2582). Police on scene.,102,us,,,,,,,
A-3798,2.0,OH,City 48,County 18,Highway 98,2016-02-08 07:39:07,Accident reported on Highway 98 causing major traffic backup for 4 miles (case 3798). Police on scene.,102,us,,,,,,,
A-53,2.0,OH,City 3,County 13,Highway 53,2016-02-08 07:39:07,Accident reported on Highway 53 causing major traffic backup for 4 miles (case 53). Police on scene.,100,us,,,,,,,
A-4290,2.0,OH,City 40,County 10,Highway 90,2016-02-08 07:39:07,Accident reported on Highway 90 causing major traffic backup for 1 miles (case 4290). Police on scene.,102,us,,,,,,,
A-3054,2.0,OH,City 4,County 14,Highway 54,2016-02-08 07:39:07,Accident reported on Highway 54 causing major traffic backup for 5 miles (case 3054). Police on scene.,102,us,,,,,,,
A-862,2.0,OH,City 12,County 2,Highway 62,2016-02-08 07:39:07,Accident reported on Highway 62 causing major traffic backup for 3 miles (case 862). Police on scene.,101,us,,,,,,,
A-1076,2.0,OH,City 26,County 16,Highway 76,2016-02-08 07:39:07,Accident reported on Highway 76 causing major traffic backup for 2 miles (case 1076). Police on scene.,102,us,,,,,,,
A-723,2.0,OH,City 23,County 3,Highway 23,2016-02-08 07:39:07,Accident reported on Highway 23 causing major traffic backup for 4 miles (case 723). Police on scene.,101,us,,,,,,,
A-3155,2.0,OH,City 5,County 15,Highway 55,2016-02-08 07:39:07,Accident reported on Highway 55 causing major traffic backup for 1 miles (case 3155). Police on scene.,102,us,,,,,,,
A-2635,2.0,OH,City 35,County 15,Highway 35,2016-02-08 07:39:07,Accident reported on Highway 35 causing major traffic backup for 1 miles (case 2635). Police on scene.,102,us,,,,,,,
A-4873,2.0,OH,City 23,County 13,Highway 73,2016-02-08 07:39:07,Accident reported on Highway 73 causing major traffic backup for 4 miles (case 4873). Police on scene.,102,us,,,,,,,
A-1664,2.0,OH,City 14,County 4,Highway 64,2016-02-08 07:39:07,Accident reported on Highway 64 causing major traffic backup for 5 miles (case 1664). Police on scene.,102,us,,,,,,,
A-1660,2.0,OH,City 10,County 0,Highway 60,2016-02-08 07:39:07,Accident reported on Highway 60 causing major traffic backup for 1 miles (case 1660). Police on scene.,102,us,,,,,,,
A-2429,2.0,OH,City 29,County 9,Highway 29,2016-02-08 07:39:07,Accident reported on Highway 29 causing major traffic backup for 5 miles (case 2429). Police on scene.,102,us,,,,,,,
A-3522,2.0,OH,City 22,County 2,Highway 22,2016-02-08 07:39:07,Accident reported on Highway 22 causing major traffic backup for 3 miles (case 3522). Police on scene.,102,us,,,,,,,
A-4230,2.0,OH,City 30,County 10,Highway 30,2016-02-08 07:39:07,Accident reported on Highway 30 causing major traffic backup for 1 miles (case 4230). Police on scene.,102,us,,,,,,,
A-4974,2.0,OH,City 24,County 14,Highway 74,2016-02-08 07:39:07,Accident reported on Highway 74 causing major traffic backup for 5 miles (case 4974). Police on scene.,102,us,,,,,,,
A-3307,2.0,OH,City 7,County 7,Highway 7,2016-02-08 07:39:07,Accident reported on Highway 7 causing major traffic backup for 3 miles (case 3307). Police on scene.,101,us,,,,,,,
A-4477,2.0,OH,City 27,County 17,Highway 77,2016-02-08 07:39:07,Accident reported on Highway 77 causing major traffic backup for 3 miles (case 4477). Police on scene.,102,us,,,,,,,
A-3303,2.0,OH,City 3,County 3,Highway 3,2016-02-08 07:39:07,Accident reported on Highway 3 causing major traffic backup for 4 miles (case 3303). Police on scene.,101,us,,,,,,,
A-4751,2.0,OH,City 1,County 11,Highway 51,2016-02-08 07:39:07,Accident reported on Highway 51 causing major traffic backup for 2 miles (case 4751). Police on scene.,102,us,,,,,,,
A-4309,2.0,OH,City 9,County 9,Highway 9,2016-02-08 07:39:07,Accident reported on Highway 9 causing major traffic backup for 5 miles (case 4309). Police on scene.,101,us,,,,,,,
A-2610,2.0,OH,City 10,County 10,Highway 10,2016-02-08 07:39:07,Accident reported on Highway 10 causing major traffic backup for 1 miles (case 2610). Police on scene.,102,us,,,,,,,
A-1389,2.0,OH,City 39,County 9,Highway 89,2016-02-08 07:39:07,Accident reported on Highway 89 causing major traffic backup for 5 miles (case 1389). Police on scene.,102,us,,,,,,,
A-3832,2.0,OH,City 32,County 12,Highway 32,2016-02-08 07:39:07,Accident reported on Highway 32 causing major traffic backup for 3 miles (case 3832). Police on scene.,102,us,,,,,,,
A-1403,2.0,OH,City 3,County 3,Highway 3,2016-02-08 07:39:07,Accident reported on Highway 3 causing major traffic backup for 4 miles (case 1403). Police on scene.,101,us,,,,,,,
A-1199,2.0,OH,City 49,County 19,Highway 99,2016-02-08 07:39:07,Accident reported on Highway 99 causing major traffic backup for 5 miles (case 1199). Police on scene.,102,us,,,,,,,
A-1412,2.0,OH,City 12,County 12,Highway 12,2016-02-08 07:39:07,Accident reported on Highway 12 causing major traffic backup for 3 miles (case 1412). Police on scene.,102,us,,,,,,,
A-3821,2.0,OH,City 21,County 1,Highway 21,2016-02-08 07:39:07,Accident reported on Highway 21 causing major traffic backup for 2 miles (case 3821). Police on scene.,102,us,,,,,,,
A-1802,2.0,OH,City 2,County 2,Highway 2,2016-02-08 07:39:07,Accident reported on Highway 2 causing major traffic backup for 3 miles (case 1802). Police on scene.,101,us,,,,,,,
A-1479,2.0,OH,City 29,County 19,Highway 79,2016-02-08 07:39:07,Accident reported on Highway 79 causing major traffic backup for 5 miles (case 1479). Police on scene.,102,us,,,,,,,
A-3214,2.0,OH,City 14,County 14,Highway 14,2016-02-08 07:39:07,Accident reported on Highway 14 causing major traffic backup for 5 miles (case 3214). Police on scene.,102,us,,,,,,,
A-39,2.0,OH,City 39,County 19,Highway 39,2016-02-08 07:39:07,Accident reported on Highway 39 causing major traffic backup for 5 miles (case 39). Police on scene.,100,us,,,,,,,
A-3539,2.0,OH,City 39,County 19,Highway 39,2016-02-08 07:39:07,Accident reported on Highway 39 causing major traffic backup for 5 miles (case 3539). Police on scene.,102,us,,,,,,,
A-2349,2.0,OH,City 49,County 9,Highway 49,2016-02-08 07:39:07,Accident reported on Highway 49 causing major traffic backup for 5 miles (case 2349). Police on scene.,102,us,,,,,,,
A-4993,2.0,OH,City 43,County 13,Highway 93,2016-02-08 07:39:07,Accident reported on Highway 93 causing major traffic backup for 4 miles (case 4993). Police on scene.,102,us,,,,,,,
A-2363,2.0,OH,City 13,County 3,Highway 63,2016-02-08 07:39:07,Accident reported on Highway 63 causing major traffic backup for 4 miles (case 2363). Police on scene.,102,us,,,,,,,
A-2210,2.0,OH,City 10,County 10,Highway 10,2016-02-08 07:39:07,Accident reported on Highway 10 causing major traffic backup for 1 miles (case 2210). Police on scene.,102,us,,,,,,,
A-3764,2.0,OH,City 14,County 4,Highway 64,2016-02-08 07:39:07,Accident reported on Highway 64 causing major traffic backup for 5 miles (case 3764). Police on scene.,102,us,,,,,,,
A-1290,2.0,OH,City 40,County 10,Highway 90,2016-02-08 07:39:07,Accident reported on Highway 90 causing major traffic backup for 1 miles (case 1290). Police on scene.,102,us,,,,,,,
A-353,2.0,OH,City 3,County 13,Highway 53,2016-02-08 07:39:07,Accident reported on Highway 53 causing major traffic backup for 4 miles (case 353). Police on scene.,101,us,,,,,,,
A-2141,2.0,OH,City 41,County 1,Highway 41,2016-02-08 07:39:07,Accident reported on Highway 41 causing major traffic backup for 2 miles (case 2141). Police on scene.,102,us,,,,,,,
A-2695,2.0,OH,City 45,County 15,Highway 95,2016-02-08 07:39:07,Accident reported on Highway 95 causing major traffic backup for 1 miles (case 2695). Police on scene.,102,us,,,,,,,
A-4459,2.0,OH,City 9,County 19,Highway 59,2016-02-08 07:39:07,Accident reported on Highway 59 causing major traffic backup for 5 miles (case 4459). Police on scene.,102,us,,,,,,,
A-3123,2.0,OH,City 23,County 3,Highway 23,2016-02-08 07:39:07,Accident reported on Highway 23 causing major traffic backup for 4 miles (case 3123). Police on scene.,102,us,,,,,,,
A-1685,2.0,OH,City 35,County 5,Highway 85,2016-02-08 07:39:07,Accident reported on Highway 85 causing major traffic backup for 1 miles (case 1685). Police on scene.,102,us,,,,,,,
A-4696,2.0,OH,City 46,County 16,Highway 96,2016-02-08 07:39:07,Accident reported on Highway 96 causing major traffic backup for 2 miles (case 4696). Police on scene.,102,us,,,,,,,
A-1447,2.0,OH,City 47,County 7,Highway 47,2016-02-08 07:39:07,Accident reported on Highway 47 causing major traffic backup for 3 miles (case 1447). Police on scene.,102,us,,,,,,,
A-3248,2.0,OH,City 48,County 8,Highway 48,2016-02-08 07:39:07,Accident reported on Highway 48 causing major traffic backup for 4 miles (case 3248). Police on scene.,102,us,,,,,,,
A-1675,2.0,OH,City 25,County 15,Highway 75,2016-02-08 07:39:07,Accident reported on Highway 75 causing major traffic backup for 1 miles (case 1675). Police on scene.,102,us,,,,,,,
A-4342,2.0,OH,City 42,County 2,Highway 42,2016-02-08 07:39:07,Accident reported on Highway 42 causing major traffic backup for 3 miles (case 4342). Police on scene.,102,us,,,,,,,
A-1183,2.0,OH,City 33,County 3,Highway 83,2016-02-08 07:39:07,Accident reported on Highway 83 causing major traffic backup for 4 miles (case 1183). Police on scene.,102,us,,,,,,,
A-2802,2.0,OH,City 2,County 2,Highway 2,2016-02-08 07:39:07,Accident reported on Highway 2 causing major traffic backup for 3 miles (case 2802). Police on scene.,101,us,,,,,,,
A-1696,2.0,OH,City 46,County 16,Highway 96,2016-02-08 07:39:07,Accident reported on Highway 96 causing major traffic backup for 2 miles (case 1696). Police on scene.,102,us,,,,,,,
A-3871,2.0,OH,City 21,County 11,Highway 71,2016-02-08 07:39:07,Accident reported on Highway 71 causing major traffic backup for 2 miles (case 3871). Police on scene.,102,us,,,,,,,
A-376,2.0,OH,City 26,County 16,Highway 76,2016-02-08 07:39:07,Accident reported on Highway 76 causing major traffic backup for 2 miles (case 376). Police on scene.,101,us,,,,,,,
A-3608,2.0,OH,City 8,County 8,Highway 8,2016-02-08 07:39:07,Accident reported on Highway 8 causing major traffic backup for 4 miles (case 3608). Police on scene.,101,us,,,,,,,
A-1920,2.0,OH,City 20,County 0,Highway 20,2016-02-08 07:39:07,Accident reported on Highway 20 causing major traffic backup for 1 miles (case 1920). Police on scene.,102,us,,,,,,,
A-1361,2.0,OH,City 11,County 1,Highway 61,2016-02-08 07:39:07,Accident reported on Highway 61 causing major traffic backup for 2 miles (case 1361). Police on scene.,102,us,,,,,,,
A-1829,2.0,OH,City 29,County 9,Highway 29,2016-02-08 07:39:07,Accident reported on Highway 29 causing major traffic backup for 5 miles (case 1829). Police on scene.,102,us,,,,,,,
A-790,2.0,OH,City 40,County 10,Highway 90,2016-02-08 07:39:07,Accident reported on Highway 90 causing major traffic backup for 1 miles (case 790). Police on scene.,101,us,,,,,,,
A-473,2.0,OH,City 23,County 13,Highway 73,2016-02-08 07:39:07,Accident reported on Highway 73 causing major traffic backup for 4 miles (case 473). Police on scene.,101,us,,,,,,,
A-144,2.0,OH,City 44,County 4,Highway 44,2016-02-08 07:39:07,Accident reported on Highway 44 causing major traffic backup for 5 miles (case 144). Police on scene.,101,us,,,,,,,
A-792,2.0,OH,City 42,County 12,Highway 92,2016-02-08 07:39:07,Accident reported on Highway 92 causing major traffic backup for 3 miles (case 792). Police on scene.,101,us,,,,,,,
A-327,2.0,OH,City 27,County 7,Highway 27,2016-02-08 07:39:07,Accident reported on Highway 27 causing major traffic backup for 3 miles (case 327). Police on scene.,101,us,,,,,,,
A-54,2.0,OH,City 4,County 14,Highway 54,2016-02-08 07:39:07,Accident reported on Highway 54 causing major traffic backup for 5 miles (case 54). Police on scene.,100,us,,,,,,,
A-718,2.0,OH,City 18,County 18,Highway 18,2016-02-08 07:39:07,Accident reported on Highway 18 causing major traffic backup for 4 miles (case 718). Police on scene.,101,us,,,,,,,
A-4489,2.0,OH,City 39,County 9,Highway 89,2016-02-08 07:39:07,Accident reported on Highway 89 causing major traffic backup for 5 miles (case 4489). Police on scene.,102,us,,,,,,,
A-2844,2.0,OH,City 44,County 4,Highway 44,2016-02-08 07:39:07,Accident reported on Highway 44 causing major traffic backup for 5 miles (case 2844). Police on scene.,102,us,,,,,,,
A-2450,2.0,OH,City 0,County 10,Highway 50,2016-02-08 07:39:07,Accident reported on Highway 50 causing major traffic backup for 1 miles (case 2450). Police on scene.,102,us,,,,,,,
A-4813,2.0,OH,City 13,County 13,Highway 13,2016-02-08 07:39:07,Accident reported on Highway 13 causing major traffic backup for 4 miles (case 4813). Police on scene.,102,us,,,,,,,
A-4420,2.0,OH,City 20,County 0,Highway 20,2016-02-08 07:39:07,Accident reported on Highway 20 causing major traffic backup for 1 miles (case 4420). Police on scene.,102,us,,,,,,,
A-4596,2.0,OH,City 46,County 16,Highway 96,2016-02-08 07:39:07,Accident reported on Highway 96 causing major traffic backup for 2 miles (case 4596). Police on scene.,102,us,,,,,,,
A-4693,2.0,OH,City 43,County 13,Highway 93,2016-02-08 07:39:07,Accident reported on Highway 93 causing major traffic backup for 4 miles (case 4693). Police on scene.,102,us,,,,,,,
A-2670,2.0,OH,City 20,County 10,Highway 70,2016-02-08 07:39:07,Accident reported on Highway 70 causing major traffic backup for 1 miles (case 2670). Police on scene.,102,us,,,,,,,
A-410,2.0,OH,City 10,County 10,Highway 10,2016-02-08 07:39:07,Accident reported on Highway 10 causing major traffic backup for 1 miles (case 410). Police on scene.,101,us,,,,,,,
A-3357,2.0,OH,City 7,County 17,Highway 57,2016-02-08 07:39:07,Accident reported on Highway 57 causing major traffic backup for 3 miles (case 3357). Police on scene.,102,us,,,,,,,
A-1008,2.0,OH,City 8,County 8,Highway 8,2016-02-08 07:39:07,Accident reported on Highway 8 causing major traffic backup for 4 miles (case 1008). Police on scene.,101,us,,,,,,,
A-4838,2.0,OH,City 38,County 18,Highway 38,2016-02-08 07:39:07,Accident reported on Highway 38 causing major traffic backup for 4 miles (case 4838). Police on scene.,102,us,,,,,,,
A-894,2.0,OH,City 44,County 14,Highway 94,2016-02-08 07:39:07,Accident reported on Highway 94 causing major traffic backup for 5 miles (case 894). Police on scene.,101,us,,,,,,,
A-2415,2.0,OH,City 15,County 15,Highway 15,2016-02-08 07:39:07,Accident reported on Highway 15 causing major traffic backup for 1 miles (case 2415). Police on scene.,102,us,,,,,,,
A-2549,2.0,OH,City 49,County 9,Highway 49,2016-02-08 07:39:07,Accident reported on Highway 49 causing major traffic backup for 5 miles (case 2549). Police on scene.,102,us,,,,,,,
A-3629,2.0,OH,City 29,County 9,Highway 29,2016-02-08 07:39:07,Accident reported on Highway 29 causing major traffic backup for 5 miles (case 3629). Police on scene.,102,us,,,,,,,
A-2394,2.0,OH,City 44,County 14,Highway 94,2016-02-08 07:39:07,Accident reported on Highway 94 causing major traffic backup for 5 miles (case 2394). Police on scene.,102,us,,,,,,,
A-3937,2.0,OH,City 37,County 17,Highway 37,2016-02-08 07:39:07,Accident reported on Highway 37 causing major traffic backup for 3 miles (case 3937). Police on scene.,102,us,,,,,,,
A-46,2.0,OH,City 46,County 6,Highway 46,2016-02-08 07:39:07,Accident reported on Highway 46 causing major traffic backup for 2 miles (case 46). Police on scene.,100,us,,,,,,,
A-2834,2.0,OH,City 34,County 14,Highway 34,2016-02-08 07:39:07,Accident reported on Highway 34 causing major traffic backup for 5 miles (case 2834). Police on scene.,102,us,,,,,,,
A-4982,2.0,OH,City 32,County 2,Highway 82,2016-02-08 07:39:07,Accident reported on Highway 82 causing major traffic backup for 3 miles (case 4982). Police on scene.,102,us,,,,,,,
A-307,2.0,OH,City 7,County 7,Highway 7,2016-02-08 07:39:07,Accident reported on Highway 7 causing major traffic backup for 3 miles (case 307). Police on scene.,100,us,,,,,,,
A-4514,2.0,OH,City 14,County 14,Highway 14,2016-02-08 07:39:07,Accident reported on Highway 14 causing major traffic backup for 5 miles (case 4514). Police on scene.,102,us,,,,,,,
A-3744,2.0,OH,City 44,County 4,Highway 44,2016-02-08 07:39:07,Accident reported on Highway 44 causing major traffic backup for 5 miles (case 3744). Police on scene.,102,us,,,,,,,
A-668,2.0,OH,City 18,County 8,Highway 68,2016-02-08 07:39:07,Accident reported on Highway 68 causing major traffic backup for 4 miles (case 668). Police on scene.,101,us,,,,,,,
A-1181,2.0,OH,City 31,County 1,Highway 81,2016-02-08 07:39:07,Accident reported on Highway 81 causing major traffic backup for 2 miles (case 1181). Police on scene.,102,us,,,,,,,
A-2680,2.0,OH,City 30,County 0,Highway 80,2016-02-08 07:39:07,Accident reported on Highway 80 causing major traffic backup for 1 miles (case 2680). Police on scene.,102,us,,,,,,,
A-1951,2.0,OH,City 1,County 11,Highway 51,2016-02-08 07:39:07,Accident reported on Highway 51 causing major traffic backup for 2 miles (case 1951). Police on scene.,102,us,,,,,,,
A-2505,2.0,OH,City 5,County 5,Highway 5,2016-02-08 07:39:07,Accident reported on Highway 5 causing major traffic backup for 1 miles (case 2505). Police on scene.,101,us,,,,,,,
A-1477,2.0,OH,City 27,County 17,Highway 77,2016-02-08 07:39:07,Accident reported on Highway 77 causing major traffic backup for 3 miles (case 1477). Police on scene.,102,us,,,,,,,
A-3481,2.0,OH,City 31,County 1,Highway 81,2016-02-08 07:39:07,Accident reported on Highway 81 causing major traffic backup for 2 miles (case 3481). Police on scene.,102,us,,,,,,,
A-4277,2.0,OH,City 27,County 17,Highway 77,2016-02-08 07:39:07,Accident reported on Highway 77 causing major traffic backup for 3 miles (case 4277). Police on scene.,102,us,,,,,,,
A-2136,2.0,OH,City 36,County 16,Highway 36,2016-02-08 07:39:07,Accident reported on Highway 36 causing major traffic backup for 2 miles (case 2136). Police on scene.,102,us,,,,,,,
A-1030,2.0,OH,City 30,County 10,Highway 30,2016-02-08 07:39:07,Accident reported on Highway 30 causing major traffic backup for 1 miles (case 1030). Police on scene.,102,us,,,,,,,
A-965,2.0,OH,City 15,County 5,Highway 65,2016-02-08 07:39:07,Accident reported on Highway 65 causing major traffic backup for 1 miles (case 965). Police on scene.,101,us,,,,,,,
A-2893,2.0,OH,City 43,County 13,Highway 93,2016-02-08 07:39:07,Accident reported on Highway 93 causing major traffic backup for 4 miles (case 2893). Police on scene.,102,us,,,,,,,
A-3132,2.0,OH,City 32,County 12,Highway 32,2016-02-08 07:39:07,Accident reported on Highway 32 causing major traffic backup for 3 miles (case 3132). Police on scene.,102,us,,,,,,,
A-2013,2.0,OH,City 13,County 13,Highway 13,2016-02-08 07:39:07,Accident reported on Highway 13 causing major traffic backup for 4 miles (case 2013). Police on scene.,102,us,,,,,,,
A-2153,2.0,OH,City 3,County 13,Highway 53,2016-02-08 07:39:07,Accident reported on Highway 53 causing major traffic backup for 4 miles (case 2153). Police on scene.,102,us,,,,,,,
A-3321,2.0,OH,City 21,County 1,Highway 21,2016-02-08 07:39:07,Accident reported on Highway 21 causing major traffic backup for 2 miles (case 3321). Police on scene.,102,us,,,,,,,
A-2342,2.0,OH,City 42,County 2,Highway 42,2016-02-08 07:39:07,Accident reported on Highway 42 causing major traffic backup for 3 miles (case 2342). Police on scene.,102,us,,,,,,,
A-3885,2.0,OH,City 35,County 5,Highway 85,2016-02-08 07:39:07,Accident reported on Highway 85 causing major traffic backup for 1 miles (case 3885). Police on scene.,102,us,,,,,,,
A-308,2.0,OH,City 8,County 8,Highway 8,2016-02-08 07:39:07,Accident reported on Highway 8 causing major traffic backup for 4 miles (case 308). Police on scene.,100,us,,,,,,,
A-1444,2.0,OH,City 44,County 4,Highway 44,2016-02-08 07:39:07,Accident reported on Highway 44 causing major traffic backup for 5 miles (case 1444). Police on scene.,102,us,,,,,,,
A-1500,2.0,OH,City 0,County 0,Highway 0,2016-02-08 07:39:07,Accident reported on Highway 0 causing major traffic backup for 1 miles (case 1500). Police on scene.,101,us,,,,,,,
A-2656,2.0,OH,City 6,County 16,Highway 56,2016-02-08 07:39:07,Accident reported on Highway 56 causing major traffic backup for 2 miles (case 2656). Police on scene.,102,us,,,,,,,
A-2879,2.0,OH,City 29,County 19,Highway 79,2016-02-08 07:39:07,Accident reported on Highway 79 causing major traffic backup for 5 miles (case 2879). Police on scene.,102,us,,,,,,,
A-920,2.0,OH,City 20,County 0,Highway 20,2016-02-08 07:39:07,Accident reported on Highway 20 causing major traffic backup for 1 miles (case 920). Police on scene.,101,us,,,,,,,
A-4183,2.0,OH,City 33,County 3,Highway 83,2016-02-08 07:39:07,Accident reported on Highway 83 causing major traffic backup for 4 miles (case 4183). Police on scene.,102,us,,,,,,,
A-3994,2.0,OH,City 44,County 14,Highway 94,2016-02-08 07:39:07,Accident reported on Highway 94 causing major traffic backup for 5 miles (case 3994). Police on scene.,102,us,,,,,,,
A-2776,2.0,OH,City 26,County 16,Highway 76,2016-02-08 07:39:07,Accident reported on Highway 76 causing major traffic backup for 2 miles (case 2776). Police on scene.,102,us,,,,,,,
A-1628,2.0,OH,City 28,County 8,Highway 28,2016-02-08 07:39:07,Accident reported on Highway 28 causing major traffic backup for 4 miles (case 1628). Police on scene.,102,us,,,,,,,
A-3834,2.0,OH,City 34,County 14,Highway 34,2016-02-08 07:39:07,Accident reported on Highway 34 causing major traffic backup for 5 miles (case 3834). Police on scene.,102,us,,,,,,,
A-825,2.0,OH,City 25,County 5,Highway 25,2016-02-08 07:39:07,Accident reported on Highway 25 causing major traffic backup for 1 miles (case 825). Police on scene.,101,us,,,,,,,
A-3442,2.0,OH,City 42,County 2,Highway 42,2016-02-08 07:39:07,Accident reported on Highway 42 causing major traffic backup for 3 miles (case 3442). Police on scene.,102,us,,,,,,,
A-1358,2.0,OH,City 8,County 18,Highway 58,2016-02-08 07:39:07,Accident reported on Highway 58 causing major traffic backup for 4 miles (case 1358). Police on scene.,102,us,,,,,,,
A-4498,2.0,OH,City 48,County 18,Highway 98,2016-02-08 07:39:07,Accident reported on Highway 98 causing major traffic backup for 4 miles (case 4498). Police on scene.,102,us,,,,,,,
A-854,2.0,OH,City 4,County 14,Highway 54,2016-02-08 07:39:07,Accident reported on Highway 54 causing major traffic backup for 5 miles (case 854). Police on scene.,101,us,,,,,,,
A-1004,2.0,OH,City 4,County 4,Highway 4,2016-02-08 07:39:07,Accident reported on Highway 4 causing major traffic backup for 5 miles (case 1004). Police on scene.,101,us,,,,,,,
A-3375,2.0,OH,City 25,County 15,Highway 75,2016-02-08 07:39:07,Accident reported on Highway 75 causing major traffic backup for 1 miles (case 3375). Police on scene.,102,us,,,,,,,
A-22,2.0,OH,City 22,County 2,Highway 22,2016-02-08 07:39:07,Accident reported on Highway 22 causing major traffic backup for 3 miles (case 22). Police on scene.,100,us,,,,,,,
A-1641,2.0,OH,City 41,County 1,Highway 41,2016-02-08 07:39:07,Accident reported on Highway 41 causing major traffic backup for 2 miles (case 1641). Police on scene.,102,us,,,,,,,
A-1671,2.0,OH,City 21,County 11,Highway 71,2016-02-08 07:39:07,Accident reported on Highway 71 causing major traffic backup for 2 miles (case 1671). Police on scene.,102,us,,,,,,,
A-497,2.0,OH,City 47,County 17,Highway 97,2016-02-08 07:39:07,Accident reported on Highway 97 causing major traffic backup for 3 miles (case 497). Police on scene.,101,us,,,,,,,
A-1351,2.0,OH,City 1,County 11,Highway 51,2016-02-08 07:39:07,Accident reported on Highway 51 causing major traffic backup for 2 miles (case 1351). Police on scene.,102,us,,,,,,,
A-3725,2.0,OH,City 25,County 5,Highway 25,2016-02-08 07:39:07,Accident reported on Highway 25 causing major traffic backup for 1 miles (case 3725). Police on scene.,102,us,,,,,,,
A-3253,2.0,OH,City 3,County 13,Highway 53,2016-02-08 07:39:07,Accident reported on Highway 53 causing major traffic backup for 4 miles (case 3253). Police on scene.,102,us,,,,,,,
A-3730,2.0,OH,City 30,County 10,Highway 30,2016-02-08 07:39:07,Accident reported on Highway 30 causing major traffic backup for 1 miles (case 3730). Police on scene.,102,us,,,,,,,
A-3479,2.0,OH,City 29,County 19,Highway 79,2016-02-08 07:39:07,Accident reported on Highway 79 causing major traffic backup for 5 miles (case 3479). Police on scene.,102,us,,,,,,,
A-691,2.0,OH,City 41,County 11,Highway 91,2016-02-08 07:39:07,Accident reported on Highway 91 causing major traffic backup for 2 miles (case 691). Police on scene.,101,us,,,,,,,
A-3728,2.0,OH,City 28,County 8,Highway 28,2016-02-08 07:39:07,Accident reported on Highway 28 causing major traffic backup for 4 miles (case 3728). Police on scene.,102,us,,,,,,,
A-1612,2.0,OH,City 12,County 12,Highway 12,2016-02-08 07:39:07,Accident reported on Highway 12 causing major traffic backup for 3 miles (case 1612). Police on scene.,102,us,,,,,,,
A-4081,2.0,OH,City 31,County 1,Highway 81,2016-02-08 07:39:07,Accident reported on Highway 81 causing major traffic backup for 2 miles (case 4081). Police on scene.,102,us,,,,,,,
A-3400,2.0,OH,City 0,County 0,Highway 0,2016-02-08 07:39:07,Accident reported on Highway 0 causing major traffic backup for 1 miles (case 3400). Police on scene.,101,us,,,,,,,
A-1013,2.0,OH,City 13,County 13,Highway 13,2016-02-08 07:39:07,Accident reported on Highway 13 causing major traffic backup for 4 miles (case 1013). Police on scene.,102,us,,,,,,,
A-2412,2.0,OH,City 12,County 12,Highway 12,2016-02-08 07:39:07,Accident reported on Highway 12 causing major traffic backup for 3 miles (case 2412). Police on scene.,102,us,,,,,,,
A-1096,2.0,OH,City 46,County 16,Highway 96,2016-02-08 07:39:07,Accident reported on Highway 96 causing major traffic backup for 2 miles (case 1096). Police on scene.,102,us,,,,,,,
A-1331,2.0,OH,City 31,County 11,Highway 31,2016-02-08 07:39:07,Accident reported on Highway 31 causing major traffic backup for 2 miles (case 1331). Police on scene.,102,us,,,,,,,
A-1681,2.0,OH,City 31,County 1,Highway 81,2016-02-08 07:39:07,Accident reported on Highway 81 causing major traffic backup for 2 miles (case 1681). Police on scene.,102,us,,,,,,,
A-2003,2.0,OH,City 3,County 3,Highway 3,2016-02-08 07:39:07,Accident reported on Highway 3 causing major traffic backup for 4 miles (case 2003). Police on scene.,101,us,,,,,,,
A-1314,2.0,OH,City 14,County 14,Highway 14,2016-02-08 07:39:07,Accident reported on Highway 14 causing major traffic backup for 5 miles (case 1314). Police on scene.,102,us,,,,,,,
A-3256,2.0,OH,City 6,County 16,Highway 56,2016-02-08 07:39:07,Accident reported on Highway 56 causing major traffic backup for 2 miles (case 3256). Police on scene.,102,us,,,,,,,
A-1991,2.0,OH,City 41,County 11,Highway 91,2016-02-08 07:39:07,Accident reported on Highway 91 causing major traffic backup for 2 miles (case 1991). Police on scene.,102,us,,,,,,,
A-3726,2.0,OH,City 26,County 6,Highway 26,2016-02-08 07:39:07,Accident reported on Highway 26 causing major traffic backup for 2 miles (case 3726). Police on scene.,102,us,,,,,,,
A-348,2.0,OH,City 48,County 8,Highway 48,2016-02-08 07:39:07,Accident reported on Highway 48 causing major traffic backup for 4 miles (case 348). Police on scene.,101,us,,,,,,,
A-4187,2.0,OH,City 37,County 7,Highway 87,2016-02-08 07:39:07,Accident reported on Highway 87 causing major traffic backup for 3 miles (case 4187). Police on scene.,102,us,,,,,,,
A-990,2.0,OH,City 40,County 10,Highway 90,2016-02-08 07:39:07,Accident reported on Highway 90 causing major traffic backup for 1 miles (case 990). Police on scene.,101,us,,,,,,,
A-3848,2.0,OH,City 48,County 8,Highway 48,2016-02-08 07:39:07,Accident reported on Highway 48 causing major traffic backup for 4 miles (case 3848). Police on scene.,102,us,,,,,,,
A-3804,2.0,OH,City 4,County 4,Highway 4,2016-02-08 07:39:07,Accident reported on Highway 4 causing major traffic backup for 5 miles (case 3804). Police on scene.,101,us,,,,,,,
A-4313,2.0,OH,City 13,County 13,Highway 13,2016-02-08 07:39:07,Accident reported on Highway 13 causing major traffic backup for 4 miles (case 4313). Police on scene.,102,us,,,,,,,
A-3999,2.0,OH,City 49,County 19,Highway 99,2016-02-08 07:39:07,Accident reported on Highway 99 causing major traffic backup for 5 miles (case 3999). Police on scene.,102,us,,,,,,,
A-3089,2.0,OH,City 39,County 9,Highway 89,2016-02-08 07:39:07,Accident reported on Highway 89 causing major traffic backup for 5 miles (case 3089). Police on scene.,102,us,,,,,,,
A-1,3.0,OH,Dayton,Montgomery,I-70 E,2016-02-08 05:46:00,Right lane blocked due to accident on I-70 Eastbound at Exit 41 OH-235 State Route 235.,87,us,,,,,,,
,,,,,,,"A rear-end collision was recorded in Business Bay, Dubai, on Sheikh Zayed Road at 2026-02-14 18:10. The event involved 3 vehicle(s) and was categorized as high severity under clear. Responders reported minor injuries with two lanes blocked, resulting in heavy corridor congestion.",280,gcc,dubai_pulse_incidents,Dubai Pulse Traffic Incidents,https://www.dubaipulse.gov.ae/data/dp-traffic/dp_traffic_incidents-open,United Arab Emirates,Dubai,Business Bay,Sheikh Zayed Road
,,,,,,,"A multi-vehicle crash was recorded in Al Barsha, Dubai, on Hessa Street at 2026-02-18 08:25. The event involved 4 vehicle(s) and was categorized as medium severity under hazy. Responders reported no major injuries with one lane blocked, resulting in slow eastbound movement.",274,gcc,dubai_pulse_incidents,Dubai Pulse Traffic Incidents,https://www.dubaipulse.gov.ae/data/dp-traffic/dp_traffic_incidents-open,United Arab Emirates,Dubai,Al Barsha,Hessa Street
,,,,,,,"A vehicle breakdown was recorded in Deira, Dubai, on Al Ittihad Road at 2026-02-19 21:05. The event involved 1 vehicle(s) and was categorized as low severity under clear. Responders reported unknown injuries with shoulder occupied, resulting in localized delays.",262,gcc,dubai_pulse_incidents,Dubai Pulse Traffic Incidents,https://www.dubaipulse.gov.ae/data/dp-traffic/dp_traffic_incidents-open,United Arab Emirates,Dubai,Deira,Al Ittihad Road
,,,,,,,"A side-impact collision was recorded in Downtown Dubai, Dubai, on Financial Centre Road at 2026-02-20 17:40. The event involved 2 vehicle(s) and was categorized as high severity under clear. Responders reported moderate injuries with intersection partially closed, resulting in signalized junction delays.",305,gcc,dubai_pulse_incidents,Dubai Pulse Traffic Incidents,https://www.dubaipulse.gov.ae/data/dp-traffic/dp_traffic_incidents-open,United Arab Emirates,Dubai,Downtown Dubai,Financial Centre Road
,,,,,,,"A truck rollover was recorded in Jebel Ali, Dubai, on Sheikh Mohammed Bin Zayed Road at 2026-02-22 06:50. The event involved 1 vehicle(s) and was categorized as critical severity under windy. Responders reported serious injuries with three lanes blocked, resulting in major freight disruption.",293,gcc,dubai_pulse_incidents,Dubai Pulse Traffic Incidents,https://www.dubaipulse.gov.ae/data/dp-traffic/dp_traffic_incidents-open,United Arab Emirates,Dubai,Jebel Ali,Sheikh Mohammed Bin Zayed Road
,,,,,,,"A pedestrian collision was recorded in Al Qusais, Dubai, on Beirut Street at 2026-02-23 07:55. The event involved 1 vehicle(s) and was categorized as high severity under clear. Responders reported pedestrian injured with one lane blocked, resulting in school commute slowdown.",276,gcc,dubai_pulse_incidents,Dubai Pulse Traffic Incidents,https://www.dubaipulse.gov.ae/data/dp-traffic/dp_traffic_incidents-open,United Arab Emirates,Dubai,Al Qusais,Beirut Street
,,,,,,,"A rear-end collision was recorded in Al Nahda, Sharjah, on Al Ittihad Road at 2026-02-11 09:10. The event involved 2 vehicle(s) and was categorized as medium severity under clear. Responders reported minor injuries with one lane blocked, resulting in delays toward dubai border.",278,gcc,uae_federal_traffic_stats,UAE Federal Traffic Statistics,https://uaestat.fcsc.gov.ae/vis?df%5Bag%5D=FCSA&df%5Bds%5D=FCSC-RDS&df%5Bid%5D=DF_TRA_TYPE&df%5Bvs%5D=3.0.0,United Arab Emirates,Sharjah,Al Nahda,Al Ittihad Road
,,,,,,,"A intersection crash was recorded in Al Jurf, Ajman, on Sheikh Ammar Bin Humaid Street at 2026-02-12 13:35. The event involved 2 vehicle(s) and was categorized as high severity under clear. Responders reported moderate injuries with intersection partially closed, resulting in signal cycle delays.",297,gcc,uae_federal_traffic_stats,UAE Federal Traffic Statistics,https://uaestat.fcsc.gov.ae/vis?df%5Bag%5D=FCSA&df%5Bds%5D=FCSC-RDS&df%5Bid%5D=DF_TRA_TYPE&df%5Bvs%5D=3.0.0,United Arab Emirates,Ajman,Al Jurf,Sheikh Ammar Bin Humaid Street
,,,,,,,"A single-vehicle rollover was recorded in Al Dhait, Ras Al Khaimah, on Emirates Road at 2026-02-13 22:15. The event involved 1 vehicle(s) and was categorized as high severity under foggy. Responders reported serious injuries with one lane blocked, resulting in nighttime queue formation.",287,gcc,uae_federal_traffic_stats,UAE Federal Traffic Statistics,https://uaestat.fcsc.gov.ae/vis?df%5Bag%5D=FCSA&df%5Bds%5D=FCSC-RDS&df%5Bid%5D=DF_TRA_TYPE&df%5Bvs%5D=3.0.0,United Arab Emirates,Ras Al Khaimah,Al Dhait,Emirates Road
,,,,,,,"A multi-vehicle crash was recorded in City Centre, Fujairah, on Hamad Bin Abdullah Road at 2026-02-14 17:05. The event involved 3 vehicle(s) and was categorized as medium severity under clear. Responders reported minor injuries with two lanes blocked, resulting in urban center congestion.",289,gcc,uae_federal_traffic_stats,UAE Federal Traffic Statistics,https://uaestat.fcsc.gov.ae/vis?df%5Bag%5D=FCSA&df%5Bds%5D=FCSC-RDS&df%5Bid%5D=DF_TRA_TYPE&df%5Bvs%5D=3.0.0,United Arab Emirates,Fujairah,City Centre,Hamad Bin Abdullah Road
,,,,,,,"A rear-end collision was recorded in Khalifa City, Abu Dhabi, on Abu Dhabi-Al Ain Road at 2026-02-16 07:35. The event involved 2 vehicle(s) and was categorized as medium severity under clear. Responders reported minor injuries with one lane blocked, resulting in peak-hour slowdown.",282,gcc,abu_dhabi_open_data,Abu Dhabi Open Data,https://data.abudhabi/opendata/dataset,United Arab Emirates,Abu Dhabi,Khalifa City,Abu Dhabi-Al Ain Road
,,,,,,,"A vehicle fire was recorded in Mussafah, Abu Dhabi, on Airport Road at 2026-02-17 19:20. The event involved 1 vehicle(s) and was categorized as high severity under clear. Responders reported no reported injuries with two lanes blocked, resulting in diversion toward industrial roads.",283,gcc,abu_dhabi_open_data,Abu Dhabi Open Data,https://data.abudhabi/opendata/dataset,United Arab Emirates,Abu Dhabi,Mussafah,Airport Road
,,,,,,,"A chain collision was recorded in Yas Island, Abu Dhabi, on Yas Drive at 2026-02-19 15:05. The event involved 5 vehicle(s) and was categorized as high severity under dusty. Responders reported moderate injuries with two lanes blocked, resulting in leisure district congestion.",276,gcc,abu_dhabi_open_data,Abu Dhabi Open Data,https://data.abudhabi/opendata/dataset,United Arab Emirates,Abu Dhabi,Yas Island,Yas Drive
,,,,,,,"A bus breakdown was recorded in Al Reem Island, Abu Dhabi, on Al Rayfah Street at 2026-02-21 08:40. The event involved 1 vehicle(s) and was categorized as low severity under clear. Responders reported unknown injuries with bus bay occupied, resulting in short transit delay.",274,gcc,abu_dhabi_open_data,Abu Dhabi Open Data,https://data.abudhabi/opendata/dataset,United Arab Emirates,Abu Dhabi,Al Reem Island,Al Rayfah Street
